instrument_id,name,industry,snapshot_industry,close,change_pct,close_position,volume_multiple,turnover_pct,float_cap_100m,amount_100m,breakout_distance_pct,prior14_high,day_high,day_low,five_day_return_pct,ma5,last_event,last_event_age,last_event_multiple,anchor_date,anchor_low,anchor_margin_pct,events,reset_count,min_post_anchor_close,contraction_days,current_vs_anchor_close_pct,sector_positive_ratio,sector_peer_count,screen_rank,research_score,score_components
001288.SZ,运机集团,专用设备,能源及重型设备,30.65,8.495575221238937,0.875,3.353946435702495,6.0931,46.5490745,2.7907561182,-0.7448186528497436,30.88,31.08,27.64,2.268935602268929,29.248,2026-09-16,0,3.353946435702495,2026-09-16,27.64,10.890014471780018,1,0,,0,0.0,0.8064516129032258,62,5,92.07228814975764,"{'close_strength': 13.125, 'breakout_proximity': 10.882772020725385, 'recent_signal': 10.0, 'price_momentum': 10, 'active_volume': 10, 'industry_breadth': 8.064516129032258, 'turnover': 10, 'float_cap': 10, 'liquidity': 5, 'controlled_5d_move': 5}"
603558.SH,健盛集团,服装家纺,棉纺,13.05,4.316546762589946,0.8947368421052636,2.7656501356560335,2.4463,44.714259,1.06799552,3.1620553359683834,12.65,13.15,12.2,6.879606879606914,12.434000000000001,2026-09-16,0,2.7656501356560335,2026-09-16,12.2,6.9672131147541005,1,0,,0,0.0,0.875,8,13,91.85628603589552,"{'close_strength': 13.421052631578954, 'breakout_proximity': 15, 'recent_signal': 10.0, 'price_momentum': 8.860911270983243, 'active_volume': 10, 'industry_breadth': 8.75, 'turnover': 8.154333333333334, 'float_cap': 10, 'liquidity': 2.6699888, 'controlled_5d_move': 5}"
002623.SZ,亚玛顿,光伏设备,光伏辅材,16.76,3.584672435105074,0.8198198198198207,3.407254105567348,7.4816,32.28581035999999,2.3713938334,0.1793185893604443,16.73,16.96,15.85,3.9057656540607777,16.316,2026-09-16,0,3.407254105567348,2026-09-16,15.85,5.74132492113566,1,0,,0,0.0,0.85,20,4,90.7073959065131,"{'close_strength': 12.29729729729731, 'breakout_proximity': 12.268977884040668, 'recent_signal': 10.0, 'price_momentum': 7.641120725175123, 'active_volume': 10, 'industry_breadth': 8.5, 'turnover': 10, 'float_cap': 10, 'liquidity': 5, 'controlled_5d_move': 5}"
002935.SZ,天奥电子,军工电子,军工电子Ⅲ,16.19,6.794195250659629,0.8503937007874033,2.644003163350038,1.9657,67.20321671,1.2926074227,0.18564356435644136,16.16,16.38,15.11,2.209595959595978,15.598,2026-09-16,0,2.644003163350038,2026-09-16,15.11,7.147584381204508,1,0,,0,0.0,0.9672131147540983,61,16,88.80222522757003,"{'close_strength': 12.755905511811049, 'breakout_proximity': 12.278465346534663, 'recent_signal': 10.0, 'price_momentum': 10, 'active_volume': 10, 'industry_breadth': 9.672131147540984, 'turnover': 6.552333333333333, 'float_cap': 9.3118713316, 'liquidity': 3.2315185567499998, 'controlled_5d_move': 5}"
603010.SH,万盛股份,化学制品,其他化学制品,12.29,4.774083546462049,0.7249999999999989,2.427024929130455,3.0556,70.14865307,2.13502063,-1.205787781350487,12.44,12.51,11.71,6.222990492653424,11.764,2026-09-16,0,2.427024929130455,2026-09-16,11.71,4.953031596925683,1,0,,0,0.0,0.9156626506024096,83,20,88.67559593428737,"{'close_strength': 10.874999999999982, 'breakout_proximity': 10.191318327974269, 'recent_signal': 10.0, 'price_momentum': 9.623472577436749, 'active_volume': 9.635124645652276, 'industry_breadth': 9.156626506024097, 'turnover': 10, 'float_cap': 9.1940538772, 'liquidity': 5, 'controlled_5d_move': 5}"
001211.SZ,双枪科技,家居用品,其他家居用品,24.23,8.508732646663697,0.8647540983606563,2.836409339725973,7.5418,22.61630623,1.6750980755999998,-3.46613545816733,25.1,24.56,22.12,-1.7437145174371338,23.266,2026-09-16,0,2.836409339725973,2026-09-16,22.12,9.5388788426763,1,0,,0,0.0,0.7083333333333334,24,11,86.04318681049219,"{'close_strength': 12.971311475409845, 'breakout_proximity': 6.800796812749006, 'recent_signal': 10.0, 'price_momentum': 10, 'active_volume': 10, 'industry_breadth': 7.083333333333334, 'turnover': 10, 'float_cap': 10, 'liquidity': 4.187745188999999, 'controlled_5d_move': 5}"
002745.SZ,木林森,光学光电子,LED,12.38,4.384485666104565,0.8970588235294139,1.2612210122978411,7.0544,130.83028012000003,9.1278730969,2.823920265780755,12.04,12.45,11.77,9.55752212389378,11.678,2026-09-14,2,2.330090419729513,2026-09-14,10.82,14.417744916820707,1,0,11.86,2,3.8590604026845776,0.9310344827586207,29,74,84.4561209569147,"{'close_strength': 13.45588235294121, 'breakout_proximity': 15, 'recent_signal': 7.142857142857143, 'price_momentum': 8.974142776840942, 'active_volume': 3.8061050614892054, 'industry_breadth': 9.310344827586206, 'turnover': 10, 'float_cap': 6.766788795199999, 'liquidity': 5, 'controlled_5d_move': 5}"
603507.SH,振江股份,风电设备,风电零部件,23.55,3.8817820908689793,0.9083969465648849,3.220066464954446,7.3473,55.6495449,4.01348505,-3.046521202140795,24.29,23.67,22.36,5.274921770228014,22.496000000000002,2026-09-16,0,3.220066464954446,2026-09-15,21.6,9.027777777777768,2,0,23.55,0,3.8817820908689793,0.5185185185185185,27,8,84.1516792692289,"{'close_strength': 13.625954198473273, 'breakout_proximity': 7.4302181967888075, 'recent_signal': 10.0, 'price_momentum': 8.136303484781632, 'active_volume': 10, 'industry_breadth': 5.185185185185185, 'turnover': 10, 'float_cap': 9.774018204, 'liquidity': 5, 'controlled_5d_move': 5}"
001358.SZ,兴欣新材,化学制品,其他化学制品,24.54,6.279774794283233,0.8235294117647061,3.335884858061064,8.3063,12.50958402,1.0281725092,-5.3240740740740815,25.92,24.9,22.86,2.59197324414715,23.38,2026-09-16,0,3.335884858061064,2026-09-16,22.86,7.349081364829391,1,0,,0,0.0,0.9156626506024096,83,6,83.09388784438356,"{'close_strength': 12.35294117647059, 'breakout_proximity': 4.013888888888878, 'recent_signal': 10.0, 'price_momentum': 10, 'active_volume': 10, 'industry_breadth': 9.156626506024097, 'turnover': 10, 'float_cap': 10, 'liquidity': 2.570431273, 'controlled_5d_move': 5}"
002973.SZ,侨银股份,环境治理,固废治理,13.3,6.314948041566759,0.9240506329113939,0.9579845763540162,4.2533,42.2478623,1.77061186,0.9104704097116834,13.18,13.36,12.57,4.395604395604424,12.542,2026-09-11,3,2.1374281358787046,2026-09-11,11.3,17.699115044247794,1,0,12.45,3,4.313725490196085,0.8285714285714286,35,113,82.94291764000852,"{'close_strength': 13.860759493670908, 'breakout_proximity': 13.365705614567526, 'recent_signal': 5.7142857142857135, 'price_momentum': 10, 'active_volume': 2.289922881770081, 'industry_breadth': 8.285714285714286, 'turnover': 10, 'float_cap': 10, 'liquidity': 4.42652965, 'controlled_5d_move': 5}"
600360.SH,华微电子,半导体,分立器件,11.08,2.4976873265494914,0.8095238095238104,1.4756047786292696,10.4272,106.40071924,10.86814797,0.9107468123861429,10.98,11.2,10.57,11.919191919191952,10.444,2026-09-15,1,2.3001146141991273,2026-09-11,9.49,16.75447839831401,2,0,10.2,1,8.308895405669592,1.0,18,44,82.24707993399377,"{'close_strength': 12.142857142857157, 'breakout_proximity': 13.366120218579216, 'recent_signal': 8.571428571428573, 'price_momentum': 5.829478877582486, 'active_volume': 4.878023893146349, 'industry_breadth': 10.0, 'turnover': 9.715200000000001, 'float_cap': 7.7439712304, 'liquidity': 5, 'controlled_5d_move': 5}"
002640.SZ,跨境通,互联网电商,跨境电商,3.43,5.864197530864201,0.6571428571428578,2.17619743494193,12.2534,53.10537974,6.4819760322,-3.6516853932584192,3.56,3.55,3.2,-1.4367816091954033,3.386,2026-09-16,0,2.17619743494193,2026-09-16,3.2,7.187499999999991,1,0,,0,0.0,0.875,8,26,81.88412008569821,"{'close_strength': 9.857142857142867, 'breakout_proximity': 6.522471910112371, 'recent_signal': 10.0, 'price_momentum': 10, 'active_volume': 8.38098717470965, 'industry_breadth': 8.75, 'turnover': 8.497733333333334, 'float_cap': 9.8757848104, 'liquidity': 5, 'controlled_5d_move': 5}"
605589.SH,圣泉集团,塑料制品,合成树脂,41.48,4.747474747474745,0.7999999999999976,2.279600730157064,6.3535,350.8872012,21.95054331,0.2658931592941727,41.37,41.95,39.6,7.628437986507541,39.34,2026-09-16,0,2.279600730157064,2026-09-16,39.6,4.747474747474745,1,0,,0,0.0,0.8571428571428571,14,25,81.44739654027968,"{'close_strength': 11.999999999999964, 'breakout_proximity': 12.398839738941259, 'recent_signal': 10.0, 'price_momentum': 9.579124579124574, 'active_volume': 8.89800365078532, 'industry_breadth': 8.571428571428571, 'turnover': 10, 'float_cap': 0, 'liquidity': 5, 'controlled_5d_move': 5}"
000561.SZ,烽火电子,军工装备,航空装备Ⅲ,7.95,4.057591623036649,0.423076923076923,3.238016648824778,3.7033,61.7116683,2.3079764587000002,-1.6089108910891103,8.08,8.4,7.62,0.25220680958384367,7.848,2026-09-16,0,3.238016648824778,2026-09-16,7.62,4.330708661417315,1,0,,0,0.0,0.75,48,7,81.39364014924793,"{'close_strength': 6.346153846153845, 'breakout_proximity': 9.586633663366335, 'recent_signal': 10.0, 'price_momentum': 8.429319371727749, 'active_volume': 10, 'industry_breadth': 7.5, 'turnover': 10, 'float_cap': 9.531533268, 'liquidity': 5, 'controlled_5d_move': 5}"
001368.SZ,通达创智,家居用品,娱乐用品,30.59,5.446397793864177,0.9005235602094234,0.9434120790605157,4.166,33.06185554,1.3590863829999997,3.589569928885883,29.53,30.78,28.87,12.339331619537264,28.644000000000002,2026-09-09,5,2.924486267419447,2026-09-08,24.04,27.246256239600662,2,0,27.23,5,19.7729052466719,0.9333333333333333,15,138,81.31310594642012,"{'close_strength': 13.50785340314135, 'breakout_proximity': 15, 'recent_signal': 2.8571428571428568, 'price_momentum': 10, 'active_volume': 2.2170603953025787, 'industry_breadth': 9.333333333333334, 'turnover': 10, 'float_cap': 10, 'liquidity': 3.397715957499999, 'controlled_5d_move': 5}"
603038.SH,华立股份,建筑材料,其他建材,16.46,8.147174770039435,0.8181818181818197,3.028266524175834,4.7587,44.22425066,2.08255098,-10.640608034744847,18.42,16.74,15.2,-2.1403091557669396,15.76,2026-09-16,0,3.028266524175834,2026-09-16,15.2,8.289473684210535,1,0,,0,0.0,0.8823529411764706,17,10,81.096256684492,"{'close_strength': 12.272727272727295, 'breakout_proximity': 0, 'recent_signal': 10.0, 'price_momentum': 10, 'active_volume': 10, 'industry_breadth': 8.823529411764707, 'turnover': 10, 'float_cap': 10, 'liquidity': 5, 'controlled_5d_move': 5}"
002150.SZ,正泰电源,光伏设备,逆变器,20.76,4.8484848484848575,0.8035714285714297,3.0686895052096883,3.7374,74.42553419999999,2.75560807,-9.660574412532629,22.98,20.98,19.86,0.874635568513149,20.224,2026-09-16,0,3.0686895052096883,2026-09-16,19.86,4.531722054380682,1,0,,0,0.0,1.0,10,9,80.8240248080462,"{'close_strength': 12.053571428571445, 'breakout_proximity': 0, 'recent_signal': 10.0, 'price_momentum': 9.747474747474762, 'active_volume': 10, 'industry_breadth': 10.0, 'turnover': 10, 'float_cap': 9.022978632000001, 'liquidity': 5, 'controlled_5d_move': 5}"
002927.SZ,泰永长征,电网设备,配电设备,18.16,2.8312570781426905,0.9175257731958779,1.645872476853332,5.8166,40.08598448,2.293808415,-2.3130715438407723,18.59,18.24,17.27,1.3392857142856984,17.638,2026-09-15,1,2.402977300443928,2026-09-15,17.02,6.698002350176258,1,0,18.16,1,2.8312570781426905,0.7692307692307693,26,41,80.67180639375108,"{'close_strength': 13.762886597938168, 'breakout_proximity': 8.530392684238842, 'recent_signal': 8.571428571428573, 'price_momentum': 6.385428463571151, 'active_volume': 5.7293623842666594, 'industry_breadth': 7.6923076923076925, 'turnover': 10, 'float_cap': 10, 'liquidity': 5, 'controlled_5d_move': 5}"
603686.SH,福龙马,环境治理,综合环境治理,14.35,2.3537803138373725,0.8833333333333327,2.2600460914196847,15.2262,59.6142624,9.0218954,-1.6449623029472282,14.59,14.42,13.82,5.051244509516817,13.552,2026-09-16,0,2.2600460914196847,2026-09-15,12.8,12.109375,2,0,14.35,1,2.3537803138373725,0.7333333333333333,15,3,80.6370503630732,"{'close_strength': 13.249999999999991, 'breakout_proximity': 9.532556545579158, 'recent_signal': 10.0, 'price_momentum': 5.58963385639562, 'active_volume': 8.800230457098424, 'industry_breadth': 7.333333333333333, 'turnover': 6.515866666666667, 'float_cap': 9.615429504, 'liquidity': 5, 'controlled_5d_move': 5}"
002228.SZ,合兴包装,包装印刷,纸包装,3.19,4.590163934426239,0.6956521739130441,2.359189515996341,3.6281,38.57736223,1.3876340247,-4.20420420420421,3.33,3.26,3.03,-2.1472392638036686,3.152,2026-09-16,0,2.359189515996341,2026-09-16,3.03,5.280528052805278,1,0,,0,0.0,0.7272727272727273,22,24,80.48317610755872,"{'close_strength': 10.434782608695661, 'breakout_proximity': 5.693693693693685, 'recent_signal': 10.0, 'price_momentum': 9.316939890710398, 'active_volume': 9.295947579981705, 'industry_breadth': 7.272727272727273, 'turnover': 10, 'float_cap': 10, 'liquidity': 3.4690850617500004, 'controlled_5d_move': 5}"
603120.SH,肯特催化,化学制品,其他化学制品,54.2,5.09986426216793,0.7644539614561038,1.2635125543795058,10.2913,20.5418,2.08327934,1.6122984626921522,53.34,55.3,50.63,2.8462998102466663,50.858000000000004,2026-09-08,6,2.407817572965714,2026-09-08,47.8,13.389121338912148,1,0,49.21,6,7.326732673267333,0.9156626506024096,83,159,80.09381782237284,"{'close_strength': 11.466809421841557, 'breakout_proximity': 14.418447694038228, 'recent_signal': 1.428571428571429, 'price_momentum': 10, 'active_volume': 3.817562771897529, 'industry_breadth': 9.156626506024097, 'turnover': 9.8058, 'float_cap': 10, 'liquidity': 5, 'controlled_5d_move': 5}"
603065.SH,宿迁联盛,化学制品,其他化学制品,14.4,4.956268221574334,0.7383177570093464,2.4434558019757877,8.2158,60.3313344,4.892555,-19.732441471571917,17.94,14.68,13.61,3.225806451612878,13.788,2026-09-16,0,2.4434558019757877,2026-09-16,13.61,5.804555473916251,1,0,,0,0.0,0.9156626506024096,83,17,79.46253219766712,"{'close_strength': 11.074766355140197, 'breakout_proximity': 0, 'recent_signal': 10.0, 'price_momentum': 9.92711370262389, 'active_volume': 9.717279009878938, 'industry_breadth': 9.156626506024097, 'turnover': 10, 'float_cap': 9.586746624, 'liquidity': 5, 'controlled_5d_move': 5}"
002222.SZ,福晶科技,光学光电子,光学元件,68.59,8.083832335329344,0.817365269461078,2.388946264878394,7.6882,321.10525103000003,24.330456025700002,-2.9844413012729887,70.7,69.81,63.13,3.1273492707863504,65.678,2026-09-16,0,2.388946264878394,2026-09-16,63.13,8.64881989545383,1,0,,0,0.0,1.0,26,23,79.22854841439866,"{'close_strength': 12.26047904191617, 'breakout_proximity': 7.523338048090516, 'recent_signal': 10.0, 'price_momentum': 10, 'active_volume': 9.44473132439197, 'industry_breadth': 10.0, 'turnover': 10, 'float_cap': 0, 'liquidity': 5, 'controlled_5d_move': 5}"
000859.SZ,国风新材,塑料制品,膜材料,9.86,2.1761658031087983,0.5643564356435637,2.3803681522020237,13.6269,88.33779088,11.7656605084,-1.2024048096192508,9.98,10.3,9.29,13.725490196078427,9.212,2026-09-16,0,2.3803681522020237,2026-09-15,8.89,10.911136107986486,2,0,9.86,0,2.1761658031087983,0.9523809523809523,21,2,78.92955430835889,"{'close_strength': 8.465346534653456, 'breakout_proximity': 10.196392785571122, 'recent_signal': 10.0, 'price_momentum': 5.293609671847998, 'active_volume': 9.401840761010119, 'industry_breadth': 9.523809523809524, 'turnover': 7.582066666666667, 'float_cap': 8.4664883648, 'liquidity': 5, 'controlled_5d_move': 5}"
603407.SH,长裕集团,小金属,其他小金属,57.88,6.612635844538595,0.7407407407407409,2.779746545260909,24.2839,20.7858656,4.96356228,-2.3946037099494055,59.3,59.28,53.88,7.5636498792045925,53.696,2026-09-16,0,2.779746545260909,2026-09-16,53.88,7.4239049740163265,1,0,,0,0.0,0.875,16,12,78.746605546187,"{'close_strength': 11.111111111111114, 'breakout_proximity': 8.40809443507589, 'recent_signal': 10.0, 'price_momentum': 10, 'active_volume': 10, 'industry_breadth': 8.75, 'turnover': 0.47740000000000055, 'float_cap': 10, 'liquidity': 5, 'controlled_5d_move': 5}"
002876.SZ,三利谱,光学光电子,面板,31.67,1.3440000000000119,0.8425196850393706,1.011263814891799,4.4391,47.16977305,2.0726247759,-0.6275494195167819,31.87,31.87,30.6,10.233205708318849,29.98,2026-09-15,1,2.116923215357577,2026-09-14,28.86,9.736659736659735,2,0,31.25,2,3.5305655442955164,0.9487179487179487,39,31,78.21806494604914,"{'close_strength': 12.637795275590559, 'breakout_proximity': 11.058675870724826, 'recent_signal': 8.571428571428573, 'price_momentum': 3.9066666666666867, 'active_volume': 2.5563190744589948, 'industry_breadth': 9.487179487179487, 'turnover': 10, 'float_cap': 10, 'liquidity': 5, 'controlled_5d_move': 5}"
603236.SH,移远通信,通信设备,通信终端及配件,69.74,4.323111443530303,0.7441077441077423,1.5195081086601236,5.7415,282.70169048,16.19144217,4.120633024783493,66.98,70.5,67.53,14.215525712414024,63.76199999999999,2026-09-15,1,2.5599889777216,2026-09-15,62.69,11.245812729302918,1,0,69.74,1,4.323111443530303,0.8571428571428571,28,40,77.96579863445773,"{'close_strength': 11.161616161616134, 'breakout_proximity': 15, 'recent_signal': 8.571428571428573, 'price_momentum': 8.871852405883839, 'active_volume': 5.097540543300618, 'industry_breadth': 8.571428571428571, 'turnover': 10, 'float_cap': 0.691932380799999, 'liquidity': 5, 'controlled_5d_move': 5}"
603267.SH,鸿远电子,军工电子,军工电子Ⅲ,51.59,2.5850069596341285,0.698324022346369,1.3368521817128571,5.2263,119.21463631,6.20356945,0.4282655246252709,51.37,52.13,50.34,7.838628762541799,50.026,2026-09-14,2,2.0199527143510583,2026-09-11,46.92,9.953111679454384,2,0,50.29,2,2.7689243027888555,0.9672131147540983,61,67,77.32293396808606,"{'close_strength': 10.474860335195535, 'breakout_proximity': 12.642398286937906, 'recent_signal': 7.142857142857143, 'price_momentum': 5.975011599390214, 'active_volume': 4.184260908564285, 'industry_breadth': 9.672131147540984, 'turnover': 10, 'float_cap': 7.2314145476, 'liquidity': 5, 'controlled_5d_move': 5}"
002741.SZ,光华科技,电子化学品,电子化学品Ⅲ,25.72,2.9623698959167166,0.8346456692913379,1.619527968591284,9.3163,110.60284152,10.194489295,-3.525881470367598,26.66,25.93,24.66,8.340353833192914,24.483999999999998,2026-09-15,1,2.2300129640415682,2026-09-15,24.07,6.855006231823846,1,0,25.72,1,2.9623698959167166,0.9444444444444444,36,50,77.02421185837598,"{'close_strength': 12.519685039370069, 'breakout_proximity': 6.711177794448604, 'recent_signal': 8.571428571428573, 'price_momentum': 6.6039498265278604, 'active_volume': 5.59763984295642, 'industry_breadth': 9.444444444444445, 'turnover': 10, 'float_cap': 7.5758863392, 'liquidity': 5, 'controlled_5d_move': 5}"
002145.SZ,钛能化学,化学原料,钛白粉,4.42,2.5522041763341052,0.7368421052631582,2.1472437191319247,2.0099,168.24616406,3.3613158563999996,-0.45045045045045695,4.44,4.47,4.28,2.552204176334083,4.292,2026-09-16,0,2.1472437191319247,2026-09-16,4.28,3.2710280373831724,1,0,,0,0.0,0.8333333333333334,6,27,76.83666823042148,"{'close_strength': 11.052631578947373, 'breakout_proximity': 11.324324324324314, 'recent_signal': 10.0, 'price_momentum': 5.920340293890175, 'active_volume': 8.236218595659624, 'industry_breadth': 8.333333333333334, 'turnover': 6.699666666666667, 'float_cap': 5.270153437599999, 'liquidity': 5, 'controlled_5d_move': 5}"
003033.SZ,征和工业,汽车服务及其他,摩托车,81.18,5.840938722294653,0.8674496644295314,0.9040639377138139,3.0287,65.73217662,1.96621938,1.3483146067415852,80.1,81.97,76.01,6.9283456269757515,76.672,2026-09-09,5,3.409289551552375,2026-09-09,72.0,12.750000000000018,1,0,72.82,5,6.928345626975774,0.4444444444444444,9,139,75.64238525191172,"{'close_strength': 13.011744966442972, 'breakout_proximity': 14.022471910112378, 'recent_signal': 2.8571428571428568, 'price_momentum': 10, 'active_volume': 2.0203196885690695, 'industry_breadth': 4.444444444444445, 'turnover': 10, 'float_cap': 9.3707129352, 'liquidity': 4.91554845, 'controlled_5d_move': 5}"
001207.SZ,联科科技,橡胶制品,炭黑,17.65,3.3372365339578547,0.368421052631577,2.3907990056337916,2.2352,51.64780065,1.1602841679,-3.0219780219780223,18.2,18.25,17.3,0.3981797497156103,17.264,2026-09-16,0,2.3907990056337916,2026-09-16,17.3,2.023121387283222,1,0,,0,0.0,1.0,5,22,74.96153640168868,"{'close_strength': 5.526315789473655, 'breakout_proximity': 7.467032967032967, 'recent_signal': 10.0, 'price_momentum': 7.228727556596425, 'active_volume': 9.453995028168958, 'industry_breadth': 10.0, 'turnover': 7.450666666666667, 'float_cap': 9.934087974, 'liquidity': 2.90071041975, 'controlled_5d_move': 5}"
001306.SZ,夏厦精密,通用设备,金属制品,53.95,3.690178743032879,0.4657980456026063,4.902212479330703,12.0729,8.36225,1.0167475889,-4.984149348362099,56.78,57.23,51.09,-0.9546539379474583,52.730000000000004,2026-09-16,0,4.902212479330703,2026-09-16,51.09,5.597964376590325,1,0,,0,0.0,0.8780487804878049,82,1,74.26813467701213,"{'close_strength': 6.986970684039094, 'breakout_proximity': 4.523775977456852, 'recent_signal': 10.0, 'price_momentum': 7.816964571721465, 'active_volume': 10, 'industry_breadth': 8.78048780487805, 'turnover': 8.618066666666666, 'float_cap': 10, 'liquidity': 2.5418689722499996, 'controlled_5d_move': 5}"
600521.SH,华海药业,化学制药,化学制剂,16.21,4.4458762886598,0.7835051546391749,2.650369223508937,2.4372,242.70458161999997,5.88381285,-3.969194312796198,16.88,16.42,15.45,2.0780856423173732,15.652,2026-09-16,0,2.650369223508937,2026-09-16,15.45,4.919093851132694,1,0,,0,0.0,0.6818181818181818,110,14,74.10924488487481,"{'close_strength': 11.752577319587624, 'breakout_proximity': 6.046208530805703, 'recent_signal': 10.0, 'price_momentum': 9.076460481099668, 'active_volume': 10, 'industry_breadth': 6.8181818181818175, 'turnover': 8.123999999999999, 'float_cap': 2.291816735200001, 'liquidity': 5, 'controlled_5d_move': 5}"
002025.SZ,航天电器,军工电子,军工电子Ⅲ,70.36,2.297179412619954,0.8815789473684209,1.2413834324084712,3.2938,319.34384668,10.4191794642,0.11383039271484208,70.28,70.72,67.68,9.595015576324005,66.17,2026-09-15,1,2.2067397656288996,2026-09-15,64.57,8.967012544525321,1,0,70.36,1,2.297179412619954,0.9672131147540983,61,51,72.84020570164374,"{'close_strength': 13.223684210526313, 'breakout_proximity': 12.170745589072263, 'recent_signal': 8.571428571428573, 'price_momentum': 5.495299021033256, 'active_volume': 3.7069171620423558, 'industry_breadth': 9.672131147540984, 'turnover': 10, 'float_cap': 0, 'liquidity': 5, 'controlled_5d_move': 5}"
000607.SZ,华媒控股,文化传媒,广告媒体,3.89,3.733333333333344,0.5277777777777785,2.0813448122261926,3.8632,34.42891958,1.3234231305,-3.712871287128716,4.04,4.06,3.7,-1.0178117048345925,3.842,2026-09-16,0,2.0813448122261926,2026-09-16,3.7,5.135135135135127,1,0,,0,0.0,0.3333333333333333,3,29,71.78486384557681,"{'close_strength': 7.916666666666677, 'breakout_proximity': 6.430693069306925, 'recent_signal': 10.0, 'price_momentum': 7.888888888888906, 'active_volume': 7.906724061130963, 'industry_breadth': 3.333333333333333, 'turnover': 10, 'float_cap': 10, 'liquidity': 3.30855782625, 'controlled_5d_move': 5}"
002134.SZ,天津普林,元件,印制电路板,24.74,1.6851623510069969,0.7979797979797956,0.8396591795543648,6.429,61.03520789,3.888638766,-3.132341425215346,25.54,24.94,23.95,11.84448462929475,23.88,2026-09-14,2,2.874016893403167,2026-09-14,22.27,11.09115401885945,1,0,24.33,2,0.121408336705775,0.8541666666666666,48,65,70.6878668085812,"{'close_strength': 11.969696969696933, 'breakout_proximity': 7.301487862176981, 'recent_signal': 7.142857142857143, 'price_momentum': 4.475270585011661, 'active_volume': 1.6982958977718239, 'industry_breadth': 8.541666666666666, 'turnover': 10, 'float_cap': 9.5585916844, 'liquidity': 5, 'controlled_5d_move': 5}"
603615.SH,茶花股份,家居用品,其他家居用品,19.63,2.6136957658128512,0.629999999999999,1.4006036888815951,2.7684,47.469266,1.31009493,0.5120327700972815,19.53,20.0,19.0,2.5600835945663203,19.09,2026-09-09,5,2.1836670404159992,2026-09-09,18.3,7.267759562841514,1,0,18.82,5,2.5600835945663425,0.7083333333333334,24,148,70.18760739138483,"{'close_strength': 9.449999999999985, 'breakout_proximity': 12.768049155145922, 'recent_signal': 2.8571428571428568, 'price_momentum': 6.022826276354753, 'active_volume': 4.503018444407976, 'industry_breadth': 7.083333333333334, 'turnover': 9.228000000000002, 'float_cap': 10, 'liquidity': 3.275237325, 'controlled_5d_move': 5}"
003006.SZ,百亚股份,美容护理,生活用纸,19.42,6.820682068206829,0.9809523809523814,1.3975444274598676,13.8849,83.22887659999999,11.329790159199998,-3.3349925335987907,20.09,19.44,18.39,16.566626650660265,18.42,2026-09-09,5,3.140124464443059,2026-09-09,15.78,23.067173637515847,1,0,17.1,1,16.566626650660265,0.75,8,140,70.13757351099639,"{'close_strength': 14.71428571428572, 'breakout_proximity': 6.997511199601814, 'recent_signal': 2.8571428571428568, 'price_momentum': 10, 'active_volume': 4.487722137299338, 'industry_breadth': 7.5, 'turnover': 7.410066666666667, 'float_cap': 8.670844936, 'liquidity': 5, 'controlled_5d_move': 2.5}"
002753.SZ,永东股份,橡胶制品,炭黑,6.78,3.1963470319634757,0.22807017543859653,2.4160564481016635,8.3964,20.05448742,1.7103544472,-5.833333333333335,7.2,7.22,6.65,-3.693181818181801,6.7620000000000005,2026-09-16,0,2.4160564481016635,2026-09-16,6.65,1.9548872180451093,1,2,,0,0.0,1.0,5,21,70.0211327100264,"{'close_strength': 3.421052631578948, 'breakout_proximity': 3.249999999999998, 'recent_signal': 10.0, 'price_momentum': 6.993911719939127, 'active_volume': 9.580282240508318, 'industry_breadth': 10.0, 'turnover': 10, 'float_cap': 10, 'liquidity': 4.275886118, 'controlled_5d_move': 2.5}"
002169.SZ,智光电气,电网设备,电网自动化设备,12.92,1.1746280344557603,0.8695652173913035,1.451207462246251,3.1281,98.3113808,3.0498363841000002,-5.347985347985351,13.65,12.98,12.52,4.025764895330108,12.452,2026-09-15,1,2.6984418120619496,2026-09-15,12.33,4.785077047850761,1,0,12.92,1,1.1746280344557603,0.7586206896551724,29,38,69.62709784352934,"{'close_strength': 13.043478260869554, 'breakout_proximity': 3.978021978021973, 'recent_signal': 8.571428571428573, 'price_momentum': 3.624380057426267, 'active_volume': 4.756037311231255, 'industry_breadth': 7.586206896551724, 'turnover': 10, 'float_cap': 8.067544768, 'liquidity': 5, 'controlled_5d_move': 5}"
002106.SZ,莱宝高科,光学光电子,面板,11.45,0.7036059806508455,0.794871794871794,0.8474842885796702,3.5537,80.7220191,2.8431232769,-2.9661016949152685,11.8,11.53,11.14,3.1531531531531876,11.27,2026-09-14,2,2.1816415591596203,2026-09-14,11.05,3.6199095022624306,1,0,11.37,2,-1.1226252158894723,0.9487179487179487,39,78,69.45184499072373,"{'close_strength': 11.923076923076911, 'breakout_proximity': 7.550847457627098, 'recent_signal': 7.142857142857143, 'price_momentum': 2.8393433010847424, 'active_volume': 1.7374214428983508, 'industry_breadth': 9.487179487179487, 'turnover': 10, 'float_cap': 8.771119236, 'liquidity': 5, 'controlled_5d_move': 5}"
603678.SH,火炬电子,军工电子,军工电子Ⅲ,51.02,3.6359943124111505,0.7089552238805992,1.0847559116232655,6.5406,242.63407932,15.80344317,-1.0281280310378116,51.55,51.8,49.12,11.082081428260416,49.284,2026-09-11,3,2.5101098823804446,2026-09-11,45.8,11.397379912663762,1,0,49.23,3,2.655935613682092,0.9672131147540983,61,103,69.42362674614722,"{'close_strength': 10.634328358208988, 'breakout_proximity': 10.457807953443282, 'recent_signal': 5.7142857142857135, 'price_momentum': 7.726657187351917, 'active_volume': 2.923779558116327, 'industry_breadth': 9.672131147540984, 'turnover': 10, 'float_cap': 2.2946368271999997, 'liquidity': 5, 'controlled_5d_move': 5}"
603496.SH,恒为科技,计算机设备,其他计算机设备,22.96,-0.1304915180513122,1.0,1.2478837702943457,2.7377,73.52003232,1.98177098,-5.358615004122013,24.26,22.96,22.21,0.3058103975535076,22.55,2026-09-15,1,2.256140245003057,2026-09-15,22.7,1.1453744493392204,1,0,22.96,1,-0.1304915180513122,0.8548387096774194,62,48,69.40978564060596,"{'close_strength': 15.0, 'breakout_proximity': 3.96207749381698, 'recent_signal': 8.571428571428573, 'price_momentum': 1.4491808032478128, 'active_volume': 3.7394188514717284, 'industry_breadth': 8.548387096774194, 'turnover': 9.125666666666666, 'float_cap': 9.0591987072, 'liquidity': 4.95442745, 'controlled_5d_move': 5}"
600505.SH,西昌电力,电力,电能综合服务,11.15,3.049907578558231,0.586666666666666,1.2633660301964116,5.5056,40.64927625,2.24757197,-2.959094865100087,11.49,11.46,10.71,3.6245353159851224,11.068,2026-09-10,4,5.743481902962648,2026-09-10,10.68,4.400749063670428,1,0,10.82,4,-2.1071115013169495,0.75,16,121,68.71374810330992,"{'close_strength': 8.79999999999999, 'breakout_proximity': 7.56135770234987, 'recent_signal': 4.2857142857142865, 'price_momentum': 6.749845964263717, 'active_volume': 3.816830150982058, 'industry_breadth': 7.5, 'turnover': 10, 'float_cap': 10, 'liquidity': 5, 'controlled_5d_move': 5}"
600579.SH,中化装备,专用设备,其他专用设备,7.19,-1.5068493150684814,0.5777777777777791,2.1496408303318923,3.2557,35.48989752,1.14489233,-3.748326639892896,7.47,7.38,6.93,-0.9641873278236734,7.178,2026-09-15,1,2.574119923771875,2026-09-08,6.93,3.751803751803773,2,0,7.1,4,-0.2773925104022079,0.8695652173913043,92,37,68.42169242882841,"{'close_strength': 8.666666666666686, 'breakout_proximity': 6.377510040160655, 'recent_signal': 8.571428571428573, 'price_momentum': 0, 'active_volume': 8.248204151659461, 'industry_breadth': 8.695652173913043, 'turnover': 10, 'float_cap': 10, 'liquidity': 2.862230825, 'controlled_5d_move': 5}"
603131.SH,上海沪工,通用设备,其他通用设备,13.8,2.9850746268656803,0.43010752688172094,2.4394460967442106,3.3401,46.4931936,1.55253819,-7.444668008048283,14.91,14.33,13.4,-3.8327526132403977,13.81,2026-09-16,0,2.4394460967442106,2026-09-16,13.4,2.9850746268656803,1,0,,0,0.0,0.8235294117647058,51,18,68.24027201229764,"{'close_strength': 6.451612903225814, 'breakout_proximity': 0.8329979879275755, 'recent_signal': 10.0, 'price_momentum': 6.641791044776134, 'active_volume': 9.697230483721054, 'industry_breadth': 8.235294117647058, 'turnover': 10, 'float_cap': 10, 'liquidity': 3.881345475, 'controlled_5d_move': 2.5}"
002866.SZ,传艺科技,消费电子,消费电子零部件及组装,14.63,1.1756569847856113,0.8260869565217392,1.0693226717223514,2.8482,26.88539007,0.7599543243000001,-3.6231884057970953,15.18,14.71,14.25,2.093510118632236,14.326,2026-09-14,2,2.332710646786822,2026-09-14,13.85,5.6317689530686055,1,0,14.46,2,1.3157894736842257,0.9213483146067416,89,73,68.17945617205945,"{'close_strength': 12.39130434782609, 'breakout_proximity': 6.5652173913043566, 'recent_signal': 7.142857142857143, 'price_momentum': 3.626094974642686, 'active_volume': 2.846613358611757, 'industry_breadth': 9.213483146067416, 'turnover': 9.494, 'float_cap': 10, 'liquidity': 1.8998858107500003, 'controlled_5d_move': 5}"
603683.SH,晶华新材,化学制品,胶黏剂及胶带,16.21,3.644501278772383,0.8037383177570089,1.0305255772060669,7.7028,46.75500551,3.55232782,-8.210645526613813,17.66,16.42,15.35,2.465233881163109,15.598,2026-09-14,2,2.8507449117327703,2026-09-14,15.01,7.994670219853428,1,0,15.64,2,2.855329949238583,0.8,5,66,67.59239525986325,"{'close_strength': 12.056074766355133, 'breakout_proximity': 0, 'recent_signal': 7.142857142857143, 'price_momentum': 7.740835464620638, 'active_volume': 2.6526278860303343, 'industry_breadth': 8.0, 'turnover': 10, 'float_cap': 10, 'liquidity': 5, 'controlled_5d_move': 5}"
603205.SH,健尔康,医疗器械,医疗耗材,22.95,0.7020623080298494,0.9038461538461524,1.5907282256496897,4.2125,9.48753,0.39309988,-3.571428571428581,23.8,23.05,22.01,3.471596032461677,22.572,2026-09-11,3,2.0948951190170755,2026-09-11,21.72,5.6629834254143585,1,0,22.75,2,2.8225806451612767,0.7321428571428571,56,116,67.50942507789523,"{'close_strength': 13.557692307692285, 'breakout_proximity': 6.642857142857128, 'recent_signal': 5.7142857142857135, 'price_momentum': 2.8367705133830823, 'active_volume': 5.4536411282484485, 'industry_breadth': 7.321428571428571, 'turnover': 10, 'float_cap': 10, 'liquidity': 0.9827497000000001, 'controlled_5d_move': 5}"
002011.SZ,盾安环境,白色家电,家电零部件Ⅲ,13.66,5.727554179566563,0.7157894736842108,0.5805322382848074,5.1437,145.0030173,7.4508433259,-2.288984263233196,13.98,13.93,12.98,9.71887550200805,13.238,2026-09-09,5,2.269644675236319,2026-09-08,11.81,15.664690939881453,2,0,12.45,3,14.30962343096236,0.8529411764705882,34,144,67.29246083168614,"{'close_strength': 10.736842105263161, 'breakout_proximity': 8.566523605150206, 'recent_signal': 2.8571428571428568, 'price_momentum': 10, 'active_volume': 0.4026611914240369, 'industry_breadth': 8.529411764705882, 'turnover': 10, 'float_cap': 6.199879307999999, 'liquidity': 5, 'controlled_5d_move': 5}"
002705.SZ,新宝股份,小家电,厨房小家电,11.19,0.9927797833934937,0.9117647058823496,2.1194645059402406,0.7065,90.42677046,0.6307815894,-2.864583333333337,11.52,11.22,10.88,-0.709849157054121,11.142,2026-09-16,0,2.1194645059402406,2026-09-16,10.88,2.8492647058823373,1,0,,0,0.0,0.7,10,28,67.1131009120256,"{'close_strength': 13.676470588235244, 'breakout_proximity': 7.703124999999994, 'recent_signal': 10.0, 'price_momentum': 3.3212996389891565, 'active_volume': 8.097322529701202, 'industry_breadth': 7.0, 'turnover': 2.355, 'float_cap': 8.3829291816, 'liquidity': 1.5769539734999998, 'controlled_5d_move': 5}"
603051.SH,鹿山新材,化学制品,胶黏剂及胶带,23.72,0.21123785382339832,0.6349206349206337,0.7364575580464043,3.9316,38.33932388,1.50519161,-1.1254689453939148,23.99,23.95,23.32,6.03486812695575,23.2,2026-09-14,2,2.235513359785461,2026-09-09,21.11,12.36380862150639,2,0,22.54,2,6.034868126955728,0.8,5,68,66.94245982018012,"{'close_strength': 9.523809523809504, 'breakout_proximity': 10.311796581909128, 'recent_signal': 7.142857142857143, 'price_momentum': 2.0187297563723305, 'active_volume': 1.1822877902320217, 'industry_breadth': 8.0, 'turnover': 10, 'float_cap': 10, 'liquidity': 3.762979025, 'controlled_5d_move': 5}"
002643.SZ,万润股份,电子化学品,电子化学品Ⅲ,13.34,1.444866920152088,0.8888888888888867,0.9481891548907483,2.0059,120.355481,2.3961150007999996,-1.6949152542372947,13.57,13.38,13.02,3.491078355314192,13.06,2026-09-10,4,2.4132209903252826,2026-09-10,12.76,4.545454545454541,1,0,12.81,4,1.7543859649122862,0.9444444444444444,36,130,66.70895725017664,"{'close_strength': 13.3333333333333, 'breakout_proximity': 9.457627118644059, 'recent_signal': 4.2857142857142865, 'price_momentum': 4.07477820025348, 'active_volume': 2.2409457744537415, 'industry_breadth': 9.444444444444445, 'turnover': 6.686333333333333, 'float_cap': 7.18578076, 'liquidity': 5, 'controlled_5d_move': 5}"
002074.SZ,国轩高科,电池,锂电池,26.14,2.872884691066502,0.8058823529411774,2.4277728514547694,1.9387,453.96232017,8.709754157999999,-5.665824612053417,27.71,26.47,24.77,1.1609907120742946,25.482,2026-09-16,0,2.4277728514547694,2026-09-16,24.77,5.530884134033109,1,0,,0,0.0,0.84375,32,19,66.58300378508889,"{'close_strength': 12.088235294117661, 'breakout_proximity': 3.501263081919875, 'recent_signal': 10.0, 'price_momentum': 6.454807818444169, 'active_volume': 9.638864257273847, 'industry_breadth': 8.4375, 'turnover': 6.4623333333333335, 'float_cap': 0, 'liquidity': 5, 'controlled_5d_move': 5}"
001228.SZ,永泰运,物流,跨境物流,32.45,0.6513647642679921,0.7971014492753629,0.935674740735067,3.0408,25.9160627,0.78454119,-0.7037943696450277,32.68,32.59,31.9,4.846526655896621,31.27,2026-09-14,2,2.406321580867503,2026-09-14,30.6,6.045751633986929,1,0,32.24,2,2.1082441787287687,0.46153846153846156,13,72,66.55107322869331,"{'close_strength': 11.956521739130443, 'breakout_proximity': 10.944308445532458, 'recent_signal': 7.142857142857143, 'price_momentum': 2.7522746071133204, 'active_volume': 2.1783737036753346, 'industry_breadth': 4.615384615384616, 'turnover': 10, 'float_cap': 10, 'liquidity': 1.961352975, 'controlled_5d_move': 5}"
002413.SZ,雷科防务,军工电子,军工电子Ⅲ,8.33,2.71270036991369,0.46153846153846223,1.089477947660431,4.3352,107.90936065,4.6769947101,-3.139534883720929,8.6,8.54,8.15,1.833740831295838,8.278,2026-09-11,3,2.8739225193488482,2026-09-11,8.03,3.7359900373599153,1,0,8.11,3,-0.9512485136741966,0.9672131147540983,61,97,66.41904072148054,"{'close_strength': 6.923076923076933, 'breakout_proximity': 7.290697674418607, 'recent_signal': 5.7142857142857135, 'price_momentum': 6.18783394985615, 'active_volume': 2.9473897383021552, 'industry_breadth': 9.672131147540984, 'turnover': 10, 'float_cap': 7.683625574000001, 'liquidity': 5, 'controlled_5d_move': 5}"
603435.SH,嘉德利,电子化学品,膜材料,48.77,1.5830035409289733,0.7380952380952396,1.2497536426660163,10.8459,17.40479375,1.87696336,-11.600507522204095,55.17,49.32,47.22,4.8366294067067495,47.164,2026-09-15,1,2.240732104577633,2026-09-14,44.6,9.349775784753355,2,0,48.01,1,2.8469000421762924,0.9523809523809523,21,49,66.34891584821173,"{'close_strength': 11.071428571428594, 'breakout_proximity': 0, 'recent_signal': 8.571428571428573, 'price_momentum': 4.305005901548289, 'active_volume': 3.7487682133300817, 'industry_breadth': 9.523809523809524, 'turnover': 9.436066666666665, 'float_cap': 10, 'liquidity': 4.6924084, 'controlled_5d_move': 5}"
603256.SH,宏和科技,电子化学品,玻纤制造,143.28,3.653331404181448,0.9752808988764047,1.732639840335946,3.6058,1296.0913939200002,45.69123057,-5.730640173695645,151.99,143.5,134.6,11.719298245614041,134.216,2026-09-15,1,2.015328239476699,2026-09-15,131.0,9.37404580152672,1,0,143.28,1,3.653331404181448,0.5555555555555556,9,58,66.07898889156888,"{'close_strength': 14.62921348314607, 'breakout_proximity': 3.404039739456533, 'recent_signal': 8.571428571428573, 'price_momentum': 7.755552340302413, 'active_volume': 6.1631992016797295, 'industry_breadth': 5.555555555555555, 'turnover': 10, 'float_cap': 0, 'liquidity': 5, 'controlled_5d_move': 5}"
002436.SZ,兴森科技,元件,印制电路板,42.8,4.747919725893279,0.7796610169491508,0.9748506240752403,9.7512,649.6734408,61.9196220604,0.16381933068101429,42.73,43.45,40.5,8.491761723700852,40.552,2026-09-08,6,2.9336964901046,2026-09-08,38.5,11.168831168831161,1,0,39.33,6,6.679960119641071,0.8541666666666666,48,155,65.86500167569521,"{'close_strength': 11.694915254237262, 'breakout_proximity': 12.245728996021523, 'recent_signal': 1.428571428571429, 'price_momentum': 9.579866209822132, 'active_volume': 2.3742531203762014, 'industry_breadth': 8.541666666666666, 'turnover': 10, 'float_cap': 0, 'liquidity': 5, 'controlled_5d_move': 5}"
002859.SZ,洁美科技,其他电子,其他电子Ⅲ,67.85,2.5234209731036294,0.7084639498432579,1.0344753979889323,4.2928,290.6118632,12.4416584612,-1.6666666666666718,69.0,68.78,65.59,10.038923126824484,65.318,2026-09-14,2,2.012571896714664,2026-09-11,59.72,13.613529805760205,2,0,66.18,2,6.032192530082803,0.9117647058823529,34,75,65.30773419978024,"{'close_strength': 10.626959247648868, 'breakout_proximity': 9.499999999999993, 'recent_signal': 7.142857142857143, 'price_momentum': 5.872368288506049, 'active_volume': 2.672376989944661, 'industry_breadth': 9.117647058823529, 'turnover': 10, 'float_cap': 0.3755254719999994, 'liquidity': 5, 'controlled_5d_move': 5}"
600979.SH,广安爱众,电力,电能综合服务,4.12,0.4878048780487809,0.5833333333333351,0.8640774427808094,3.6422,51.1574838,1.86181373,-2.369668246445489,4.22,4.17,4.05,1.9801980198020042,4.11,2026-09-11,3,2.8309890414025944,2026-09-10,4.0,3.0000000000000027,2,0,4.08,3,0.4878048780487809,0.75,16,98,64.31808032826953,"{'close_strength': 8.750000000000027, 'breakout_proximity': 8.445497630331767, 'recent_signal': 5.7142857142857135, 'price_momentum': 2.479674796747968, 'active_volume': 1.8203872139040471, 'industry_breadth': 7.5, 'turnover': 10, 'float_cap': 9.953700648, 'liquidity': 4.654534325, 'controlled_5d_move': 5}"
001399.SZ,惠科股份,光学光电子,面板,21.39,1.4224751066856278,0.7297297297297298,1.071512807803565,7.1735,92.09821713,6.530373309400001,-9.210526315789469,23.56,21.69,20.58,2.5407478427612817,20.474,2026-09-15,1,2.269875834264785,2026-09-15,20.03,6.789815277084377,1,0,21.39,1,1.4224751066856278,0.9487179487179487,39,47,64.21564786951454,"{'close_strength': 10.945945945945947, 'breakout_proximity': 0, 'recent_signal': 8.571428571428573, 'price_momentum': 4.037458511142713, 'active_volume': 2.8575640390178245, 'industry_breadth': 9.487179487179487, 'turnover': 10, 'float_cap': 8.3160713148, 'liquidity': 5, 'controlled_5d_move': 5}"
001312.SZ,福恩股份,纺织制造,其他纺织,17.58,1.1507479861910141,0.8974358974358907,0.7049986266739876,1.9381,10.04878074,0.1941019046,-2.6038781163435054,18.05,17.62,17.23,0.17094017094017033,17.349999999999998,2026-09-14,2,2.1546508422074777,2026-09-14,16.88,4.146919431279628,1,0,17.38,2,-0.227014755959154,0.875,16,79,64.00373963506854,"{'close_strength': 13.46153846153836, 'breakout_proximity': 8.094182825484742, 'recent_signal': 7.142857142857143, 'price_momentum': 3.5845799769850233, 'active_volume': 1.024993133369938, 'industry_breadth': 8.75, 'turnover': 6.460333333333334, 'float_cap': 10, 'liquidity': 0.4852547615, 'controlled_5d_move': 5}"
603000.SH,人民网,文化传媒,门户网站,17.05,-1.0446894950667418,0.9615384615384646,1.664300134942949,4.8003,188.52033255,8.86496435,-6.472846955567746,18.23,17.08,16.3,0.2941176470588225,16.778,2026-09-15,1,2.971217768546168,2026-09-15,16.92,0.768321513002368,1,1,17.05,1,-1.0446894950667418,0.75,8,36,63.065922433868664,"{'close_strength': 14.423076923076968, 'breakout_proximity': 2.2907295666483805, 'recent_signal': 8.571428571428573, 'price_momentum': 0, 'active_volume': 5.821500674714745, 'industry_breadth': 7.5, 'turnover': 10, 'float_cap': 4.459186698, 'liquidity': 5, 'controlled_5d_move': 5}"
002552.SZ,宝鼎科技,元件,印制电路板,55.83,3.007380073800725,0.8004807692307695,0.9087644764232552,10.7465,205.73539239,21.8093446398,-2.207041513399899,57.09,56.66,52.5,17.487373737373744,52.876,2026-09-10,4,2.4003172773327393,2026-09-10,46.51,20.038701354547417,1,0,50.0,2,10.88381330685202,0.8541666666666666,48,131,63.01973703026013,"{'close_strength': 12.007211538461542, 'breakout_proximity': 8.689437729900153, 'recent_signal': 4.2857142857142865, 'price_momentum': 6.678966789667875, 'active_volume': 2.043822382116276, 'industry_breadth': 8.541666666666666, 'turnover': 9.502333333333334, 'float_cap': 3.7705843044000003, 'liquidity': 5, 'controlled_5d_move': 2.5}"
002173.SZ,创新医疗,医疗服务,医院,17.69,-2.641717116125486,0.857142857142858,1.2788937254368486,6.4453,74.4510185,4.7560397388,-8.626033057851235,19.36,17.78,17.15,-2.048726467331108,17.702,2026-09-15,1,2.0625705306272013,2026-09-15,17.69,0.0,1,0,17.69,1,-2.641717116125486,0.8,15,57,62.344999315755686,"{'close_strength': 12.85714285714287, 'breakout_proximity': 0, 'recent_signal': 8.571428571428573, 'price_momentum': 0, 'active_volume': 3.894468627184243, 'industry_breadth': 8.0, 'turnover': 10, 'float_cap': 9.02195926, 'liquidity': 5, 'controlled_5d_move': 5}"
603092.SH,德力佳,风电设备,风电零部件,43.44,-2.096010818120353,0.3559322033898287,2.0158119086409667,9.2923,15.017946479999997,1.39605339,-3.402268178785861,44.97,44.58,42.81,4.674698795180721,42.192,2026-09-15,1,5.794404788474993,2026-09-15,40.71,6.705969049373617,1,0,43.44,1,-2.096010818120353,0.5185185185185185,27,30,62.06138755748723,"{'close_strength': 5.338983050847431, 'breakout_proximity': 6.896597731821208, 'recent_signal': 8.571428571428573, 'price_momentum': 0, 'active_volume': 7.579059543204833, 'industry_breadth': 5.185185185185185, 'turnover': 10, 'float_cap': 10, 'liquidity': 3.4901334750000004, 'controlled_5d_move': 5}"
600310.SH,广西能源,电力,电能综合服务,4.8,1.6949152542372836,0.8124999999999987,0.6931276474951152,5.5485,70.3541136,3.87951675,-6.796116504854377,5.15,4.83,4.67,3.671706263498886,4.818,2026-09-11,3,3.171780639652572,2026-09-10,4.58,4.8034934497816595,2,0,4.72,3,-0.4149377593361092,0.75,16,93,61.85061007420851,"{'close_strength': 12.18749999999998, 'breakout_proximity': 1.8058252427184351, 'recent_signal': 5.7142857142857135, 'price_momentum': 4.491525423728806, 'active_volume': 0.9656382374755762, 'industry_breadth': 7.5, 'turnover': 10, 'float_cap': 9.185835456, 'liquidity': 5, 'controlled_5d_move': 5}"
600165.SH,宁科生物,化学制品,其他化学制品,3.32,2.1538461538461506,0.7647058823529409,0.9376456567981624,2.2341,24.33273152,0.53804205,-2.352941176470591,3.4,3.36,3.19,2.1538461538461506,3.276,2026-09-08,6,2.15976789453331,2026-09-08,3.14,5.73248407643312,1,0,3.21,6,-0.5988023952095856,0.9156626506024096,83,164,61.76311807058482,"{'close_strength': 11.470588235294114, 'breakout_proximity': 8.470588235294114, 'recent_signal': 1.428571428571429, 'price_momentum': 5.256410256410251, 'active_volume': 2.188228283990812, 'industry_breadth': 9.156626506024097, 'turnover': 7.447, 'float_cap': 10, 'liquidity': 1.3451051250000001, 'controlled_5d_move': 5}"
002132.SZ,恒星科技,通用设备,金属制品,4.29,2.386634844868718,0.75,0.7717231136530492,3.0465,60.02509656,1.8210675729000003,-7.14285714285714,4.62,4.33,4.17,2.3866348448687402,4.264,2026-09-10,4,2.1043564498699334,2026-09-10,4.14,3.6231884057971175,1,0,4.19,4,-1.1520737327188946,0.8780487804878049,82,137,61.7565884225364,"{'close_strength': 11.25, 'breakout_proximity': 1.2857142857142905, 'recent_signal': 4.2857142857142865, 'price_momentum': 5.644391408114529, 'active_volume': 1.3586155682652463, 'industry_breadth': 8.78048780487805, 'turnover': 10, 'float_cap': 9.5989961376, 'liquidity': 4.5526689322500005, 'controlled_5d_move': 5}"
603389.SH,亚振家居,家居用品,成品家居,47.53,3.9816232771822335,0.8308823529411761,0.8385686247210891,1.0361,124.8860256,1.27818203,-0.8138564273789672,47.92,47.99,45.27,8.888888888888879,46.32,2026-09-10,4,2.261514408327475,2026-09-10,41.3,15.084745762711883,1,0,45.71,4,4.6224961479198745,0.5294117647058824,17,133,61.4715118890648,"{'close_strength': 12.463235294117641, 'breakout_proximity': 10.77921535893155, 'recent_signal': 4.2857142857142865, 'price_momentum': 8.302705461970389, 'active_volume': 1.6928431236054453, 'industry_breadth': 5.294117647058823, 'turnover': 3.4536666666666664, 'float_cap': 7.004558976, 'liquidity': 3.195455075, 'controlled_5d_move': 5}"
002565.SZ,顺灏股份,包装印刷,纸包装,8.7,0.811123986094997,0.6499999999999989,1.3070166443076372,8.7901,92.2161024,8.084936759300001,-6.752411575562711,9.33,8.84,8.44,1.516919486581081,8.692,2026-09-14,2,3.9275172697412306,2026-09-14,8.39,3.694874851013097,1,0,8.63,2,-3.440621531631527,0.7272727272727273,22,62,61.401946154603515,"{'close_strength': 9.749999999999984, 'breakout_proximity': 1.8713826366559339, 'recent_signal': 7.142857142857143, 'price_momentum': 3.0185399768249948, 'active_volume': 4.035083221538186, 'industry_breadth': 7.272727272727273, 'turnover': 10, 'float_cap': 8.311355904, 'liquidity': 5, 'controlled_5d_move': 5}"
600293.SH,三峡新材,建筑材料,玻璃制造,3.09,1.6447368421052655,0.7692307692307672,0.6896562238198641,3.289,35.8484805,1.17266793,-5.792682926829262,3.28,3.12,2.99,2.3178807947019653,3.114,2026-09-11,3,2.6310800940950974,2026-09-10,2.98,3.691275167785224,2,0,3.04,3,-0.3225806451612967,0.7142857142857143,7,102,60.9944256863019,"{'close_strength': 11.538461538461508, 'breakout_proximity': 3.3109756097561065, 'recent_signal': 5.7142857142857135, 'price_momentum': 4.407894736842109, 'active_volume': 0.9482811190993207, 'industry_breadth': 7.142857142857143, 'turnover': 10, 'float_cap': 10, 'liquidity': 2.931669825, 'controlled_5d_move': 5}"
000012.SZ,南玻A,建筑材料,玻璃制造,3.73,0.5390835579514919,1.0,0.9886167368532298,1.149,73.08250918000002,0.8272387518000001,-2.864583333333326,3.84,3.73,3.62,-1.0610079575596787,3.764,2026-09-11,3,2.005211784492955,2026-09-11,3.69,1.084010840108407,1,0,3.71,3,-2.610966057441255,0.7142857142857143,7,118,60.543287316961504,"{'close_strength': 15.0, 'breakout_proximity': 7.7031250000000115, 'recent_signal': 5.7142857142857135, 'price_momentum': 2.5651392632524868, 'active_volume': 2.443083684266149, 'industry_breadth': 7.142857142857143, 'turnover': 3.83, 'float_cap': 9.076699632799999, 'liquidity': 2.0680968795, 'controlled_5d_move': 5}"
600101.SH,明星电力,电力,电能综合服务,8.14,1.3698630136986356,0.685714285714287,0.8216152706789323,4.4151,44.5960075,1.97259967,-6.436781609195386,8.7,8.25,7.9,2.3899371069182163,8.204,2026-09-10,4,7.134944931661985,2026-09-10,7.9,3.037974683544298,1,0,8.03,4,-4.122497055359242,0.75,16,119,59.9056033755279,"{'close_strength': 10.285714285714306, 'breakout_proximity': 2.3448275862069217, 'recent_signal': 4.2857142857142865, 'price_momentum': 3.9497716894977257, 'active_volume': 1.6080763533946612, 'industry_breadth': 7.5, 'turnover': 10, 'float_cap': 10, 'liquidity': 4.931499175, 'controlled_5d_move': 5}"
603489.SH,八方股份,电机,电机Ⅲ,28.28,1.2893982808023008,0.7247706422018374,0.8778547694979212,0.8964,66.3499704,0.5898841,-2.2805805114029076,28.94,28.58,27.49,1.5804597701149392,27.814,2026-09-14,2,2.1273262048944552,2026-09-14,26.62,6.235912847483105,1,0,27.92,2,-1.6689847009735748,0.8571428571428571,28,80,59.67862366303569,"{'close_strength': 10.87155963302756, 'breakout_proximity': 8.579129232895637, 'recent_signal': 7.142857142857143, 'price_momentum': 3.815663801337168, 'active_volume': 1.8892738474896058, 'industry_breadth': 8.571428571428571, 'turnover': 2.988, 'float_cap': 9.346001183999999, 'liquidity': 1.47471025, 'controlled_5d_move': 5}"
603663.SH,三祥新材,非金属材料,无机盐,44.85,3.269629288510245,0.7902621722846456,0.7350216894835194,4.0053,266.03535465,10.54744504,-1.9243385086376463,45.73,45.41,42.74,6.963987598378241,43.324,2026-09-09,5,2.6289437290361115,2026-09-09,39.32,14.064089521871814,1,0,41.54,5,6.963987598378263,0.6,10,145,59.47431075405741,"{'close_strength': 11.853932584269684, 'breakout_proximity': 9.11349223704353, 'recent_signal': 2.8571428571428568, 'price_momentum': 7.116048814183742, 'active_volume': 1.175108447417597, 'industry_breadth': 6.0, 'turnover': 10, 'float_cap': 1.3585858140000004, 'liquidity': 5, 'controlled_5d_move': 5}"
600052.SH,东望时代,电力,热力服务,3.76,1.8970189701897011,0.2083333333333324,2.6493565191709925,3.7566,31.74172072,1.20302764,-7.160493827160497,4.05,3.95,3.71,-3.8363171355498604,3.782,2026-09-16,0,2.6493565191709925,2026-09-16,3.71,1.3477088948786964,1,0,,0,0.0,0.47368421052631576,19,15,59.457035414838565,"{'close_strength': 3.124999999999986, 'breakout_proximity': 1.2592592592592542, 'recent_signal': 10.0, 'price_momentum': 4.8283649503161685, 'active_volume': 10, 'industry_breadth': 4.7368421052631575, 'turnover': 10, 'float_cap': 10, 'liquidity': 3.0075691, 'controlled_5d_move': 2.5}"
002613.SZ,北玻股份,专用设备,玻璃制造,3.49,1.1594202898550732,0.5238095238095254,0.782602700341003,4.9929,27.00114931,1.3430877157000003,-5.163043478260865,3.68,3.59,3.38,0.8670520231213841,3.5420000000000003,2026-09-11,3,3.265188465455123,2026-09-10,3.39,2.9498525073746285,2,0,3.45,3,-1.1331444759206666,0.7142857142857143,7,92,58.33948710427458,"{'close_strength': 7.857142857142881, 'breakout_proximity': 4.2554347826087024, 'recent_signal': 5.7142857142857135, 'price_momentum': 3.5990338164251217, 'active_volume': 1.413013501705015, 'industry_breadth': 7.142857142857143, 'turnover': 10, 'float_cap': 10, 'liquidity': 3.3577192892500007, 'controlled_5d_move': 5}"
000767.SZ,晋控电力,电力,火力发电,3.53,0.8571428571428452,0.6999999999999977,0.7247934840777108,3.2376,102.80229792,3.3161643303999995,-3.28767123287671,3.65,3.56,3.46,0.28409090909089496,3.542,2026-09-10,4,2.1036150047265254,2026-09-09,3.41,3.5190615835777095,2,0,3.5,3,0.28409090909089496,0.41379310344827586,29,136,58.09925206970858,"{'close_strength': 10.499999999999966, 'breakout_proximity': 7.068493150684936, 'recent_signal': 4.2857142857142865, 'price_momentum': 3.0952380952380754, 'active_volume': 1.1239674203885541, 'industry_breadth': 4.137931034482759, 'turnover': 10, 'float_cap': 7.8879080832, 'liquidity': 5, 'controlled_5d_move': 5}"
002130.SZ,沃尔核材,其他电子,其他电子Ⅲ,17.07,0.8269344359125741,0.7361111111111103,0.6437632310226039,3.4729,197.07347433,6.7630353767999996,-5.11395219566425,17.99,17.26,16.54,-2.845759817871385,17.336,2026-09-11,3,2.4298500710101782,2026-09-11,16.81,1.5466983938132062,1,0,16.93,3,-4.7964305633017235,0.9117647058823529,34,105,58.083439054713494,"{'close_strength': 11.041666666666654, 'breakout_proximity': 4.329071706503624, 'recent_signal': 5.7142857142857135, 'price_momentum': 3.044890726520957, 'active_volume': 0.7188161551130196, 'industry_breadth': 9.117647058823529, 'turnover': 10, 'float_cap': 4.1170610268, 'liquidity': 5, 'controlled_5d_move': 5}"
002339.SZ,积成电子,电网设备,电网自动化设备,7.48,-0.1335113484646211,0.5384615384615411,1.058696431660902,4.2662,35.81376128,1.5302607944,-6.616729088639195,8.01,7.6,7.34,0.13386880856762762,7.468,2026-09-14,2,6.089175134624529,2026-09-14,7.25,3.1724137931034457,1,0,7.48,2,-2.857142857142858,0.7586206896551724,29,59,57.944175380236665,"{'close_strength': 8.076923076923116, 'breakout_proximity': 2.0749063670412076, 'recent_signal': 7.142857142857143, 'price_momentum': 1.444147752558965, 'active_volume': 2.79348215830451, 'industry_breadth': 7.586206896551724, 'turnover': 10, 'float_cap': 10, 'liquidity': 3.825651986, 'controlled_5d_move': 5}"
600982.SH,宁波能源,电力,热力服务,5.2,-0.7633587786259555,0.5000000000000022,0.8665913624249129,3.8868,58.11663,2.25928901,-2.8037383177569986,5.35,5.3,5.1,3.792415169660668,5.182,2026-09-11,3,3.501574526740167,2026-09-10,4.97,4.627766599597605,2,0,5.19,0,2.970297029702973,0.47368421052631576,19,91,57.64821399066138,"{'close_strength': 7.500000000000034, 'breakout_proximity': 7.794392523364503, 'recent_signal': 5.7142857142857135, 'price_momentum': 0.3944020356234076, 'active_volume': 1.8329568121245643, 'industry_breadth': 4.7368421052631575, 'turnover': 10, 'float_cap': 9.6753348, 'liquidity': 5, 'controlled_5d_move': 5}"
603212.SH,赛伍技术,光伏设备,光伏辅材,11.51,1.8584070796460184,0.8888888888888867,0.8363755029903822,1.3939,50.35516806,0.6971619,-4.083333333333339,12.0,11.55,11.19,-1.2017167381974114,11.498000000000001,2026-09-08,6,2.2035705902532436,2026-09-08,11.12,3.507194244604328,1,0,11.3,6,-1.6239316239316182,0.85,20,162,56.95782543719999,"{'close_strength': 13.3333333333333, 'breakout_proximity': 5.874999999999991, 'recent_signal': 1.428571428571429, 'price_momentum': 4.764011799410031, 'active_volume': 1.681877514951911, 'industry_breadth': 8.5, 'turnover': 4.646333333333333, 'float_cap': 9.985793277600001, 'liquidity': 1.7429047500000001, 'controlled_5d_move': 5}"
002139.SZ,拓邦股份,消费电子,消费电子零部件及组装,9.68,0.31088082901553626,0.6499999999999989,0.7640221062215949,1.5027,103.68149264,1.5508486032,-4.63054187192119,10.15,9.82,9.42,4.535637149028071,9.65,2026-09-14,2,3.5100108253562636,2026-09-11,9.1,6.373626373626373,2,0,9.65,2,0.8333333333333304,0.9213483146067416,89,64,56.404301196243296,"{'close_strength': 9.749999999999984, 'breakout_proximity': 5.054187192118214, 'recent_signal': 7.142857142857143, 'price_momentum': 2.1848013816925604, 'active_volume': 1.3201105311079746, 'industry_breadth': 9.213483146067416, 'turnover': 5.009, 'float_cap': 7.8527402944, 'liquidity': 3.877121508, 'controlled_5d_move': 5}"
000810.SZ,创维数字,黑色家电,其他黑色家电,9.63,2.4468085106382986,0.6363636363636381,0.790515049251633,1.9393,107.67863466,2.0739248017,-5.8651026392961825,10.23,9.83,9.28,1.5822784810126667,9.52,2026-09-10,4,3.2046048707199013,2026-09-10,9.3,3.548387096774186,1,0,9.3,4,-2.1341463414634054,0.8,5,123,56.38795891647992,"{'close_strength': 9.545454545454572, 'breakout_proximity': 3.2023460410557263, 'recent_signal': 4.2857142857142865, 'price_momentum': 5.744680851063832, 'active_volume': 1.452575246258165, 'industry_breadth': 8.0, 'turnover': 6.464333333333333, 'float_cap': 7.6928546136, 'liquidity': 5, 'controlled_5d_move': 5}"
601112.SH,振石股份,建筑材料,玻纤制造,16.02,-1.717791411042957,0.509433962264149,1.011168454333814,5.0198,29.2747077,1.46788384,-3.8415366146458574,16.66,16.28,15.75,4.569190600522166,15.994,2026-09-11,3,3.98017161973887,2026-09-11,15.05,6.445182724252474,1,0,15.96,2,-0.5586592178770888,0.5555555555555556,9,87,56.37459765350379,"{'close_strength': 7.641509433962236, 'breakout_proximity': 6.237695078031214, 'recent_signal': 5.7142857142857135, 'price_momentum': 0, 'active_volume': 2.5558422716690696, 'industry_breadth': 5.555555555555555, 'turnover': 10, 'float_cap': 10, 'liquidity': 3.6697096, 'controlled_5d_move': 5}"
603226.SH,菲林格尔,家居用品,瓷砖地板,37.38,2.1590598524186877,0.9580838323353292,0.5474251520150845,1.3673,132.88283484,1.77498924,-6.9454817027632565,40.17,37.45,35.78,6.830523006573297,37.044,2026-09-11,3,3.591425324831324,2026-09-11,35.83,4.325983812447687,1,0,36.19,3,-3.8332904553640246,0.8461538461538461,13,89,56.310910993882466,"{'close_strength': 14.371257485029938, 'breakout_proximity': 1.5817774458551153, 'recent_signal': 5.7142857142857135, 'price_momentum': 5.265099754031146, 'active_volume': 0.2371257600754223, 'industry_breadth': 8.461538461538462, 'turnover': 4.557666666666666, 'float_cap': 6.6846866064000015, 'liquidity': 4.4374731, 'controlled_5d_move': 5}"
603206.SH,嘉环科技,通信服务,通信工程及服务,13.6,-1.090909090909098,0.7941176470588226,1.5175405479431774,1.3434,41.5072,0.55378984,-5.358385525400133,14.37,13.67,13.33,-0.43923865300148357,13.54,2026-09-15,1,2.182366617219328,2026-09-15,13.32,2.102102102102088,1,0,13.6,1,-1.090909090909098,0.5882352941176471,17,52,56.27814527010307,"{'close_strength': 11.911764705882339, 'breakout_proximity': 3.9624217118998, 'recent_signal': 8.571428571428573, 'price_momentum': 0, 'active_volume': 5.087702739715887, 'industry_breadth': 5.882352941176471, 'turnover': 4.478, 'float_cap': 10, 'liquidity': 1.3844745999999999, 'controlled_5d_move': 5}"
600468.SH,百利电气,电网设备,配电设备,6.44,1.098901098901095,0.7058823529411774,0.550994833726933,2.3562,70.05015331999999,1.64216023,-6.666666666666665,6.9,6.49,6.32,-1.3782542113323304,6.474,2026-09-11,3,2.6347958427130638,2026-09-11,6.2,3.8709677419354938,1,0,6.37,3,-3.157894736842104,0.7692307692307693,26,101,55.905365809714226,"{'close_strength': 10.588235294117661, 'breakout_proximity': 2.000000000000002, 'recent_signal': 5.7142857142857135, 'price_momentum': 3.498168498168492, 'active_volume': 0.25497416863466515, 'industry_breadth': 7.6923076923076925, 'turnover': 7.854, 'float_cap': 9.197993867200001, 'liquidity': 4.105400575, 'controlled_5d_move': 5}"
002108.SZ,沧州明珠,塑料制品,其他塑料制品,4.44,1.1389521640091216,0.833333333333337,0.5456807117079775,1.3797,73.17112008,1.0028344644,-5.12820512820511,4.68,4.46,4.34,1.6018306636155888,4.4959999999999996,2026-09-11,3,2.5818863914848125,2026-09-10,4.32,2.77777777777779,2,0,4.39,3,-1.3333333333333197,0.8095238095238095,21,94,55.58978130690463,"{'close_strength': 12.500000000000055, 'breakout_proximity': 4.307692307692335, 'recent_signal': 5.7142857142857135, 'price_momentum': 3.5649202733485357, 'active_volume': 0.22840355853988747, 'industry_breadth': 8.095238095238095, 'turnover': 4.599, 'float_cap': 9.073155196800002, 'liquidity': 2.507086161, 'controlled_5d_move': 5}"
003007.SZ,直真科技,软件开发,垂直应用软件,39.12,1.0852713178294504,0.7226890756302486,0.6675476209195388,1.8248,28.39630824,0.516155883,-5.232558139534893,41.28,39.45,38.26,0.2049180327868827,39.228,2026-09-11,3,2.294526000281575,2026-09-11,37.22,5.104782375067174,1,0,38.7,3,-2.322097378277155,0.7821782178217822,101,108,55.213813492801705,"{'close_strength': 10.840336134453729, 'breakout_proximity': 4.1511627906976605, 'recent_signal': 5.7142857142857135, 'price_momentum': 3.4754521963824176, 'active_volume': 0.8377381045976939, 'industry_breadth': 7.821782178217822, 'turnover': 6.082666666666666, 'float_cap': 10, 'liquidity': 1.2903897075000001, 'controlled_5d_move': 5}"
000601.SZ,韶能股份,电力,水力发电,6.31,0.7987220447284393,0.4615384615384589,0.584252336247061,3.2833,66.23092735,2.1745888407,-4.103343465045595,6.58,6.38,6.25,-0.15822784810127777,6.358,2026-09-10,4,3.1304581239786686,2026-09-10,6.25,0.9599999999999831,1,0,6.26,4,-2.170542635658923,0.5,12,125,54.82367067300548,"{'close_strength': 6.923076923076883, 'breakout_proximity': 5.844984802431608, 'recent_signal': 4.2857142857142865, 'price_momentum': 2.997870074547399, 'active_volume': 0.42126168123530483, 'industry_breadth': 5.0, 'turnover': 10, 'float_cap': 9.350762906, 'liquidity': 5, 'controlled_5d_move': 5}"
000037.SZ,深南电A,电力,火力发电,9.79,-2.3928215353938187,0.3720930232558104,1.2156355866802886,10.1813,33.17911278,3.3829502529999997,-6.226053639846752,10.44,10.06,9.63,3.37909186906018,9.735999999999999,2026-09-15,1,2.5022268625207538,2026-09-10,9.33,4.9303322615219525,2,0,9.55,2,1.7671517671517645,0.41379310344827586,29,33,54.40898576171314,"{'close_strength': 5.581395348837156, 'breakout_proximity': 2.660919540229872, 'recent_signal': 8.571428571428573, 'price_momentum': 0, 'active_volume': 3.578177933401443, 'industry_breadth': 4.137931034482759, 'turnover': 9.879133333333334, 'float_cap': 10, 'liquidity': 5, 'controlled_5d_move': 5}"
002171.SZ,楚江新材,工业金属,铜,11.07,-0.18034265103696878,0.628571428571431,0.6322548103731332,4.778,178.80723405,8.4927606826,-3.8227628149435255,11.51,11.2,10.85,0.09041591320069209,11.124,2026-09-09,5,2.1320603340873485,2026-09-09,10.31,7.371483996120265,1,0,11.04,4,0.09041591320071429,0.8823529411764706,17,149,54.25017974653446,"{'close_strength': 9.428571428571464, 'breakout_proximity': 6.265855777584712, 'recent_signal': 2.8571428571428568, 'price_momentum': 1.3660955816050522, 'active_volume': 0.6612740518656662, 'industry_breadth': 8.823529411764707, 'turnover': 10, 'float_cap': 4.847710638, 'liquidity': 5, 'controlled_5d_move': 5}"
600742.SH,富维股份,汽车零部件,车身附件及饰件,7.69,1.5852047556142779,0.4150943396226425,1.3223858357061438,1.6526,57.14115251,0.9501793,-5.990220048899753,8.18,8.0,7.47,-2.287166454891998,7.702,2026-09-14,2,3.8594626314534035,2026-09-14,7.56,1.7195767195767209,1,0,7.57,2,-3.148614609571787,0.6666666666666666,45,63,54.069681418001664,"{'close_strength': 6.226415094339638, 'breakout_proximity': 3.014669926650371, 'recent_signal': 7.142857142857143, 'price_momentum': 4.308674592690463, 'active_volume': 4.111929178530719, 'industry_breadth': 6.666666666666666, 'turnover': 5.5086666666666675, 'float_cap': 9.7143538996, 'liquidity': 2.37544825, 'controlled_5d_move': 5}"
000863.SZ,三湘印象,房地产,住宅开发,4.54,0.8888888888888946,0.47368421052631626,0.6080522927143288,1.7731,52.88256014,0.9419355442,-2.991452991452981,4.68,4.64,4.45,2.4830699774266662,4.556,2026-09-10,4,2.7542723331270755,2026-09-09,4.16,9.134615384615374,2,0,4.5,4,2.483069977426644,0.8253968253968254,63,127,53.99604561035095,"{'close_strength': 7.105263157894744, 'breakout_proximity': 7.51282051282053, 'recent_signal': 4.2857142857142865, 'price_momentum': 3.1481481481481577, 'active_volume': 0.5402614635716441, 'industry_breadth': 8.253968253968253, 'turnover': 5.910333333333333, 'float_cap': 9.884697594399999, 'liquidity': 2.3548388605, 'controlled_5d_move': 5}"
600582.SH,天地科技,专用设备,能源及重型设备,4.96,0.6085192697768749,0.8750000000000028,0.6732737002377528,0.6151,205.27400944,1.25478291,-0.8000000000000007,5.0,4.97,4.89,3.7656903765690197,4.934,2026-09-10,4,3.090623468961275,2026-09-10,4.86,2.0576131687242816,1,0,4.87,4,0.4048582995951344,0.8064516129032258,62,126,53.79879459629681,"{'close_strength': 13.12500000000004, 'breakout_proximity': 10.799999999999999, 'recent_signal': 4.2857142857142865, 'price_momentum': 2.680865449628125, 'active_volume': 0.866368501188764, 'industry_breadth': 8.064516129032258, 'turnover': 2.050333333333333, 'float_cap': 3.7890396224000007, 'liquidity': 3.1369572750000003, 'controlled_5d_move': 5}"
002652.SZ,扬子新材,建筑材料,其他建材,4.68,2.6315789473684292,0.7586206896551715,0.4211644648330219,3.3424,23.9645952,0.7947863439999999,-8.055009823182713,5.09,4.75,4.46,-5.263157894736848,4.726,2026-09-09,5,2.1305777502238046,2026-09-08,4.34,7.834101382488479,2,0,4.56,3,1.9607843137254832,0.8823529411764706,17,150,53.59958005268251,"{'close_strength': 11.379310344827573, 'breakout_proximity': 0, 'recent_signal': 2.8571428571428568, 'price_momentum': 6.0526315789473815, 'active_volume': 0, 'industry_breadth': 8.823529411764707, 'turnover': 10, 'float_cap': 10, 'liquidity': 1.9869658599999998, 'controlled_5d_move': 2.5}"
003013.SZ,地铁设计,建筑装饰,工程咨询服务Ⅲ,17.8,0.96426545660806,0.7000000000000005,0.6032882381903975,2.2393,71.7752248,1.5623811042000002,-9.13731495661051,19.59,18.25,16.75,-0.16825574873805538,18.342,2026-09-11,3,2.1169357454591227,2026-09-09,16.6,7.2289156626506035,2,0,17.63,5,-0.16825574873806648,0.8,45,95,53.50377976808448,"{'close_strength': 10.500000000000007, 'breakout_proximity': 0, 'recent_signal': 5.7142857142857135, 'price_momentum': 3.2737757610134333, 'active_volume': 0.5164411909519873, 'industry_breadth': 8.0, 'turnover': 7.464333333333334, 'float_cap': 9.128991008, 'liquidity': 3.9059527605000004, 'controlled_5d_move': 5}"
603578.SH,三星新材,白色家电,家电零部件Ⅲ,13.84,-0.2881844380403509,0.507462686567164,0.9450939257543488,2.5939,24.9614088,0.65017062,-3.2167832167832255,14.3,14.17,13.5,2.2912047302291016,13.774000000000001,2026-09-08,6,2.1187957835088214,2026-09-08,12.55,10.278884462151394,1,0,13.53,6,1.764705882352935,0.8529411764705882,34,165,53.42833744864776,"{'close_strength': 7.611940298507459, 'breakout_proximity': 7.174825174825162, 'recent_signal': 1.428571428571429, 'price_momentum': 1.1863592699327485, 'active_volume': 2.225469628771744, 'industry_breadth': 8.529411764705882, 'turnover': 8.646333333333335, 'float_cap': 10, 'liquidity': 1.62542655, 'controlled_5d_move': 5}"
600343.SH,航天动力,通用设备,其他通用设备,20.02,0.30060120240480437,0.2769230769230771,0.6552498978233454,4.6771,127.76890126,6.00048817,-3.5180722891566263,20.75,20.49,19.84,4.926624737945495,19.838,2026-09-10,4,2.9298142173063613,2026-09-08,18.1,10.607734806629821,3,0,19.08,3,5.758055995773903,0.8235294117647058,51,124,53.23090823286397,"{'close_strength': 4.153846153846157, 'breakout_proximity': 6.722891566265061, 'recent_signal': 4.2857142857142865, 'price_momentum': 2.167668670674674, 'active_volume': 0.7762494891167271, 'industry_breadth': 8.235294117647058, 'turnover': 10, 'float_cap': 6.8892439496, 'liquidity': 5, 'controlled_5d_move': 5}"
000862.SZ,银星能源,电力,风力发电,5.65,0.5338078291815096,0.40000000000000213,0.8231595774116574,3.6255,40.2951559,1.4599511576,-4.721753794266437,5.93,5.8,5.55,3.669724770642202,5.61,2026-09-11,3,2.7041815746437927,2026-09-10,5.38,5.018587360594795,2,0,5.62,2,1.9855595667870096,0.375,16,100,53.20367718591356,"{'close_strength': 6.000000000000032, 'breakout_proximity': 4.917369308600344, 'recent_signal': 5.7142857142857135, 'price_momentum': 2.556346381969183, 'active_volume': 1.6157978870582868, 'industry_breadth': 3.75, 'turnover': 10, 'float_cap': 10, 'liquidity': 3.649877894, 'controlled_5d_move': 5}"
601016.SH,节能风电,电力,风力发电,3.43,-0.8670520231213841,0.45454545454545564,1.1424645251679657,2.6011,207.11232829,5.37798981,-2.5568181818181768,3.52,3.49,3.38,0.8797653958944274,3.426,2026-09-15,1,2.1735635588258826,2026-09-15,3.32,3.3132530120482118,1,0,3.43,1,-0.8670520231213841,0.375,16,53,53.124125905920664,"{'close_strength': 6.818181818181834, 'breakout_proximity': 8.164772727272736, 'recent_signal': 8.571428571428573, 'price_momentum': 0.22157996146435988, 'active_volume': 3.2123226258398283, 'industry_breadth': 3.75, 'turnover': 8.670333333333334, 'float_cap': 3.7155068684000003, 'liquidity': 5, 'controlled_5d_move': 5}"
002735.SZ,王子新材,包装印刷,塑料包装,12.47,-0.23999999999999577,0.7261904761904777,0.9951989875449487,15.6184,35.54689471,5.4639286977,-8.845029239766077,13.68,12.7,11.86,5.857385398981352,12.716000000000001,2026-09-11,3,3.63494232718183,2026-09-10,11.61,7.407407407407418,2,0,12.47,3,-0.23999999999999577,0.625,8,86,52.854204461534295,"{'close_strength': 10.892857142857165, 'breakout_proximity': 0, 'recent_signal': 5.7142857142857135, 'price_momentum': 1.2666666666666737, 'active_volume': 2.4759949377247437, 'industry_breadth': 6.25, 'turnover': 6.2544, 'float_cap': 10, 'liquidity': 5, 'controlled_5d_move': 5}"
600198.SH,大唐电信,半导体,通信终端及配件,7.74,0.78125,0.741935483870968,0.559651696583431,1.5337,100.77091452,1.54153984,-6.521739130434778,8.28,7.82,7.51,-2.6415094339622636,7.896,2026-09-11,3,2.1300345469180146,2026-09-09,7.63,1.4416775884665833,2,0,7.68,4,-2.6415094339622636,0.8571428571428571,28,106,52.834492683577125,"{'close_strength': 11.12903225806452, 'breakout_proximity': 2.2173913043478333, 'recent_signal': 5.7142857142857135, 'price_momentum': 2.96875, 'active_volume': 0.29825848291715473, 'industry_breadth': 8.571428571428571, 'turnover': 5.112333333333333, 'float_cap': 7.969163419199999, 'liquidity': 3.8538496, 'controlled_5d_move': 5}"
000409.SZ,云鼎科技,IT服务,IT服务Ⅲ,8.83,-3.49726775956285,0.28947368421052555,2.0723277980926373,2.0997,52.13884537,1.0972357012,-8.969072164948443,9.7,9.1,8.72,-2.6460859977949447,8.948,2026-09-15,1,4.31704922124429,2026-09-15,8.82,0.11337868480725266,1,0,8.83,1,-3.49726775956285,0.7164179104477612,134,32,52.59588736772725,"{'close_strength': 4.342105263157883, 'breakout_proximity': 0, 'recent_signal': 8.571428571428573, 'price_momentum': 0, 'active_volume': 7.861638990463186, 'industry_breadth': 7.164179104477611, 'turnover': 6.999, 'float_cap': 9.9144461852, 'liquidity': 2.743089253, 'controlled_5d_move': 5}"
002728.SZ,特一药业,中药,中药Ⅲ,9.18,0.7683863885839859,0.8888888888888911,0.8015591250291711,2.4174,46.02015702,1.1043952320000001,-5.749486652977421,9.74,9.2,9.02,-2.857142857142836,9.204,2026-09-08,6,3.3334398762315467,2026-09-08,9.04,1.5486725663716783,1,0,9.09,6,-4.0752351097178785,0.4117647058823529,68,153,52.529416194048025,"{'close_strength': 13.333333333333366, 'breakout_proximity': 3.375770020533869, 'recent_signal': 1.428571428571429, 'price_momentum': 2.947310647639976, 'active_volume': 1.5077956251458557, 'industry_breadth': 4.117647058823529, 'turnover': 8.058, 'float_cap': 10, 'liquidity': 2.76098808, 'controlled_5d_move': 5}"
001319.SZ,铭科精技,汽车零部件,车身附件及饰件,21.98,-0.31746031746031633,0.2676056338028184,0.8705183163659459,5.179,18.02362198,0.9371353214,-4.434782608695653,23.0,22.5,21.79,7.2870871704690865,21.78,2026-09-11,3,5.820172113831242,2026-09-11,19.9,10.452261306532673,1,0,21.84,3,-1.2578616352201255,0.6666666666666666,45,84,52.07585899784704,"{'close_strength': 4.014084507042275, 'breakout_proximity': 5.34782608695652, 'recent_signal': 5.7142857142857135, 'price_momentum': 1.1375661375661394, 'active_volume': 1.8525915818297296, 'industry_breadth': 6.666666666666666, 'turnover': 10, 'float_cap': 10, 'liquidity': 2.3428383034999998, 'controlled_5d_move': 5}"
603331.SH,百达精工,通用设备,其他通用设备,13.05,2.352941176470602,0.5212765957446813,0.9916366389368074,3.0929,26.3839158,0.82094822,-6.7190850607576795,13.99,13.5,12.56,-5.912040374909877,13.110000000000001,2026-09-08,6,3.832004346480254,2026-09-08,12.55,3.984063745019917,1,0,12.75,6,-4.044117647058821,0.8235294117647058,51,152,52.00317593005389,"{'close_strength': 7.81914893617022, 'breakout_proximity': 1.9213724088634807, 'recent_signal': 1.428571428571429, 'price_momentum': 5.588235294117671, 'active_volume': 2.458183194684037, 'industry_breadth': 8.235294117647058, 'turnover': 10, 'float_cap': 10, 'liquidity': 2.05237055, 'controlled_5d_move': 2.5}"
601279.SH,英利汽车,汽车零部件,其他汽车零部件,3.41,0.5899705014749346,0.7333333333333337,0.8904208000011169,1.2871,54.0753026,0.69039445,-8.333333333333337,3.72,3.45,3.3,-1.445086705202303,3.428,2026-09-14,2,4.68136055005388,2026-09-14,3.35,1.7910447761193993,1,0,3.39,2,-3.672316384180785,0.8245614035087719,57,60,51.843833368075344,"{'close_strength': 11.000000000000005, 'breakout_proximity': 0, 'recent_signal': 7.142857142857143, 'price_momentum': 2.6499508357915573, 'active_volume': 1.9521040000055845, 'industry_breadth': 8.24561403508772, 'turnover': 4.290333333333333, 'float_cap': 9.836987896, 'liquidity': 1.725986125, 'controlled_5d_move': 5}"
603083.SH,剑桥科技,通信设备,通信终端及配件,223.63,3.3410351201478727,0.5999999999999995,0.9950601303684381,9.4565,616.29833892,58.06375764,-5.9864631941817015,237.87,229.09,215.44,2.1188182108772047,223.56,2026-09-08,6,2.3288998246856747,2026-09-08,213.5,4.7447306791569055,1,0,216.4,6,0.5982905982905962,0.8571428571428571,28,160,51.73066439414942,"{'close_strength': 8.999999999999993, 'breakout_proximity': 3.020305208727448, 'recent_signal': 1.428571428571429, 'price_momentum': 7.235058533579788, 'active_volume': 2.4753006518421907, 'industry_breadth': 8.571428571428571, 'turnover': 10, 'float_cap': 0, 'liquidity': 5, 'controlled_5d_move': 5}"
002462.SZ,嘉事堂,医药商业,医药流通,12.11,0.2483443708609201,0.759999999999998,0.8195524590110549,0.7425,35.29706544,0.2611477188,-4.1930379746835555,12.64,12.17,11.92,-2.3387096774193594,12.136,2026-09-14,2,2.4237780360668446,2026-09-14,11.88,1.9360269360269244,1,0,12.08,2,-1.7045454545454586,0.5416666666666666,24,71,51.47617239098859,"{'close_strength': 11.39999999999997, 'breakout_proximity': 5.710443037974667, 'recent_signal': 7.142857142857143, 'price_momentum': 2.0805739514348667, 'active_volume': 1.5977622950552743, 'industry_breadth': 5.416666666666666, 'turnover': 2.475, 'float_cap': 10, 'liquidity': 0.652869297, 'controlled_5d_move': 5}"
002508.SZ,老板电器,厨卫电器,厨房电器,16.57,0.6071645415907767,0.6436781609195407,0.8538482548622879,1.1386,154.69847891,1.7405533943,-3.997682502896882,17.26,16.88,16.01,4.0175768989328065,16.657999999999998,2026-09-11,3,3.5694800646427267,2026-09-10,15.75,5.2063492063492145,2,0,16.47,3,1.4696876913655954,0.6666666666666666,6,90,51.4462275467129,"{'close_strength': 9.65517241379311, 'breakout_proximity': 6.003476245654676, 'recent_signal': 5.7142857142857135, 'price_momentum': 2.678607569317961, 'active_volume': 1.7692412743114394, 'industry_breadth': 6.666666666666666, 'turnover': 3.7953333333333332, 'float_cap': 5.812060843599999, 'liquidity': 4.3513834857500004, 'controlled_5d_move': 5}"
001390.SZ,古麒绒材,纺织制造,其他纺织,16.49,0.6715506715506692,0.8333333333333235,0.6005112847456421,1.0433,19.41850857,0.20228518,-6.572237960339944,17.65,16.53,16.29,-2.6564344746163093,16.604,2026-09-11,3,2.143701767591865,2026-09-11,16.34,0.9179926560587415,1,0,16.38,3,-2.020202020202022,0.875,16,112,51.37778260008831,"{'close_strength': 12.499999999999853, 'breakout_proximity': 2.141643059490084, 'recent_signal': 5.7142857142857135, 'price_momentum': 2.785917785917782, 'active_volume': 0.5025564237282104, 'industry_breadth': 8.75, 'turnover': 3.477666666666666, 'float_cap': 10, 'liquidity': 0.50571295, 'controlled_5d_move': 5}"
002842.SZ,翔鹭钨业,小金属,钨,35.95,-1.7759562841530019,0.9057591623036653,2.0868956090660573,20.2938,96.51212495,19.1702089583,-11.887254901960775,40.8,36.13,34.22,4.05209840810421,34.624,2026-09-15,1,3.545075092176859,2026-09-15,35.44,1.4390519187359008,1,0,35.95,1,-1.7759562841530019,0.0,4,34,51.36927571998051,"{'close_strength': 13.586387434554979, 'breakout_proximity': 0, 'recent_signal': 8.571428571428573, 'price_momentum': 0, 'active_volume': 7.9344780453302866, 'industry_breadth': 0.0, 'turnover': 3.137466666666666, 'float_cap': 8.139515002000001, 'liquidity': 5, 'controlled_5d_move': 5}"
002191.SZ,劲嘉股份,包装印刷,纸包装,3.59,0.27932960893854997,0.8333333333333296,0.5122899059370952,0.4882,50.35748645,0.24464182550000002,-4.774535809018577,3.77,3.6,3.54,-2.179836512261568,3.606,2026-09-14,2,2.008239364082759,2026-09-14,3.55,1.1267605633802802,1,0,3.58,2,-1.9125683060109422,0.7272727272727273,22,81,51.172084685722886,"{'close_strength': 12.499999999999943, 'breakout_proximity': 4.838196286472135, 'recent_signal': 7.142857142857143, 'price_momentum': 2.1322160148975833, 'active_volume': 0.06144952968547612, 'industry_breadth': 7.272727272727273, 'turnover': 1.6273333333333335, 'float_cap': 9.985700542, 'liquidity': 0.61160456375, 'controlled_5d_move': 5}"
605222.SH,起帆电缆,电网设备,线缆部件及其他,22.77,-0.35010940919038,0.5316455696202514,0.6986627132963984,2.0713,94.01910606,1.94863115,-4.966611018363942,23.96,23.14,22.35,-2.8169014084507005,22.752,2026-09-09,5,2.2035529957028315,2026-09-09,22.09,3.0783159800814808,1,0,22.48,5,-2.8169014084507005,0.8,40,147,50.47352139099874,"{'close_strength': 7.974683544303772, 'breakout_proximity': 4.550083472454087, 'recent_signal': 2.8571428571428568, 'price_momentum': 1.0831509846826999, 'active_volume': 0.993313566481992, 'industry_breadth': 8.0, 'turnover': 6.904333333333334, 'float_cap': 8.2392357576, 'liquidity': 4.871577875, 'controlled_5d_move': 5}"
002223.SZ,鱼跃医疗,医疗器械,医疗设备,25.92,-0.5753739930955071,0.3529411764705936,1.308198195464002,0.903,244.24242336,2.2065283035,-2.1517553793884314,26.49,26.25,25.74,0.8168028004667649,25.650000000000002,2026-09-15,1,2.1670937242924735,2026-09-15,25.45,1.846758349705313,1,0,25.92,1,-0.5753739930955071,0.7777777777777778,45,54,50.404694981610106,"{'close_strength': 5.294117647058904, 'breakout_proximity': 8.772366930917354, 'recent_signal': 8.571428571428573, 'price_momentum': 0.7077100115074881, 'active_volume': 4.040990977320011, 'industry_breadth': 7.777777777777778, 'turnover': 3.01, 'float_cap': 2.2303030656, 'liquidity': 5, 'controlled_5d_move': 5}"
603218.SH,日月股份,风电设备,风电零部件,9.36,-2.1943573667711713,0.24444444444444358,1.6416315003821187,1.5716,96.3084564,1.51772489,-4.684317718940944,9.82,9.7,9.25,0.8620689655172598,9.376,2026-09-15,1,2.690679755065089,2026-09-11,9.18,1.9607843137254832,2,0,9.24,1,-0.42553191489362874,0.5185185185185185,27,39,50.28560198244626,"{'close_strength': 3.6666666666666536, 'breakout_proximity': 4.973523421588584, 'recent_signal': 8.571428571428573, 'price_momentum': 0, 'active_volume': 5.708157501910593, 'industry_breadth': 5.185185185185185, 'turnover': 5.238666666666667, 'float_cap': 8.147661744, 'liquidity': 3.794312225, 'controlled_5d_move': 5}"
600100.SH,同方股份,计算机设备,其他计算机设备,6.8,0.2949852507374562,0.8235294117647044,0.9210470496738683,0.6049,227.82024360000003,1.36523481,-4.090267983074758,7.09,6.83,6.66,-0.2932551319648202,6.8420000000000005,2026-09-11,3,2.22826703483988,2026-09-11,6.7,1.4925373134328401,1,0,6.78,3,-2.5787965616045905,0.8548387096774194,62,110,50.060366626850104,"{'close_strength': 12.352941176470566, 'breakout_proximity': 5.8645980253878625, 'recent_signal': 5.7142857142857135, 'price_momentum': 2.1583087512290935, 'active_volume': 2.1052352483693415, 'industry_breadth': 8.548387096774194, 'turnover': 2.0163333333333333, 'float_cap': 2.887190255999999, 'liquidity': 3.4130870250000003, 'controlled_5d_move': 5}"
002039.SZ,黔源电力,电力,水力发电,19.47,-0.4601226993865004,0.5106382978723384,0.8478974865136226,1.1211,83.24556207,0.9316886363000001,-1.9143576826196607,19.85,19.7,19.23,0.051387461459384554,19.55,2026-09-11,3,2.0515248132881188,2026-09-11,19.16,1.617954070981198,1,0,19.47,3,-0.4601226993865004,0.5,12,117,49.878005699981905,"{'close_strength': 7.659574468085076, 'breakout_proximity': 9.128463476070507, 'recent_signal': 5.7142857142857135, 'price_momentum': 0.8997955010224994, 'active_volume': 1.7394874325681131, 'industry_breadth': 5.0, 'turnover': 3.7369999999999997, 'float_cap': 8.670177517199999, 'liquidity': 2.3292215907500005, 'controlled_5d_move': 5}"
600356.SH,恒丰纸业,造纸,特种纸,9.26,1.2021857923497192,0.7999999999999972,0.5836035127067314,1.4592,27.662527639999997,0.40063285,-6.085192697768759,9.86,9.31,9.06,-0.9625668449197877,9.318,2026-09-08,6,2.093013823619588,2026-09-08,9.1,1.758241758241752,1,0,9.15,5,-1.5940488841657885,0.8571428571428571,14,166,49.82612029579668,"{'close_strength': 11.999999999999957, 'breakout_proximity': 2.872210953346861, 'recent_signal': 1.428571428571429, 'price_momentum': 3.670309653916199, 'active_volume': 0.41801756353365693, 'industry_breadth': 8.571428571428571, 'turnover': 4.864, 'float_cap': 10, 'liquidity': 1.0015821249999999, 'controlled_5d_move': 5}"
600776.SH,东方通信,通信设备,其他通信设备,13.55,1.4221556886227615,0.6724137931034492,0.4840975452127702,2.5072,129.53801355,3.23464691,-7.571623465211452,14.66,13.74,13.16,-3.4212401995723174,13.764,2026-09-09,5,2.47611669938519,2026-09-09,13.3,1.8796992481203034,1,0,13.36,5,-3.4212401995723396,0.9166666666666666,12,146,49.46532016158202,"{'close_strength': 10.086206896551738, 'breakout_proximity': 0.6425648021828216, 'recent_signal': 2.8571428571428568, 'price_momentum': 4.036926147704603, 'active_volume': 0, 'industry_breadth': 9.166666666666666, 'turnover': 8.357333333333333, 'float_cap': 6.8184794580000005, 'liquidity': 5, 'controlled_5d_move': 2.5}"
603966.SH,法兰泰克,专用设备,能源及重型设备,7.34,0.6858710562414272,0.75,0.7494245629642926,0.8805,38.14576714,0.3338309,-9.382716049382712,8.1,7.38,7.22,-1.0781671159029615,7.312,2026-09-14,2,2.498329796924405,2026-09-14,7.1,3.3802816901408406,1,0,7.29,2,-1.3440860215053863,0.8064516129032258,62,69,49.28385843044658,"{'close_strength': 11.25, 'breakout_proximity': 0, 'recent_signal': 7.142857142857143, 'price_momentum': 2.8097850937357123, 'active_volume': 1.247122814821463, 'industry_breadth': 8.064516129032258, 'turnover': 2.9349999999999996, 'float_cap': 10, 'liquidity': 0.8345772499999999, 'controlled_5d_move': 5}"
605155.SH,西大门,家居用品,其他家居用品,14.35,-0.692041522491349,0.31707317073170477,1.0448773437313872,1.4742,26.8959754,0.3984326,-5.0925925925925934,15.12,14.63,14.22,-2.777777777777768,14.256,2026-09-15,1,2.2723990492350823,2026-09-15,13.83,3.7599421547360734,1,0,14.35,1,-0.692041522491349,0.7083333333333334,24,46,48.91970292468661,"{'close_strength': 4.756097560975571, 'breakout_proximity': 4.36111111111111, 'recent_signal': 8.571428571428573, 'price_momentum': 0.513264129181085, 'active_volume': 2.7243867186569357, 'industry_breadth': 7.083333333333334, 'turnover': 4.914, 'float_cap': 10, 'liquidity': 0.9960815000000001, 'controlled_5d_move': 5}"
603637.SH,镇海股份,建筑装饰,化学工程,14.22,-2.268041237113405,0.4210526315789475,1.104109755590499,4.0451,33.94113498000001,1.37160619,-11.677018633540381,16.1,14.55,13.98,-3.9189189189189233,14.168000000000001,2026-09-15,1,2.289088316719703,2026-09-15,13.73,3.5688273852876984,1,0,14.22,1,-2.268041237113405,0.42857142857142855,7,45,48.122496583779565,"{'close_strength': 6.315789473684212, 'breakout_proximity': 0, 'recent_signal': 8.571428571428573, 'price_momentum': 0, 'active_volume': 3.020548777952495, 'industry_breadth': 4.285714285714286, 'turnover': 10, 'float_cap': 10, 'liquidity': 3.429015475, 'controlled_5d_move': 2.5}"
000539.SZ,粤电力A,电力,火力发电,5.31,0.5681818181818121,0.5624999999999987,0.6000123343724982,1.9195,135.69104439,2.6042450089,-4.838709677419361,5.58,5.38,5.22,-0.5617977528090123,5.356,2026-09-10,4,2.0941060887912446,2026-09-09,5.15,3.1067961165048397,2,0,5.28,3,-0.5617977528089901,0.41379310344827586,29,132,47.68747039730016,"{'close_strength': 8.43749999999998, 'breakout_proximity': 4.741935483870958, 'recent_signal': 4.2857142857142865, 'price_momentum': 2.6136363636363535, 'active_volume': 0.5000616718624912, 'industry_breadth': 4.137931034482759, 'turnover': 6.398333333333333, 'float_cap': 6.5723582244, 'liquidity': 5, 'controlled_5d_move': 5}"
000690.SZ,宝新能源,电力,火力发电,5.25,-0.1901140684410607,0.5555555555555545,0.477467632759588,1.9862,114.1595805,2.2624208406,-3.669724770642202,5.45,5.29,5.2,-2.957486136783738,5.26,2026-09-09,5,2.9944804082276537,2026-09-09,5.09,3.143418467583503,1,0,5.25,5,-2.957486136783738,0.41379310344827586,29,141,47.22791340159386,"{'close_strength': 8.333333333333318, 'breakout_proximity': 6.4954128440366965, 'recent_signal': 2.8571428571428568, 'price_momentum': 1.3498098859315655, 'active_volume': 0, 'industry_breadth': 4.137931034482759, 'turnover': 6.620666666666667, 'float_cap': 7.4336167799999995, 'liquidity': 5, 'controlled_5d_move': 5}"
603661.SH,恒林股份,家居用品,成品家居,31.18,-0.1920614596670922,0.5185185185185182,0.6012239186539317,2.1062,43.3610906,0.91604842,-7.751479289940821,33.8,31.7,30.62,0.03208213025343021,31.52,2026-09-14,2,4.037290169960682,2026-09-14,29.95,4.106844741235394,1,0,31.18,2,-6.310096153846157,0.5294117647058824,17,61,46.75100517660701,"{'close_strength': 7.777777777777772, 'breakout_proximity': 0.37278106508876796, 'recent_signal': 7.142857142857143, 'price_momentum': 1.3465642338881798, 'active_volume': 0.5061195932696583, 'industry_breadth': 5.294117647058823, 'turnover': 7.020666666666666, 'float_cap': 10, 'liquidity': 2.2901210499999998, 'controlled_5d_move': 5}"
000657.SZ,中钨高新,小金属,钨,62.04,-0.30531897798489194,0.7672131147540978,1.5075980394032829,5.4479,901.7216208,48.4018996085,-10.605187319884735,69.4,62.75,59.7,2.5454545454545396,60.276,2026-09-15,1,2.3588109154363655,2026-09-15,60.57,2.426944031698852,1,0,62.04,1,-0.30531897798489194,0.0,4,43,46.27541719311497,"{'close_strength': 11.508196721311467, 'breakout_proximity': 0, 'recent_signal': 8.571428571428573, 'price_momentum': 1.1578017033585135, 'active_volume': 5.0379901970164145, 'industry_breadth': 0.0, 'turnover': 10, 'float_cap': 0, 'liquidity': 5, 'controlled_5d_move': 5}"
605305.SH,中际联合,工程机械,工程机械整机,31.82,-1.759802408150668,0.14666666666666592,1.2440380718679145,2.018,67.623864,1.36804743,-6.0248080330773774,33.86,32.46,31.71,0.993050242764637,31.768,2026-09-15,1,2.3827102833682225,2026-09-15,31.23,1.8892090938200434,1,0,31.82,1,-1.759802408150668,0.43478260869565216,23,42,46.244063649775256,"{'close_strength': 2.1999999999999886, 'breakout_proximity': 2.962787950383934, 'recent_signal': 8.571428571428573, 'price_momentum': 0, 'active_volume': 3.7201903593395724, 'industry_breadth': 4.3478260869565215, 'turnover': 6.726666666666667, 'float_cap': 9.29504544, 'liquidity': 3.420118575, 'controlled_5d_move': 5}"
600855.SH,航天长峰,军工电子,军工电子Ⅲ,13.18,-0.3779289493575311,0.6774193548387085,0.4989926723592874,2.1381,61.63491246,1.31001881,-9.10344827586207,14.5,13.38,12.76,-5.111591072714194,13.52,2026-09-09,5,2.653433258999165,2026-09-08,12.74,3.4536891679748827,2,0,13.18,5,-2.370370370370367,0.9672131147540983,61,143,46.16399993826858,"{'close_strength': 10.161290322580628, 'breakout_proximity': 0, 'recent_signal': 2.8571428571428568, 'price_momentum': 1.0367850844041149, 'active_volume': 0, 'industry_breadth': 9.672131147540984, 'turnover': 7.127, 'float_cap': 9.5346035016, 'liquidity': 3.275047025, 'controlled_5d_move': 2.5}"
603677.SH,奇精机械,白色家电,家电零部件Ⅲ,13.23,0.5319148936170137,0.75,0.6446528476014147,0.7976,25.48109907,0.20238182,-8.758620689655173,14.5,13.3,13.02,-5.093256814921077,13.406,2026-09-14,2,2.4973558125819455,2026-09-14,13.13,0.7616146230007503,1,0,13.16,2,-4.199855177407674,0.8529411764705882,34,70,45.86334585159845,"{'close_strength': 11.25, 'breakout_proximity': 0, 'recent_signal': 7.142857142857143, 'price_momentum': 2.55319148936169, 'active_volume': 0.7232642380070736, 'industry_breadth': 8.529411764705882, 'turnover': 2.6586666666666665, 'float_cap': 10, 'liquidity': 0.50595455, 'controlled_5d_move': 2.5}"
002510.SZ,天汽模,汽车零部件,其他汽车零部件,5.57,-0.17921146953404632,0.6000000000000012,0.42125763484429535,1.0861,56.54086391,0.6135185614,-7.011686143572615,5.99,5.63,5.48,-1.590106007067138,5.72,2026-09-11,3,2.446574215003245,2026-09-11,5.55,0.3603603603603789,1,0,5.57,3,-5.752961082910324,0.8245614035087719,57,104,45.702846598557784,"{'close_strength': 9.000000000000018, 'breakout_proximity': 1.4824707846410772, 'recent_signal': 5.7142857142857135, 'price_momentum': 1.3679808841099228, 'active_volume': 0, 'industry_breadth': 8.24561403508772, 'turnover': 3.620333333333334, 'float_cap': 9.738365443600001, 'liquidity': 1.5337964035000002, 'controlled_5d_move': 5}"
002378.SZ,章源钨业,小金属,钨,24.13,-2.4656426839126944,0.7107438016528916,1.685391896024196,3.6879,288.57016327,10.521377331099998,-8.563849943160296,26.39,24.48,23.27,1.2164429530201248,23.772,2026-09-15,1,3.504439669767745,2026-09-15,24.01,0.49979175343606297,1,0,24.13,1,-2.4656426839126944,0.0,4,35,45.61673854554292,"{'close_strength': 10.661157024793374, 'breakout_proximity': 0, 'recent_signal': 8.571428571428573, 'price_momentum': 0, 'active_volume': 5.92695948012098, 'industry_breadth': 0.0, 'turnover': 10, 'float_cap': 0.4571934691999991, 'liquidity': 5, 'controlled_5d_move': 5}"
000531.SZ,穗恒运A,电力,火力发电,5.76,-0.5181347150259086,0.42857142857142677,0.7920885924352729,1.0698,52.4013408,0.55989146,-3.5175879396984966,5.97,5.84,5.7,-0.34602076124568004,5.798,2026-09-11,3,2.13266582653079,2026-09-11,5.68,1.4084507042253502,1,0,5.76,3,-1.7064846416382395,0.41379310344827586,29,114,45.13763305625864,"{'close_strength': 6.428571428571401, 'breakout_proximity': 6.723618090452255, 'recent_signal': 5.7142857142857135, 'price_momentum': 0.8031088082901523, 'active_volume': 1.4604429621763644, 'industry_breadth': 4.137931034482759, 'turnover': 3.5660000000000003, 'float_cap': 9.903946368, 'liquidity': 1.3997286500000001, 'controlled_5d_move': 5}"
003029.SZ,吉大正元,软件开发,垂直应用软件,17.43,-4.858078602620086,0.09090909090908895,0.8416882050814941,5.8817,30.6041169,1.8133563341999999,-9.45454545454546,19.25,18.03,17.37,-0.28604118993132976,18.034,2026-09-10,4,6.379548386416157,2026-09-10,17.22,1.2195121951219523,1,0,17.43,4,-4.909983633387882,0.7821782178217822,101,120,44.712964688475914,"{'close_strength': 1.3636363636363342, 'breakout_proximity': 0, 'recent_signal': 4.2857142857142865, 'price_momentum': 0, 'active_volume': 1.7084410254074704, 'industry_breadth': 7.821782178217822, 'turnover': 10, 'float_cap': 10, 'liquidity': 4.5333908355, 'controlled_5d_move': 5}"
600032.SH,浙江新能,电力,光伏发电,7.21,-0.2766251728907432,0.37931034482758724,0.7197086422130163,1.3869,173.37708913,2.40894443,-6.1197916666666625,7.68,7.39,7.1,3.000000000000025,7.234,2026-09-11,3,5.089155356515681,2026-09-10,6.92,4.190751445086716,2,0,7.21,0,2.269503546099294,0.8461538461538461,13,85,44.67787620595183,"{'close_strength': 5.689655172413809, 'breakout_proximity': 2.820312500000006, 'recent_signal': 5.7142857142857135, 'price_momentum': 1.2056247118487613, 'active_volume': 1.0985432110650817, 'industry_breadth': 8.461538461538462, 'turnover': 4.623, 'float_cap': 5.0649164348, 'liquidity': 5, 'controlled_5d_move': 5}"
600549.SH,厦门钨业,小金属,钨,50.6,-1.0559249120062564,0.816425120772949,1.2853053226857247,2.9666,786.289592,23.02854558,-9.48121645796064,55.9,50.98,48.91,-0.35447026388341074,49.928,2026-09-15,1,2.092625731559945,2026-09-15,50.36,0.4765687053216894,1,0,50.6,1,-1.0559249120062564,0.0,4,56,44.6329986631181,"{'close_strength': 12.246376811594235, 'breakout_proximity': 0, 'recent_signal': 8.571428571428573, 'price_momentum': 0, 'active_volume': 3.9265266134286234, 'industry_breadth': 0.0, 'turnover': 9.888666666666667, 'float_cap': 0, 'liquidity': 5, 'controlled_5d_move': 5}"
600710.SH,苏美达,贸易,贸易Ⅲ,11.19,-1.6695957820738294,0.4599999999999973,0.8032280244954251,1.2292,146.22525785999997,1.7880452,-5.808080808080818,11.88,11.46,10.96,-0.08928571428571397,11.47,2026-09-10,4,2.2318613542647046,2026-09-09,10.73,4.287045666356004,2,0,11.19,3,-0.08928571428571397,0.8333333333333334,12,135,44.041502548336815,"{'close_strength': 6.8999999999999595, 'breakout_proximity': 3.2878787878787734, 'recent_signal': 4.2857142857142865, 'price_momentum': 0, 'active_volume': 1.5161401224771254, 'industry_breadth': 8.333333333333334, 'turnover': 4.097333333333333, 'float_cap': 6.150989685600001, 'liquidity': 4.470113, 'controlled_5d_move': 5}"
002916.SZ,深南电路,元件,印制电路板,392.5,0.7133326490813774,0.4974905897114183,0.9289907229939046,1.1236,2610.20821,29.2775072427,-2.966625463535233,404.5,400.51,384.57,2.4002087138011996,392.068,2026-09-08,6,2.188353276099759,2026-09-08,370.01,6.078214102321566,1,0,383.3,6,2.614379084967311,0.8541666666666666,48,163,43.72850010904501,"{'close_strength': 7.462358845671274, 'breakout_proximity': 7.550061804697151, 'recent_signal': 1.428571428571429, 'price_momentum': 2.8555544151356287, 'active_volume': 2.144953614969523, 'industry_breadth': 8.541666666666666, 'turnover': 3.7453333333333334, 'float_cap': 0, 'liquidity': 5, 'controlled_5d_move': 5}"
603606.SH,东方电缆,电网设备,线缆部件及其他,36.06,-1.6366612111292755,0.2307692307692331,0.929295609494374,2.3869,297.4259451,7.11451379,-4.044704630122398,37.58,36.96,35.79,5.747800586510277,35.776,2026-09-11,3,2.334005926264439,2026-09-11,33.95,6.215022091310751,1,0,36.02,2,1.1500701262272095,0.8,40,107,43.314540807445816,"{'close_strength': 3.4615384615384968, 'breakout_proximity': 5.932943054816403, 'recent_signal': 5.7142857142857135, 'price_momentum': 0, 'active_volume': 2.1464780474718697, 'industry_breadth': 8.0, 'turnover': 7.956333333333333, 'float_cap': 0.10296219600000087, 'liquidity': 5, 'controlled_5d_move': 5}"
002099.SZ,海翔药业,化学制药,原料药,5.33,-0.5597014925373234,0.6428571428571433,0.4650376729744242,0.9068,86.17774789,0.78011145,-10.420168067226887,5.95,5.38,5.24,-2.5594149908592434,5.368,2026-09-14,2,2.003451122179205,2026-09-14,5.3,0.5660377358490676,1,1,5.33,2,-5.663716814159292,0.723404255319149,47,82,43.279423060743575,"{'close_strength': 9.64285714285715, 'breakout_proximity': 0, 'recent_signal': 7.142857142857143, 'price_momentum': 0.7338308457711278, 'active_volume': 0, 'industry_breadth': 7.23404255319149, 'turnover': 3.022666666666667, 'float_cap': 8.5528900844, 'liquidity': 1.9502786250000002, 'controlled_5d_move': 5}"
603196.SH,璞源材料,服装家纺,非运动服装,18.8,0.42735042735044804,0.5818181818181816,0.6928697983126934,0.637,44.5538004,0.28380933,-8.693540553666823,20.59,19.03,18.48,-1.0526315789473495,18.922,2026-09-11,3,2.25884847419983,2026-09-11,18.03,4.27066001109262,1,0,18.72,3,-2.590673575129532,0.6578947368421053,38,109,42.1966288387937,"{'close_strength': 8.727272727272723, 'breakout_proximity': 0, 'recent_signal': 5.7142857142857135, 'price_momentum': 2.3789173789174134, 'active_volume': 0.9643489915634668, 'industry_breadth': 6.578947368421053, 'turnover': 2.1233333333333335, 'float_cap': 10, 'liquidity': 0.709523325, 'controlled_5d_move': 5}"
000516.SZ,国际医学,医疗服务,医院,4.19,-0.7109004739336289,0.3846153846153904,0.7800758513245334,0.913,92.37895796,0.84401459,-4.772727272727273,4.4,4.27,4.14,-2.102803738317749,4.282,2026-09-08,6,4.307425114617247,2026-09-08,4.08,2.6960784313725616,1,0,4.19,6,-2.102803738317749,0.8,15,151,40.37913457871133,"{'close_strength': 5.769230769230856, 'breakout_proximity': 4.84090909090909, 'recent_signal': 1.428571428571429, 'price_momentum': 0.4818325434439519, 'active_volume': 1.400379256622667, 'industry_breadth': 8.0, 'turnover': 3.0433333333333334, 'float_cap': 8.304841681600001, 'liquidity': 2.1100364750000002, 'controlled_5d_move': 5}"
000791.SZ,甘肃能源,电力,水力发电,7.38,-0.2702702702702786,0.3571428571428567,0.610060066715445,0.8742,142.84966373999998,1.2496786067999999,-4.52781371280725,7.73,7.47,7.33,0.27173913043478937,7.396,2026-09-11,3,2.1492183839392975,2026-09-11,7.22,2.216066481994461,1,0,7.38,3,-0.8064516129032362,0.5,12,111,40.37043451941112,"{'close_strength': 5.3571428571428505, 'breakout_proximity': 5.208279430789125, 'recent_signal': 5.7142857142857135, 'price_momentum': 1.2162162162162022, 'active_volume': 0.550300333577225, 'industry_breadth': 5.0, 'turnover': 2.9139999999999997, 'float_cap': 6.2860134504000005, 'liquidity': 3.1241965169999997, 'controlled_5d_move': 5}"
603766.SH,隆鑫通用,汽车服务及其他,摩托车,14.7,-2.777777777777779,0.3902439024390233,1.121904675790968,0.8019,301.8706593,2.41491211,-4.6073977936405,15.41,15.2,14.38,2.225312934631396,14.598,2026-09-15,1,2.108780529790597,2026-09-14,14.05,4.62633451957295,2,0,14.7,1,-0.742741390952073,0.4444444444444444,9,55,39.74095824095246,"{'close_strength': 5.85365853658535, 'breakout_proximity': 5.08890330953925, 'recent_signal': 8.571428571428573, 'price_momentum': 0, 'active_volume': 3.10952337895484, 'industry_breadth': 4.444444444444445, 'turnover': 2.673, 'float_cap': 0, 'liquidity': 5, 'controlled_5d_move': 5}"
000899.SZ,赣能股份,电力,火力发电,9.56,0.42016806722691147,0.3111111111111129,0.588960620192134,1.2596,93.27479768,1.1812981841,-6.1825318940137315,10.19,9.87,9.42,-0.623700623700596,9.724,2026-09-10,4,3.6469275351415678,2026-09-10,9.51,0.525762355415349,1,0,9.52,4,-3.629032258064513,0.41379310344827586,29,122,39.049184245232,"{'close_strength': 4.666666666666694, 'breakout_proximity': 2.7262021589794028, 'recent_signal': 4.2857142857142865, 'price_momentum': 2.3669467787115193, 'active_volume': 0.4448031009606701, 'industry_breadth': 4.137931034482759, 'turnover': 4.198666666666667, 'float_cap': 8.2690080928, 'liquidity': 2.9532454602500002, 'controlled_5d_move': 5}"
002600.SZ,领益智造,消费电子,消费电子零部件及组装,12.51,-0.7930214115781098,0.6216216216216212,0.6411122616353981,1.3506,900.72008757,12.101074504499998,-8.485735186539866,13.67,12.65,12.28,0.562700964630225,12.847999999999999,2026-09-10,4,2.241602749353603,2026-09-10,12.14,3.0477759472817167,1,0,12.51,4,-2.5700934579439227,0.9213483146067416,89,134,38.3760473783195,"{'close_strength': 9.324324324324317, 'breakout_proximity': 0, 'recent_signal': 4.2857142857142865, 'price_momentum': 0.34496431403648364, 'active_volume': 0.7055613081769907, 'industry_breadth': 9.213483146067416, 'turnover': 4.502, 'float_cap': 0, 'liquidity': 5, 'controlled_5d_move': 5}"
600348.SH,华阳股份,煤炭开采加工,焦煤,9.18,0.21834061135370675,0.9285714285714299,0.7661246239651052,0.8945,331.1685,2.92587243,-4.175365344467641,9.58,9.2,8.92,-3.874345549738245,9.166,2026-09-09,5,2.8036870373405933,2026-09-09,8.87,3.4949267192784683,1,0,8.98,5,-3.874345549738234,0.18181818181818182,11,142,38.18370555927636,"{'close_strength': 13.928571428571448, 'breakout_proximity': 5.736951983298538, 'recent_signal': 2.8571428571428568, 'price_momentum': 2.0305676855895114, 'active_volume': 1.3306231198255258, 'industry_breadth': 1.8181818181818183, 'turnover': 2.9816666666666665, 'float_cap': 0, 'liquidity': 5, 'controlled_5d_move': 2.5}"
003035.SZ,南网能源,电力,电能综合服务,5.74,-0.3472222222222099,0.34782608695652273,0.5882419538667946,1.1443,217.42424312,2.4893104818,-10.172143974960868,6.39,5.89,5.66,0.17452006980802626,5.84,2026-09-11,3,2.836179752931194,2026-09-11,5.6,2.5000000000000133,1,0,5.74,2,-4.013377926421413,0.75,16,99,37.078213359463845,"{'close_strength': 5.217391304347841, 'breakout_proximity': 0, 'recent_signal': 5.7142857142857135, 'price_momentum': 1.0879629629629834, 'active_volume': 0.4412097693339728, 'industry_breadth': 7.5, 'turnover': 3.8143333333333334, 'float_cap': 3.3030302752000003, 'liquidity': 5, 'controlled_5d_move': 5}"
000625.SZ,长安汽车,汽车整车,综合乘用车,7.08,-0.5617977528089901,0.6666666666666666,0.724736526244849,0.4576,585.30510804,2.6722583367999997,-3.6734693877551017,7.35,7.11,7.02,-1.3927576601671543,7.122,2026-09-14,2,2.001183681386122,2026-09-14,7.05,0.42553191489362874,1,0,7.08,2,-2.0746887966805017,0.0,4,83,37.01200610443375,"{'close_strength': 10.0, 'breakout_proximity': 6.4897959183673475, 'recent_signal': 7.142857142857143, 'price_momentum': 0.7303370786516832, 'active_volume': 1.123682631224245, 'industry_breadth': 0.0, 'turnover': 1.5253333333333332, 'float_cap': 0, 'liquidity': 5, 'controlled_5d_move': 5}"
603997.SH,继峰股份,汽车零部件,车身附件及饰件,11.68,0.17152658662091813,0.47368421052631404,0.7757531074965905,0.9243,148.60054032,1.37670633,-6.033789219629925,12.43,11.88,11.5,-5.040650406504065,11.84,2026-09-08,6,2.4215722042252334,2026-09-08,11.44,2.0979020979021046,1,0,11.66,6,-4.963384865744502,0.6666666666666666,45,158,36.55987148440573,"{'close_strength': 7.1052631578947105, 'breakout_proximity': 2.949316170555112, 'recent_signal': 1.428571428571429, 'price_momentum': 1.9525443110348637, 'active_volume': 1.3787655374829528, 'industry_breadth': 6.666666666666666, 'turnover': 3.081, 'float_cap': 6.055978387200001, 'liquidity': 3.441765825, 'controlled_5d_move': 2.5}"
600104.SH,上汽集团,汽车整车,综合乘用车,11.3,-0.26478375992938785,0.7741935483871006,0.5847258655700007,0.6029,1298.9663575,7.7635125,-4.962153069806563,11.89,11.37,11.06,3.3851784080512592,11.426,2026-09-11,3,3.8678000993691066,2026-09-10,10.81,4.532839962997226,2,0,11.3,2,1.3452914798206317,0.0,4,88,35.542615730016735,"{'close_strength': 11.612903225806509, 'breakout_proximity': 4.5567703952901555, 'recent_signal': 5.7142857142857135, 'price_momentum': 1.225360400117687, 'active_volume': 0.4236293278500036, 'industry_breadth': 0.0, 'turnover': 2.0096666666666665, 'float_cap': 0, 'liquidity': 5, 'controlled_5d_move': 5}"
601991.SH,大唐发电,电力,火力发电,5.59,0.5395683453237377,0.7333333333333322,0.6211456700058496,1.5784,692.94138069,10.87991188,-8.360655737704914,6.1,5.63,5.48,-4.116638078902235,5.726,2026-09-10,4,2.4940414967286735,2026-09-09,5.56,0.5395683453237377,2,0,5.56,4,-4.116638078902235,0.41379310344827586,29,129,35.35665424576584,"{'close_strength': 10.999999999999982, 'breakout_proximity': 0, 'recent_signal': 4.2857142857142865, 'price_momentum': 2.5659472422062297, 'active_volume': 0.6057283500292482, 'industry_breadth': 4.137931034482759, 'turnover': 5.261333333333333, 'float_cap': 0, 'liquidity': 5, 'controlled_5d_move': 2.5}"
002088.SZ,鲁阳节能,建筑材料,耐火材料,7.88,0.12706480304955914,0.05882352941176378,0.5132403107079125,0.465,39.87001048,0.1867076755,-8.265424912689168,8.59,8.04,7.87,-0.25316455696203777,8.046,2026-09-11,3,2.881792156448101,2026-09-10,7.79,1.1553273427471034,2,0,7.87,2,-2.1118012422360333,0.9,10,96,34.558050736167665,"{'close_strength': 0.8823529411764567, 'breakout_proximity': 0, 'recent_signal': 5.7142857142857135, 'price_momentum': 1.8784413384159317, 'active_volume': 0.0662015535395627, 'industry_breadth': 9.0, 'turnover': 1.55, 'float_cap': 10, 'liquidity': 0.46676918875, 'controlled_5d_move': 5}"
603868.SH,飞科电器,小家电,个护小家电,30.94,-1.6216216216216162,0.2413793103448283,0.7302584384932579,0.2104,134.77464,0.28386816,-4.299412310547468,32.33,31.6,30.73,1.4196203624841308,30.982,2026-09-14,2,2.2023585910011785,2026-09-14,30.13,2.6883504812479364,1,0,30.94,2,-1.6216216216216162,0.25,4,76,32.98573865800799,"{'close_strength': 3.6206896551724244, 'breakout_proximity': 5.550881534178798, 'recent_signal': 7.142857142857143, 'price_momentum': 0, 'active_volume': 1.1512921924662893, 'industry_breadth': 2.5, 'turnover': 0.7013333333333334, 'float_cap': 6.6090143999999995, 'liquidity': 0.7096703999999999, 'controlled_5d_move': 5}"
600021.SH,上海电力,电力,火力发电,13.55,-0.513950073421432,0.37500000000000056,0.6200471739892519,0.9968,382.3641709,3.81067904,-7.1281699794379705,14.59,13.8,13.4,-0.8052708638360051,13.796,2026-09-14,2,2.1930222623916302,2026-09-11,13.41,1.043997017151388,2,0,13.55,2,-2.377521613832856,0.41379310344827586,29,77,32.946518955760155,"{'close_strength': 5.625000000000008, 'breakout_proximity': 1.3077450308430443, 'recent_signal': 7.142857142857143, 'price_momentum': 0.8100832109642802, 'active_volume': 0.6002358699462595, 'industry_breadth': 4.137931034482759, 'turnover': 3.3226666666666667, 'float_cap': 0, 'liquidity': 5, 'controlled_5d_move': 5}"
600113.SH,浙江东,零售,商业物业经营,30.18,0.700700700700696,0.36538461538461475,0.3806900771443516,0.8544,124.16993616,1.0656825,-12.623045744064854,34.54,30.84,29.8,-6.585620871335173,31.23,2026-09-08,6,2.8255184241768565,2026-09-08,30.0,0.6000000000000005,1,0,30.0,5,-4.584255453683205,0.7647058823529411,17,156,32.436309454304556,"{'close_strength': 5.480769230769221, 'breakout_proximity': 0, 'recent_signal': 1.428571428571429, 'price_momentum': 2.8345011678344934, 'active_volume': 0, 'industry_breadth': 7.647058823529411, 'turnover': 2.848, 'float_cap': 7.033202553599999, 'liquidity': 2.6642062500000003, 'controlled_5d_move': 2.5}"
002202.SZ,金风科技,风电设备,风电整机,18.23,-3.1349628055260315,0.0786516853932587,1.1563895851429085,4.1272,613.16697973,25.5915213094,-6.894790602655765,19.58,19.05,18.16,2.128851540616261,18.62,2026-09-11,3,2.12217677523747,2026-09-11,17.89,1.9005030743432183,1,0,18.23,1,-1.9892473118279574,0.0,5,115,31.83382301691549,"{'close_strength': 1.1797752808988806, 'breakout_proximity': 1.6578140960163528, 'recent_signal': 5.7142857142857135, 'price_momentum': 0, 'active_volume': 3.281947925714542, 'industry_breadth': 0.0, 'turnover': 10, 'float_cap': 0, 'liquidity': 5, 'controlled_5d_move': 5}"
600578.SH,京能电力,电力,火力发电,5.45,-0.1831501831501825,0.28571428571428664,0.5529141162922034,0.8578,364.8568445,3.13980464,-5.381944444444442,5.76,5.55,5.41,-1.9784172661870159,5.564,2026-09-10,4,2.6533436665297963,2026-09-09,5.39,1.1131725417439897,2,0,5.45,3,-1.978417266187038,0.41379310344827586,29,128,31.121763215455395,"{'close_strength': 4.2857142857143, 'breakout_proximity': 3.927083333333337, 'recent_signal': 4.2857142857142865, 'price_momentum': 1.3614163614163624, 'active_volume': 0.2645705814610172, 'industry_breadth': 4.137931034482759, 'turnover': 2.8593333333333333, 'float_cap': 0, 'liquidity': 5, 'controlled_5d_move': 5}"
002053.SZ,云南能投,电力,风力发电,9.66,0.0,0.2727272727272742,0.5839940524666074,0.7322,88.94162928,0.6525907256,-6.576402321083174,10.34,9.82,9.6,-2.9145728643216073,9.782,2026-09-08,6,2.8141595971951165,2026-09-08,9.54,1.2578616352201255,1,0,9.66,5,-2.8169014084507005,0.375,16,157,31.00599227632215,"{'close_strength': 4.090909090909113, 'breakout_proximity': 2.135396518375239, 'recent_signal': 1.428571428571429, 'price_momentum': 1.6666666666666665, 'active_volume': 0.419970262333037, 'industry_breadth': 3.75, 'turnover': 2.4406666666666665, 'float_cap': 8.4423348288, 'liquidity': 1.631476814, 'controlled_5d_move': 5}"
600777.SH,新潮能源,油气开采及服务,油气开采Ⅲ,4.06,0.0,0.4285714285714231,0.6262004220985056,0.3682,258.46578744,0.95245309,-4.91803278688524,4.27,4.1,4.03,-1.9323671497584405,4.077999999999999,2026-09-08,6,2.9855670931955793,2026-09-08,4.04,0.4950495049504955,1,0,4.04,6,-4.470588235294127,0.25,4,154,27.547597014707442,"{'close_strength': 6.428571428571346, 'breakout_proximity': 4.62295081967214, 'recent_signal': 1.428571428571429, 'price_momentum': 1.6666666666666665, 'active_volume': 0.6310021104925279, 'industry_breadth': 2.5, 'turnover': 1.2273333333333334, 'float_cap': 1.6613685024000004, 'liquidity': 2.381132725, 'controlled_5d_move': 5}"
600372.SH,中航机载,军工装备,航空装备Ⅲ,11.39,-1.5557476231633505,0.16666666666667038,0.7879816114275913,0.5774,551.15032274,3.18803302,-5.555555555555558,12.06,11.59,11.35,-4.606365159128956,11.68,2026-09-08,6,2.240201424037753,2026-09-08,11.27,1.0647737355812037,1,0,11.39,6,-3.310696095076393,0.75,48,161,25.95981281904277,"{'close_strength': 2.5000000000000555, 'breakout_proximity': 3.666666666666663, 'recent_signal': 1.428571428571429, 'price_momentum': 0, 'active_volume': 1.4399080571379563, 'industry_breadth': 7.5, 'turnover': 1.9246666666666667, 'float_cap': 0, 'liquidity': 5, 'controlled_5d_move': 2.5}"
