组别,代码,名称,昨日弱势依据,昨日涨跌幅%,昨日最高价,昨日收盘价,竞价价格,竞价涨幅%,竞价成交额元,昨日竞价成交额元,竞价额较昨日倍数,竞价换手率%,昨日回落收复比例,未通过条件
A,600822.SH,上海物贸,昨日开板2次,9.96483,9.38,9.38,10.25,9.275053,23732850.0,270300.0,87.801887,0.584479,,竞价高开超过7%（含竞价涨停）
A,600356.SH,恒丰纸业,昨日开板2次,10.043197,10.19,10.19,9.9,-2.845927,7339860.0,89143.0,82.338041,0.248183,,竞价高开不足1%
B,000407.SZ,胜利股份,昨日下跌至少1%,-1.421801,4.21,4.16,4.2,0.961538,371700.0,4631.0,80.263442,0.010105,0.8,竞价高开不足1%；竞价额不足500万
B,000803.SZ,山高环能,昨日冲高回落且收于日内下半区,-0.828729,7.4,7.18,7.16,-0.278552,1641072.0,26566.0,61.773395,0.049302,-0.090909,竞价高开不足1%；竞价额不足500万；未收复昨日回落的一半
B,001376.SZ,百通能源,昨日下跌至少1%,-1.371037,11.64,11.51,12.66,9.991312,33836382.0,604760.0,55.950099,1.243172,8.846154,竞价高开超过7%（含竞价涨停）
A,600448.SH,华纺股份,昨日开板2次,9.897611,3.22,3.22,3.54,9.937888,21394344.0,487452.0,43.890155,0.959576,,竞价高开超过7%（含竞价涨停）
B,600971.SH,恒源煤电,昨日下跌至少1%,-1.631702,8.58,8.44,8.37,-0.829384,1213650.0,39422.0,30.786109,0.012083,-0.5,竞价高开不足1%；竞价额不足500万；未收复昨日回落的一半
B,001283.SZ,豪鹏科技,昨日下跌至少1%,-1.066722,47.94,47.3,48.24,1.987315,1780056.0,66906.0,26.605327,0.035687,1.46875,竞价额不足500万
B,002123.SZ,梦网科技,昨日下跌至少1%,-1.305483,7.7,7.56,7.66,1.322751,1365012.0,54720.0,24.945395,0.024732,0.714286,竞价额不足500万
A,000700.SZ,模塑科技,昨日炸板未封住,6.828392,12.24,11.89,11.95,0.504626,21678495.0,892032.0,24.302374,0.197611,0.171429,竞价高开不足1%；未收复昨日回落的一半
A,002510.SZ,天汽模,昨日炸板未封住,6.642729,6.13,5.94,5.92,-0.3367,8920848.0,397271.0,22.455321,0.148449,-0.105263,竞价高开不足1%；未收复昨日回落的一半
B,605319.SH,无锡振华,昨日下跌至少1%,-1.770695,22.7,22.19,22.33,0.630915,911064.0,45080.0,20.209938,0.011719,0.27451,竞价高开不足1%；竞价额不足500万；未收复昨日回落的一半
A,002248.SZ,华东数控,昨日炸板未封住,5.200433,10.15,9.71,9.7,-0.102987,6197330.0,321434.0,19.280257,0.207775,-0.022727,竞价高开不足1%；未收复昨日回落的一半
B,600033.SH,福建高速,昨日下跌至少1%,-1.897019,3.67,3.62,3.69,1.933702,8288109.0,435262.0,19.041655,0.081843,1.4,
B,603345.SH,安井食品,昨日下跌至少1%,-1.61269,75.38,74.43,76.01,2.1228,21069972.0,1233280.0,17.0845,0.094513,1.663158,
B,002136.SZ,安纳达,昨日下跌至少1%,-1.090604,11.93,11.79,11.84,0.424088,213120.0,13046.0,16.336042,0.008393,0.357143,竞价高开不足1%；竞价额不足500万；未收复昨日回落的一半
A,002613.SZ,北玻股份,昨日炸板未封住,6.017192,3.84,3.7,3.66,-1.081081,16758408.0,1027250.0,16.313855,0.591827,-0.285714,竞价高开不足1%；未收复昨日回落的一半
B,002701.SZ,奥瑞金,昨日下跌至少1%,-1.128668,4.42,4.38,4.39,0.228311,2428548.0,149396.0,16.255777,0.021632,0.25,竞价高开不足1%；竞价额不足500万；未收复昨日回落的一半
B,002992.SZ,宝明科技,昨日下跌至少1%,-1.249256,33.93,33.2,33.92,2.168675,1322880.0,83675.0,15.80974,0.024647,0.986301,竞价额不足500万
B,603686.SH,福龙马,昨日下跌至少1%,-2.020906,14.38,14.06,15.47,10.02845,74737117.0,5520960.0,13.536979,1.162914,4.40625,竞价高开超过7%（含竞价涨停）
B,002180.SZ,奔图科技,昨日下跌至少1%,-1.715686,16.39,16.04,16.18,0.872818,1268512.0,118625.0,10.693463,0.005696,0.4,竞价高开不足1%；竞价额不足500万；未收复昨日回落的一半
B,603708.SH,家家悦,昨日下跌至少1%,-1.015801,8.87,8.77,8.76,-0.114025,549252.0,62090.0,8.846062,0.009822,-0.1,竞价高开不足1%；竞价额不足500万；未收复昨日回落的一半
B,600117.SH,西宁特钢,昨日下跌至少1%,-1.357466,2.21,2.18,2.19,0.458716,237615.0,30940.0,7.679864,0.003333,0.333333,竞价高开不足1%；竞价额不足500万；未收复昨日回落的一半
B,600055.SH,万东医疗,昨日下跌至少1%,-1.088032,10.19,10.0,10.1,1.0,372690.0,50500.0,7.38,0.005248,0.526316,竞价额不足500万
A,603773.SH,沃格光电,昨日炸板未封住,2.591793,101.86,95.0,96.83,1.926316,72961405.0,10065741.0,7.248488,0.335368,0.266764,未收复昨日回落的一半
B,603257.SH,中国瑞林,昨日下跌至少1%；昨日冲高回落且收于日内下半区,-3.309076,72.85,70.42,73.5,4.373757,6100500.0,854674.0,7.137809,0.333333,1.26749,
B,000635.SZ,英力特,昨日下跌至少1%,-2.98913,7.32,7.14,7.17,0.420168,1254750.0,176418.0,7.112369,0.047707,0.166667,竞价高开不足1%；竞价额不足500万；未收复昨日回落的一半
B,605389.SH,长龄液压,昨日下跌至少1%；昨日冲高回落且收于日内下半区,-1.725454,66.45,64.36,64.9,0.83903,499730.0,72248.0,6.91687,0.004118,0.258373,竞价高开不足1%；竞价额不足500万；未收复昨日回落的一半
B,601187.SH,厦门银行,昨日下跌至少1%,-1.963534,7.15,6.99,6.95,-0.572246,2268480.0,335110.0,6.769359,0.012395,-0.25,竞价高开不足1%；竞价额不足500万；未收复昨日回落的一半
A,001326.SZ,联域股份,昨日炸板未封住,8.372365,93.94,92.55,93.08,0.572663,17768972.0,2694384.0,6.594818,0.794844,0.381295,竞价高开不足1%；未收复昨日回落的一半
B,600756.SH,浪潮软件,昨日下跌至少1%,-1.315789,13.7,13.5,13.53,0.222222,131241.0,20520.0,6.39576,0.002993,0.15,竞价高开不足1%；竞价额不足500万；未收复昨日回落的一半
B,002026.SZ,山东威达,昨日下跌至少1%；昨日冲高回落且收于日内下半区,-3.127642,11.93,11.46,11.48,0.17452,1484364.0,234800.0,6.321823,0.029353,0.042553,竞价高开不足1%；竞价额不足500万；未收复昨日回落的一半
B,000510.SZ,新金路,昨日下跌至少1%；昨日冲高回落且收于日内下半区,-1.0,18.7,17.82,18.35,2.974186,13039510.0,2079444.0,6.270671,0.11707,0.602273,
A,600613.SH,神奇制药,昨日炸板未封住,4.146341,9.02,8.54,8.12,-4.918033,17190852.0,2865555.0,5.999135,0.441688,-0.875,竞价高开不足1%；未收复昨日回落的一半
B,002250.SZ,联化科技,昨日下跌至少1%,-1.472651,14.37,14.05,14.09,0.284698,394520.0,68112.0,5.792225,0.003127,0.125,竞价高开不足1%；竞价额不足500万；未收复昨日回落的一半
B,605090.SH,九丰能源,昨日下跌至少1%,-1.343101,32.77,32.32,32.69,1.144802,3099012.0,551278.0,5.621505,0.01343,0.822222,竞价额不足500万
B,600066.SH,宇通客车,昨日下跌至少1%,-1.089406,26.78,26.33,26.09,-0.911508,3723043.0,676005.0,5.507419,0.006446,-0.533333,竞价高开不足1%；竞价额不足500万；未收复昨日回落的一半
B,000509.SZ,华塑控股,昨日下跌至少1%,-1.436782,3.48,3.43,3.46,0.874636,607230.0,110316.0,5.50446,0.016354,0.6,竞价高开不足1%；竞价额不足500万
B,002023.SZ,海特高新,昨日下跌至少1%,-1.358412,9.63,9.44,9.53,0.95339,953000.0,174582.0,5.458753,0.013621,0.473684,竞价高开不足1%；竞价额不足500万；未收复昨日回落的一半
B,600461.SH,洪城环境,昨日下跌至少1%,-1.655629,9.07,8.91,8.94,0.3367,717882.0,131984.0,5.439159,0.006106,0.1875,竞价高开不足1%；竞价额不足500万；未收复昨日回落的一半
B,000048.SZ,京基智农,昨日下跌至少1%；昨日冲高回落且收于日内下半区,-2.017146,20.12,19.43,19.4,-0.1544,777940.0,150404.0,5.172336,0.007576,-0.043478,竞价高开不足1%；竞价额不足500万；未收复昨日回落的一半
B,000408.SZ,藏格矿业,昨日下跌至少1%,-1.86722,72.48,70.95,73.85,4.087385,31711190.0,6222459.0,5.096247,0.02737,1.895425,
B,002299.SZ,圣农发展,昨日下跌至少1%；昨日冲高回落且收于日内下半区,-3.148148,16.26,15.69,15.69,0.0,569547.0,115992.0,4.910227,0.002979,0.0,竞价高开不足1%；竞价额不足500万；未收复昨日回落的一半
B,600272.SH,开开实业,昨日冲高回落且收于日内下半区,0.80429,15.51,15.04,14.93,-0.731383,3226373.0,665432.0,4.848539,0.135063,-0.234043,竞价高开不足1%；竞价额不足500万；未收复昨日回落的一半
B,002895.SZ,川恒股份,昨日下跌至少1%,-1.130491,30.9,30.61,30.86,0.816727,339460.0,70978.0,4.782609,0.001835,0.862069,竞价高开不足1%；竞价额不足500万
B,601388.SH,怡球资源,昨日下跌至少1%,-2.121212,3.3,3.23,3.25,0.619195,391950.0,85280.0,4.596037,0.005479,0.285714,竞价高开不足1%；竞价额不足500万；未收复昨日回落的一半
B,002097.SZ,山河智能,昨日下跌至少1%；昨日冲高回落且收于日内下半区,-1.805556,7.33,7.07,7.1,0.424328,1671340.0,386640.0,4.322729,0.021938,0.115385,竞价高开不足1%；竞价额不足500万；未收复昨日回落的一半
B,603109.SH,神驰机电,昨日冲高回落且收于日内下半区,3.353659,17.65,16.95,16.93,-0.117994,1034423.0,239975.0,4.310545,0.029256,-0.028571,竞价高开不足1%；竞价额不足500万；未收复昨日回落的一半
B,600479.SH,千金药业,昨日冲高回落且收于日内下半区,1.323919,11.85,11.48,11.48,0.0,8635256.0,2023422.0,4.26765,0.179734,0.0,竞价高开不足1%；未收复昨日回落的一半
B,603638.SH,艾迪精密,昨日下跌至少1%,-1.104972,18.19,17.9,18.05,0.837989,559550.0,135150.0,4.140215,0.00352,0.517241,竞价高开不足1%；竞价额不足500万
B,002268.SZ,电科网安,昨日冲高回落且收于日内下半区,3.740296,15.41,14.7,14.67,-0.204082,7513974.0,1877432.0,4.002262,0.060608,-0.042254,竞价高开不足1%；未收复昨日回落的一半
A,000572.SZ,海马汽车,昨日炸板未封住,7.920792,4.44,4.36,4.29,-1.605505,28320864.0,7433600.0,3.809845,0.401984,-0.875,竞价高开不足1%；未收复昨日回落的一半
B,001298.SZ,好上好,昨日下跌至少1%,-1.924198,17.25,16.82,17.01,1.129608,1115856.0,293260.0,3.805006,0.016101,0.44186,竞价额不足500万；未收复昨日回落的一半
B,600488.SH,津药药业,昨日冲高回落且收于日内下半区,-0.498339,6.27,5.99,5.9,-1.502504,16412620.0,4339156.0,3.782445,0.25477,-0.321429,竞价高开不足1%；未收复昨日回落的一半
B,000777.SZ,中核科技,昨日下跌至少1%,-1.140456,16.69,16.47,16.53,0.364299,631446.0,167256.0,3.775326,0.009963,0.272727,竞价高开不足1%；竞价额不足500万；未收复昨日回落的一半
B,600366.SH,宁波韵升,昨日下跌至少1%,-1.432408,11.25,11.01,11.1,0.817439,2146740.0,568917.0,3.77338,0.017597,0.375,竞价高开不足1%；竞价额不足500万；未收复昨日回落的一半
B,600075.SH,新疆天业,昨日下跌至少1%,-2.597403,4.6,4.5,4.51,0.222222,353584.0,97767.0,3.616599,0.004591,0.1,竞价高开不足1%；竞价额不足500万；未收复昨日回落的一半
A,600929.SH,雪天盐业,昨日开板4次,10.0,5.94,5.94,5.92,-0.3367,15532304.0,4309380.0,3.604301,0.159971,,竞价高开不足1%
B,600888.SH,新疆众和,昨日下跌至少1%,-2.2,10.06,9.78,9.96,1.840491,4811676.0,1363230.0,3.529614,0.031106,0.642857,竞价额不足500万
B,600095.SH,湘财股份,昨日冲高回落且收于日内下半区,0.937866,8.87,8.61,8.73,1.393728,5248476.0,1506635.0,3.483575,0.021027,0.461538,未收复昨日回落的一半
B,600727.SH,鲁北化工,昨日下跌至少1%,-1.331558,7.49,7.41,7.49,1.079622,884569.0,255878.0,3.456995,0.022343,1.0,竞价额不足500万
B,601138.SH,工业富联,昨日下跌至少1%,-1.700626,62.78,61.27,62.98,2.790925,76671852.0,22184960.0,3.456028,0.006135,1.13245,
A,002824.SZ,和胜股份,昨日炸板未封住,5.660377,30.9,29.68,29.53,-0.505391,20145366.0,5847401.0,3.445183,0.301623,-0.122951,竞价高开不足1%；未收复昨日回落的一半
A,600354.SH,敦煌种业,昨日开板2次,10.045147,9.75,9.75,9.37,-3.897436,32234674.0,9557414.0,3.37274,0.651797,,竞价高开不足1%
B,600520.SH,三佳科技,昨日下跌至少1%,-1.159536,25.2,24.72,25.08,1.456311,877800.0,260715.0,3.366895,0.022092,0.75,竞价额不足500万
B,000758.SZ,中色股份,昨日下跌至少1%,-2.317881,6.03,5.9,5.99,1.525424,2342090.0,700856.0,3.341756,0.019724,0.692308,竞价额不足500万
B,000723.SZ,美锦能源,昨日下跌至少1%,-1.098901,3.63,3.6,3.57,-0.833333,2818515.0,853234.0,3.303332,0.017963,-1.0,竞价高开不足1%；竞价额不足500万；未收复昨日回落的一半
B,603859.SH,能科科技,昨日下跌至少1%；昨日冲高回落且收于日内下半区,-2.089244,39.17,37.96,38.39,1.132771,1059564.0,323400.0,3.276327,0.011279,0.355372,竞价额不足500万；未收复昨日回落的一半
B,002197.SZ,证通电子,昨日下跌至少1%,-1.512859,6.65,6.51,6.66,2.304147,411588.0,129360.0,3.181725,0.011573,1.071429,竞价额不足500万
B,002065.SZ,东华软件,昨日下跌至少1%,-1.054217,6.67,6.57,6.6,0.456621,705540.0,222757.0,3.167308,0.003629,0.3,竞价高开不足1%；竞价额不足500万；未收复昨日回落的一半
B,000035.SZ,中国天楹,昨日下跌至少1%,-1.859504,4.83,4.75,4.75,0.0,503975.0,161952.0,3.111879,0.004587,0.0,竞价高开不足1%；竞价额不足500万；未收复昨日回落的一半
B,603533.SH,掌阅科技,昨日冲高回落且收于日内下半区,0.171013,24.29,23.43,23.28,-0.640205,10178016.0,3300810.0,3.08349,0.099613,-0.174419,竞价高开不足1%；未收复昨日回落的一半
B,603977.SH,国泰集团,昨日下跌至少1%,-1.928133,11.43,11.19,11.28,0.80429,115056.0,37389.0,3.077269,0.001642,0.375,竞价高开不足1%；竞价额不足500万；未收复昨日回落的一半
B,002706.SZ,良信股份,昨日下跌至少1%；昨日冲高回落且收于日内下半区,-3.96376,8.87,8.48,8.43,-0.589623,2319936.0,762120.0,3.044056,0.030077,-0.128205,竞价高开不足1%；竞价额不足500万；未收复昨日回落的一半
B,000552.SZ,甘肃能化,昨日下跌至少1%,-1.587302,2.5,2.48,2.46,-0.806452,2575620.0,853250.0,3.018599,0.028101,-1.0,竞价高开不足1%；竞价额不足500万；未收复昨日回落的一半
B,002290.SZ,禾盛新材,昨日下跌至少1%；昨日冲高回落且收于日内下半区,-1.255358,66.88,64.5,67.0,3.875969,5346600.0,1772896.0,3.015744,0.032265,1.05042,
B,000928.SZ,中钢国际,昨日下跌至少1%,-1.454545,5.5,5.42,5.41,-0.184502,311616.0,103930.0,2.998326,0.004015,-0.125,竞价高开不足1%；竞价额不足500万；未收复昨日回落的一半
B,000761.SZ,本钢板材,昨日下跌至少1%,-1.315789,2.27,2.25,2.27,0.888889,215196.0,72772.0,2.957126,0.002556,1.0,竞价高开不足1%；竞价额不足500万
B,002083.SZ,孚日股份,昨日下跌至少1%,-1.111111,9.89,9.79,9.9,1.123596,2824470.0,955450.0,2.956167,0.030149,1.1,竞价额不足500万
B,603228.SH,景旺电子,昨日下跌至少1%；昨日冲高回落且收于日内下半区,-2.020487,107.72,104.26,108.0,3.587186,45241200.0,15358032.0,2.945768,0.042657,1.080925,
A,000980.SZ,众泰汽车,昨日开板3次,10.232558,2.37,2.37,2.26,-4.64135,28066940.0,9558848.0,2.936226,0.246287,,竞价高开不足1%
B,002117.SZ,东港股份,昨日下跌至少1%,-1.030928,7.79,7.68,7.71,0.390625,54741.0,18696.0,2.927953,0.001356,0.272727,竞价高开不足1%；竞价额不足500万；未收复昨日回落的一半
B,002365.SZ,永安药业,昨日冲高回落且收于日内下半区,-0.576369,14.25,13.8,13.92,0.869565,1162320.0,404712.0,2.871968,0.033992,0.266667,竞价高开不足1%；竞价额不足500万；未收复昨日回落的一半
B,600176.SH,中国巨石,昨日冲高回落且收于日内下半区,-0.506436,51.68,47.15,48.0,1.802757,290193600.0,102081680.0,2.842759,0.152224,0.187638,未收复昨日回落的一半
B,600398.SH,海澜之家,昨日下跌至少1%,-1.030928,5.86,5.76,5.76,0.0,630720.0,222523.0,2.834404,0.00228,0.0,竞价高开不足1%；竞价额不足500万；未收复昨日回落的一半
B,002891.SZ,中宠股份,昨日下跌至少1%,-1.343988,27.52,27.16,27.1,-0.220913,672080.0,237423.0,2.830728,0.007704,-0.166667,竞价高开不足1%；竞价额不足500万；未收复昨日回落的一半
B,002307.SZ,北新路桥,昨日下跌至少1%,-1.66113,3.0,2.96,2.98,0.675676,328992.0,116400.0,2.826392,0.006777,0.5,竞价高开不足1%；竞价额不足500万
B,601918.SH,新集能源,昨日下跌至少1%,-2.666667,10.5,10.22,10.19,-0.293542,2223458.0,786710.0,2.826274,0.008423,-0.107143,竞价高开不足1%；竞价额不足500万；未收复昨日回落的一半
B,600395.SH,盘江股份,昨日下跌至少1%,-2.12766,5.2,5.06,5.01,-0.988142,1477449.0,531960.0,2.777369,0.013738,-0.357143,竞价高开不足1%；竞价额不足500万；未收复昨日回落的一半
B,002283.SZ,天润工业,昨日冲高回落且收于日内下半区,2.375,8.44,8.19,8.19,0.0,941031.0,339288.0,2.773546,0.011386,0.0,竞价高开不足1%；竞价额不足500万；未收复昨日回落的一半
B,600273.SH,嘉化能源,昨日下跌至少1%,-2.015504,6.47,6.32,6.35,0.474684,543560.0,197401.0,2.753583,0.006528,0.2,竞价高开不足1%；竞价额不足500万；未收复昨日回落的一半
B,600361.SH,创新新材,昨日下跌至少1%,-1.133144,3.54,3.49,3.52,0.859599,711040.0,259038.0,2.744925,0.005412,0.6,竞价高开不足1%；竞价额不足500万
B,601702.SH,华峰铝业,昨日下跌至少1%,-1.188904,15.16,14.96,15.14,1.203209,487508.0,178180.0,2.736042,0.003225,0.9,竞价额不足500万
B,002943.SZ,宇晶股份,昨日冲高回落且收于日内下半区,0.572198,30.9,29.88,30.44,1.874163,748824.0,274350.0,2.729448,0.013026,0.54902,竞价额不足500万
A,600371.SH,万向德农,昨日开板11次,9.985935,15.64,15.64,14.3,-8.567775,54244190.0,20140329.0,2.693312,1.296509,,竞价高开不足1%
B,603738.SH,泰晶科技,昨日下跌至少1%；昨日冲高回落且收于日内下半区,-1.796247,37.77,36.63,37.67,2.839203,14405008.0,5464890.0,2.635919,0.099096,0.912281,
B,603138.SH,海量数据,昨日下跌至少1%；昨日冲高回落且收于日内下半区,-1.736111,14.8,14.15,14.41,1.837456,4103968.0,1561172.0,2.628774,0.098771,0.4,竞价额不足500万；未收复昨日回落的一半
B,002348.SZ,高乐股份,昨日下跌至少1%；昨日冲高回落且收于日内下半区,-1.125704,10.94,10.54,10.81,2.56167,386998.0,149526.0,2.588165,0.003962,0.675,竞价额不足500万
B,601727.SH,上海电气,昨日下跌至少1%,-1.244168,6.43,6.35,6.36,0.15748,1917540.0,749329.0,2.559009,0.00239,0.125,竞价高开不足1%；竞价额不足500万；未收复昨日回落的一半
B,603129.SH,春风动力,昨日下跌至少1%,-1.946915,298.39,291.1,295.0,1.339746,1947000.0,769600.0,2.529886,0.0043,0.534979,竞价额不足500万
B,002265.SZ,建设工业,昨日冲高回落且收于日内下半区,0.647733,21.46,20.2,20.1,-0.49505,4950630.0,1962468.0,2.522655,0.023842,-0.079365,竞价高开不足1%；竞价额不足500万；未收复昨日回落的一半
A,002080.SZ,中材科技,昨日炸板未封住,5.028633,61.47,58.69,64.56,10.001704,434953632.0,173323492.0,2.50949,0.401472,2.111511,竞价高开超过7%（含竞价涨停）
B,600780.SH,通宝能源,昨日下跌至少1%,-1.913876,6.25,6.15,6.13,-0.325203,319373.0,127296.0,2.508901,0.004544,-0.2,竞价高开不足1%；竞价额不足500万；未收复昨日回落的一半
B,000608.SZ,阳光股份,昨日下跌至少1%,-1.264045,7.2,7.03,7.09,0.853485,190012.0,76291.0,2.490621,0.004646,0.352941,竞价高开不足1%；竞价额不足500万；未收复昨日回落的一半
B,002736.SZ,国信证券,昨日下跌至少1%,-1.215805,9.88,9.75,9.8,0.512821,1140720.0,461027.0,2.474302,0.001137,0.384615,竞价高开不足1%；竞价额不足500万；未收复昨日回落的一半
B,000751.SZ,锌业股份,昨日下跌至少1%,-2.547771,4.71,4.59,4.64,1.089325,995280.0,403021.0,2.469549,0.013277,0.416667,竞价额不足500万；未收复昨日回落的一半
B,002349.SZ,精华制药,昨日冲高回落且收于日内下半区,0.249688,8.43,8.03,7.89,-1.743462,10909503.0,4426560.0,2.464556,0.169827,-0.35,竞价高开不足1%；未收复昨日回落的一半
B,600956.SH,新天绿能,昨日下跌至少1%,-1.643836,7.29,7.18,7.21,0.417827,239372.0,97875.0,2.445691,0.001414,0.272727,竞价高开不足1%；竞价额不足500万；未收复昨日回落的一半
B,002130.SZ,沃尔核材,昨日下跌至少1%,-1.816052,17.19,16.76,17.05,1.73031,3711785.0,1523361.0,2.436576,0.018857,0.674419,竞价额不足500万
B,603605.SH,珀莱雅,昨日下跌至少1%,-1.434644,56.39,55.65,56.0,0.628931,1741600.0,717184.0,2.428387,0.007854,0.472973,竞价高开不足1%；竞价额不足500万；未收复昨日回落的一半
B,603985.SH,恒润股份,昨日下跌至少1%；昨日冲高回落且收于日内下半区,-1.364985,17.28,16.62,16.77,0.902527,820053.0,339010.0,2.418964,0.011092,0.227273,竞价高开不足1%；竞价额不足500万；未收复昨日回落的一半
B,600895.SH,张江高科,昨日下跌至少1%,-1.060445,28.41,27.99,28.28,1.036084,6549648.0,2722105.0,2.406097,0.014955,0.690476,
B,002545.SZ,东方铁塔,昨日下跌至少1%,-1.859888,16.28,15.83,15.9,0.442198,2380230.0,992979.0,2.39706,0.013246,0.155556,竞价高开不足1%；竞价额不足500万；未收复昨日回落的一半
B,603256.SH,宏和科技,昨日冲高回落且收于日内下半区,1.326075,151.88,145.18,149.01,2.638104,63567666.0,26837350.0,2.368627,0.04716,0.571642,
B,002201.SZ,九鼎新材,昨日下跌至少1%；昨日冲高回落且收于日内下半区,-1.421801,10.85,10.4,10.71,2.980769,9874620.0,4194750.0,2.354043,0.15315,0.688889,
B,601898.SH,中煤能源,昨日下跌至少1%,-1.959412,14.3,14.01,13.91,-0.713776,3206255.0,1362790.0,2.352714,0.002519,-0.344828,竞价高开不足1%；竞价额不足500万；未收复昨日回落的一半
B,001280.SZ,中国铀业,昨日下跌至少1%,-1.610103,63.39,62.33,63.15,1.315578,1913445.0,815100.0,2.347497,0.017441,0.773585,竞价额不足500万
B,600973.SH,宝胜股份,昨日下跌至少1%,-1.800327,6.1,6.0,6.02,0.333333,344344.0,148230.0,2.323039,0.004171,0.2,竞价高开不足1%；竞价额不足500万；未收复昨日回落的一半
B,601606.SH,长城军工,昨日下跌至少1%,-1.339829,33.28,32.4,32.4,0.0,5145120.0,2236688.0,2.30033,0.021927,0.0,竞价高开不足1%；未收复昨日回落的一半
B,000933.SZ,神火股份,昨日下跌至少1%,-1.563082,27.02,26.45,27.04,2.230624,14415024.0,6270520.0,2.298856,0.023719,1.035088,
B,601011.SH,宝泰隆,昨日下跌至少1%,-1.023891,2.93,2.9,2.87,-1.034483,1005648.0,437742.0,2.297353,0.018291,-1.0,竞价高开不足1%；竞价额不足500万；未收复昨日回落的一半
B,600880.SH,博瑞传播,昨日下跌至少1%；昨日冲高回落且收于日内下半区,-1.402806,5.19,4.92,4.85,-1.422764,11703535.0,5095035.0,2.297047,0.220772,-0.259259,竞价高开不足1%；未收复昨日回落的一半
B,002564.SZ,天沃科技,昨日下跌至少1%,-2.028398,4.92,4.83,4.85,0.414079,680455.0,296676.0,2.293596,0.016335,0.222222,竞价高开不足1%；竞价额不足500万；未收复昨日回落的一半
B,601019.SH,山东出版,昨日下跌至少1%,-1.0279,6.86,6.74,6.77,0.445104,301942.0,132600.0,2.277089,0.002137,0.25,竞价高开不足1%；竞价额不足500万；未收复昨日回落的一半
B,603458.SH,勘设股份,昨日下跌至少1%,-2.767857,11.23,10.89,10.95,0.550964,264990.0,116688.0,2.270928,0.007905,0.176471,竞价高开不足1%；竞价额不足500万；未收复昨日回落的一半
B,002058.SZ,紫竹高科,昨日下跌至少1%,-1.060071,17.13,16.8,16.95,0.892857,830550.0,366768.0,2.264511,0.034178,0.454545,竞价高开不足1%；竞价额不足500万；未收复昨日回落的一半
B,002916.SZ,深南电路,昨日下跌至少1%；昨日冲高回落且收于日内下半区,-2.247134,397.27,383.68,389.01,1.389178,16066113.0,7100280.0,2.262744,0.00621,0.3922,未收复昨日回落的一半
B,002114.SZ,罗平锌电,昨日下跌至少1%,-1.771117,7.39,7.21,7.3,1.248266,322660.0,143520.0,2.248188,0.013668,0.5,竞价额不足500万
B,002467.SZ,二六三,昨日下跌至少1%,-1.084599,4.62,4.56,4.58,0.438596,418612.0,186354.0,2.246327,0.00668,0.333333,竞价高开不足1%；竞价额不足500万；未收复昨日回落的一半
B,600707.SH,彩虹股份,昨日冲高回落且收于日内下半区,1.315789,9.84,9.24,9.42,1.948052,12260130.0,5519338.0,2.221304,0.036277,0.3,未收复昨日回落的一半
B,603685.SH,晨丰科技,昨日下跌至少1%,-1.811594,27.78,27.1,27.38,1.03321,109520.0,49320.0,2.2206,0.001985,0.411765,竞价额不足500万；未收复昨日回落的一半
B,002309.SZ,中利集团,昨日下跌至少1%,-2.348993,2.97,2.91,2.94,1.030928,1391796.0,627561.0,2.217786,0.019675,0.5,竞价额不足500万
B,600011.SH,华能国际,昨日下跌至少1%,-1.311953,6.85,6.77,6.77,0.0,2051310.0,950076.0,2.159101,0.002755,0.0,竞价高开不足1%；竞价额不足500万；未收复昨日回落的一半
B,001337.SZ,四川黄金,昨日下跌至少1%；昨日冲高回落且收于日内下半区,-4.326282,52.99,50.2,51.0,1.593625,14606400.0,6796160.0,2.149214,0.06819,0.286738,未收复昨日回落的一半
B,000034.SZ,神州数码,昨日下跌至少1%,-1.586621,23.4,22.95,23.24,1.263617,1956808.0,911760.0,2.146188,0.009916,0.644444,竞价额不足500万
B,601555.SH,东吴证券,昨日下跌至少1%,-1.311085,8.4,8.28,8.31,0.362319,1646211.0,773210.0,2.129061,0.003987,0.25,竞价高开不足1%；竞价额不足500万；未收复昨日回落的一半
B,600508.SH,上海能源,昨日下跌至少1%,-2.336449,10.67,10.45,10.38,-0.669856,1828956.0,860520.0,2.125408,0.017414,-0.318182,竞价高开不足1%；竞价额不足500万；未收复昨日回落的一半
A,002285.SZ,世联行,昨日开板10次,10.041841,2.63,2.63,2.6,-1.140684,21623420.0,10186740.0,2.122703,0.420246,,竞价高开不足1%
B,000009.SZ,中国宝安,昨日下跌至少1%,-1.004304,6.98,6.9,6.95,0.724638,647045.0,306054.0,2.114153,0.003614,0.625,竞价高开不足1%；竞价额不足500万
B,605198.SH,安德利,昨日下跌至少1%；昨日冲高回落且收于日内下半区,-1.843884,82.26,79.85,81.48,2.041327,4758432.0,2261530.0,2.104076,0.021587,0.676349,竞价额不足500万
B,600295.SH,鄂尔多斯,昨日下跌至少1%,-2.102102,13.4,13.04,13.02,-0.153374,274722.0,132700.0,2.070249,0.001068,-0.055556,竞价高开不足1%；竞价额不足500万；未收复昨日回落的一半
B,605006.SH,山东玻纤,昨日冲高回落且收于日内下半区,1.869159,18.21,17.44,17.66,1.261468,14133298.0,6842745.0,2.065443,0.122445,0.285714,未收复昨日回落的一半
B,600109.SH,国金证券,昨日下跌至少1%,-1.447527,8.29,8.17,8.19,0.244798,765765.0,371250.0,2.062667,0.002539,0.166667,竞价高开不足1%；竞价额不足500万；未收复昨日回落的一半
B,002266.SZ,浙富控股,昨日冲高回落且收于日内下半区,2.713987,5.08,4.92,4.95,0.609756,3971385.0,1945440.0,2.041381,0.016568,0.1875,竞价高开不足1%；竞价额不足500万；未收复昨日回落的一半
B,000582.SZ,北部湾港,昨日下跌至少1%；昨日冲高回落且收于日内下半区,-7.605634,10.5,9.84,9.75,-0.914634,14284725.0,7001400.0,2.040267,0.067928,-0.136364,竞价高开不足1%；未收复昨日回落的一半
B,603459.SH,红板科技,昨日下跌至少1%；昨日冲高回落且收于日内下半区,-3.378675,91.73,88.08,89.28,1.362398,7062048.0,3478272.0,2.030332,0.100061,0.328767,未收复昨日回落的一半
B,000690.SZ,宝新能源,昨日下跌至少1%,-1.333333,5.24,5.18,5.17,-0.19305,1439845.0,712116.0,2.021925,0.012808,-0.166667,竞价高开不足1%；竞价额不足500万；未收复昨日回落的一半
B,603726.SH,朗迪集团,昨日下跌至少1%,-1.690722,24.43,23.84,24.11,1.13255,178414.0,89207.0,2.0,0.004008,0.457627,竞价额不足500万；未收复昨日回落的一半
B,600198.SH,大唐电信,昨日下跌至少1%,-3.100775,7.72,7.5,7.58,1.066667,742082.0,372104.0,1.994287,0.007519,0.363636,竞价额不足500万；未收复昨日回落的一半
B,002350.SZ,北京科锐,昨日下跌至少1%,-1.409396,14.94,14.69,14.65,-0.272294,777915.0,390720.0,1.990978,0.010008,-0.16,竞价高开不足1%；竞价额不足500万；未收复昨日回落的一半
B,603393.SH,新天然气,昨日下跌至少1%,-2.698475,25.34,24.88,24.67,-0.844051,1756504.0,884224.0,1.986492,0.016796,-0.456522,竞价高开不足1%；竞价额不足500万；未收复昨日回落的一半
A,000880.SZ,潍柴重机,昨日炸板未封住,2.463054,26.8,24.96,25.05,0.360577,14511465.0,7328400.0,1.980168,0.255168,0.048913,竞价高开不足1%；未收复昨日回落的一半
B,603527.SH,众源新材,昨日下跌至少1%,-2.39521,10.03,9.78,10.08,3.067485,714672.0,361361.0,1.977723,0.022368,1.2,竞价额不足500万
B,601116.SH,三江购物,昨日下跌至少1%,-1.717172,9.85,9.73,9.73,0.0,324982.0,164495.0,1.975635,0.006098,0.0,竞价高开不足1%；竞价额不足500万；未收复昨日回落的一半
B,605028.SH,世茂能源,昨日下跌至少1%,-1.854905,24.12,23.81,23.81,0.0,47620.0,24120.0,1.974295,0.00125,0.0,竞价高开不足1%；竞价额不足500万；未收复昨日回落的一半
B,002079.SZ,苏州固锝,昨日下跌至少1%,-1.641138,9.18,8.99,9.14,1.668521,2323388.0,1178834.0,1.97092,0.031339,0.789474,竞价额不足500万
B,002149.SZ,西部材料,昨日下跌至少1%,-1.663202,33.95,33.11,33.5,1.177892,1557750.0,792765.0,1.964958,0.009526,0.464286,竞价额不足500万；未收复昨日回落的一半
B,600552.SH,凯盛科技,昨日冲高回落且收于日内下半区,0.22792,18.27,17.59,17.79,1.13701,4749930.0,2420340.0,1.962505,0.028266,0.294118,竞价额不足500万；未收复昨日回落的一半
B,000970.SZ,中科三环,昨日下跌至少1%,-1.410935,11.45,11.18,11.31,1.162791,804141.0,410956.0,1.956757,0.005848,0.481481,竞价额不足500万；未收复昨日回落的一半
B,600688.SH,上海石化,昨日下跌至少1%,-1.071429,2.8,2.77,2.77,0.0,954542.0,489366.0,1.950569,0.004702,0.0,竞价高开不足1%；竞价额不足500万；未收复昨日回落的一半
B,000977.SZ,浪潮信息,昨日下跌至少1%,-1.883345,71.25,69.81,71.0,1.704627,45042400.0,23251800.0,1.937158,0.043247,0.826389,
B,000733.SZ,振华科技,昨日下跌至少1%,-2.296905,41.45,40.41,41.13,1.781737,5235849.0,2714862.0,1.928588,0.022975,0.692308,
B,600389.SH,江山股份,昨日下跌至少1%,-2.411576,18.66,18.21,18.31,0.549149,1093107.0,569130.0,1.920663,0.013863,0.222222,竞价高开不足1%；竞价额不足500万；未收复昨日回落的一半
B,002436.SZ,兴森科技,昨日下跌至少1%；昨日冲高回落且收于日内下半区,-3.738318,42.7,41.2,42.0,1.941748,49795200.0,26181960.0,1.90189,0.078106,0.533333,
B,600228.SH,返利科技,昨日冲高回落且收于日内下半区,0.625559,11.77,11.26,11.34,0.71048,1900584.0,1000524.0,1.899589,0.040285,0.156863,竞价高开不足1%；竞价额不足500万；未收复昨日回落的一半
B,605179.SH,一鸣食品,昨日冲高回落且收于日内下半区,1.039584,26.1,25.27,25.02,-0.989315,4158324.0,2191623.0,1.897372,0.041446,-0.301205,竞价高开不足1%；竞价额不足500万；未收复昨日回落的一半
B,600525.SH,长园集团,昨日下跌至少1%,-1.043841,4.8,4.74,4.74,0.0,247428.0,130424.0,1.897105,0.003958,0.0,竞价高开不足1%；竞价额不足500万；未收复昨日回落的一半
B,002267.SZ,陕天然气,昨日下跌至少1%,-1.798064,7.23,7.1,7.08,-0.28169,196116.0,103389.0,1.896875,0.002491,-0.153846,竞价高开不足1%；竞价额不足500万；未收复昨日回落的一半
B,600850.SH,电科数字,昨日下跌至少1%,-1.284797,14.09,13.83,13.91,0.578453,500760.0,264100.0,1.8961,0.00441,0.307692,竞价高开不足1%；竞价额不足500万；未收复昨日回落的一半
B,002422.SZ,科伦药业,昨日下跌至少1%,-1.233959,40.88,40.02,40.38,0.89955,1954392.0,1047655.0,1.865492,0.003727,0.418605,竞价高开不足1%；竞价额不足500万；未收复昨日回落的一半
B,601139.SH,深圳燃气,昨日下跌至少1%,-1.705426,6.46,6.34,6.34,0.0,203514.0,109174.0,1.864125,0.001116,0.0,竞价高开不足1%；竞价额不足500万；未收复昨日回落的一半
B,601688.SH,华泰证券,昨日下跌至少1%,-1.893939,18.49,18.13,18.21,0.441258,5047812.0,2716564.0,1.858161,0.003794,0.222222,竞价高开不足1%；未收复昨日回落的一半
B,600348.SH,华阳股份,昨日下跌至少1%,-1.525054,9.15,9.04,8.99,-0.553097,1754848.0,948480.0,1.850169,0.005411,-0.454545,竞价高开不足1%；竞价额不足500万；未收复昨日回落的一半
B,002138.SZ,顺络电子,昨日下跌至少1%；昨日冲高回落且收于日内下半区,-2.327856,51.45,49.93,50.92,1.982776,7989348.0,4336496.0,1.842351,0.020474,0.651316,
B,603281.SH,江瀚新材,昨日下跌至少1%,-1.994609,18.66,18.18,18.3,0.660066,139080.0,75604.0,1.839585,0.001465,0.25,竞价高开不足1%；竞价额不足500万；未收复昨日回落的一半
B,603912.SH,佳力图,昨日冲高回落且收于日内下半区,-0.358852,8.59,8.33,8.45,1.440576,597415.0,327888.0,1.822009,0.013036,0.461538,竞价额不足500万；未收复昨日回落的一半
B,600872.SH,中炬高新,昨日下跌至少1%,-2.165242,17.55,17.17,17.26,0.52417,650702.0,357612.0,1.819575,0.00489,0.236842,竞价高开不足1%；竞价额不足500万；未收复昨日回落的一半
B,002536.SZ,飞龙股份,昨日下跌至少1%；昨日冲高回落且收于日内下半区,-1.966189,55.47,53.35,54.01,1.237113,12514117.0,6885000.0,1.817591,0.042489,0.311321,未收复昨日回落的一半
B,601003.SH,柳钢股份,昨日下跌至少1%,-1.955307,3.57,3.51,3.53,0.569801,361119.0,201780.0,1.789667,0.003883,0.333333,竞价高开不足1%；竞价额不足500万；未收复昨日回落的一半
B,600353.SH,旭光电子,昨日冲高回落且收于日内下半区,-0.440788,35.49,33.88,35.2,3.896104,37414080.0,20978000.0,1.783491,0.128244,0.819876,
B,002115.SZ,三维通信,昨日下跌至少1%,-1.482213,10.14,9.97,10.07,1.003009,860985.0,484484.0,1.777118,0.011457,0.588235,竞价额不足500万
B,603929.SH,亚翔集成,昨日冲高回落且收于日内下半区,-0.875055,164.1,158.59,162.06,2.188032,3160170.0,1788790.0,1.766652,0.009139,0.629764,竞价额不足500万
A,002584.SZ,西陇科学,昨日炸板未封住,-0.314136,10.51,9.52,9.72,2.10084,147675960.0,83593875.0,1.766588,3.157713,0.20202,未收复昨日回落的一半
B,603360.SH,百傲化学,昨日下跌至少1%；昨日冲高回落且收于日内下半区,-1.122694,12.81,12.33,12.42,0.729927,725328.0,412587.0,1.758,0.008269,0.1875,竞价高开不足1%；竞价额不足500万；未收复昨日回落的一半
B,000960.SZ,锡业股份,昨日下跌至少1%,-2.046263,33.96,33.03,33.62,1.786255,12869736.0,7347816.0,1.751505,0.023264,0.634409,
B,600596.SH,新安股份,昨日下跌至少1%；昨日冲高回落且收于日内下半区,-3.727715,12.5,11.88,11.94,0.505051,9550806.0,5465640.0,1.747427,0.05927,0.096774,竞价高开不足1%；未收复昨日回落的一半
B,601212.SH,白银有色,昨日下跌至少1%；昨日冲高回落且收于日内下半区,-5.460218,6.41,6.06,6.3,3.960396,40963860.0,23487500.0,1.744071,0.087811,0.685714,
B,600702.SH,舍得酒业,昨日下跌至少1%；昨日冲高回落且收于日内下半区,-2.593486,33.29,32.3,32.21,-0.278638,1587953.0,910800.0,1.743471,0.014852,-0.090909,竞价高开不足1%；竞价额不足500万；未收复昨日回落的一半
B,002444.SZ,巨星科技,昨日下跌至少1%；昨日冲高回落且收于日内下半区,-3.977273,28.34,27.04,27.25,0.776627,1185375.0,680400.0,1.742174,0.003792,0.161538,竞价高开不足1%；竞价额不足500万；未收复昨日回落的一半
B,603067.SH,振华股份,昨日冲高回落且收于日内下半区,-0.282406,36.77,35.31,35.64,0.934579,2972376.0,1709820.0,1.738415,0.011039,0.226027,竞价高开不足1%；竞价额不足500万；未收复昨日回落的一半
B,002405.SZ,四维图新,昨日下跌至少1%,-1.495017,6.03,5.93,5.96,0.505902,663348.0,383959.0,1.727653,0.004725,0.3,竞价高开不足1%；竞价额不足500万；未收复昨日回落的一半
B,000551.SZ,创元科技,昨日下跌至少1%,-1.479047,12.21,11.99,12.15,1.334445,912465.0,529207.0,1.724212,0.015505,0.727273,竞价额不足500万
B,000711.SZ,京蓝科技,昨日下跌至少1%；昨日冲高回落且收于日内下半区,-6.508876,5.07,4.74,4.81,1.476793,5781620.0,3367585.0,1.716845,0.050997,0.212121,未收复昨日回落的一半
B,001369.SZ,双欣材料,昨日下跌至少1%,-1.060359,12.26,12.13,12.19,0.494641,327911.0,191226.0,1.714783,0.012967,0.461538,竞价高开不足1%；竞价额不足500万；未收复昨日回落的一半
B,002092.SZ,中泰化学,昨日下跌至少1%,-1.785714,4.48,4.4,4.4,0.0,1003640.0,588290.0,1.706029,0.008856,0.0,竞价高开不足1%；竞价额不足500万；未收复昨日回落的一半
B,600563.SH,法拉电子,昨日下跌至少1%,-2.466189,126.27,122.6,124.0,1.141925,2207200.0,1301456.0,1.695947,0.007911,0.381471,竞价额不足500万；未收复昨日回落的一半
B,603283.SH,赛腾股份,昨日下跌至少1%,-1.20456,46.79,45.93,46.8,1.894187,4169880.0,2472032.0,1.686823,0.025275,1.011628,竞价额不足500万
B,002902.SZ,铭普光磁,昨日下跌至少1%；昨日冲高回落且收于日内下半区,-2.114804,30.1,29.16,30.02,2.949246,14814870.0,8823220.0,1.679077,0.264653,0.914894,
B,002095.SZ,生意宝,昨日冲高回落且收于日内下半区,1.406728,17.98,16.58,16.46,-0.723764,12947436.0,7751952.0,1.670216,0.312504,-0.085714,竞价高开不足1%；未收复昨日回落的一半
B,002484.SZ,江海股份,昨日冲高回落且收于日内下半区,-0.364964,61.9,60.06,61.31,2.081252,16835726.0,10099185.0,1.667038,0.033469,0.679348,
B,002508.SZ,老板电器,昨日下跌至少1%；昨日冲高回落且收于日内下半区,-2.776101,16.65,16.11,16.15,0.248293,427975.0,258108.0,1.658124,0.002838,0.074074,竞价高开不足1%；竞价额不足500万；未收复昨日回落的一半
B,601068.SH,中铝国际,昨日下跌至少1%,-1.5625,4.48,4.41,4.43,0.453515,157265.0,95444.0,1.64772,0.001387,0.285714,竞价高开不足1%；竞价额不足500万；未收复昨日回落的一半
B,000543.SZ,皖能电力,昨日下跌至少1%,-2.526596,7.49,7.33,7.34,0.136426,513800.0,312333.0,1.645039,0.003088,0.0625,竞价高开不足1%；竞价额不足500万；未收复昨日回落的一半
B,001221.SZ,悍高集团,昨日下跌至少1%,-2.225352,35.55,34.71,35.0,0.835494,626500.0,383400.0,1.634064,0.023286,0.345238,竞价高开不足1%；竞价额不足500万；未收复昨日回落的一半
B,002595.SZ,豪迈科技,昨日下跌至少1%,-1.623953,39.63,38.77,38.81,0.103173,1160419.0,710892.0,1.632342,0.002595,0.046512,竞价高开不足1%；竞价额不足500万；未收复昨日回落的一半
B,002389.SZ,航天彩虹,昨日下跌至少1%,-2.560084,19.15,18.65,18.8,0.80429,2013480.0,1236900.0,1.627844,0.010876,0.3,竞价高开不足1%；竞价额不足500万；未收复昨日回落的一半
B,600980.SH,北矿科技,昨日下跌至少1%,-1.171459,18.86,18.56,18.7,0.75431,87890.0,54288.0,1.618958,0.002483,0.466667,竞价高开不足1%；竞价额不足500万；未收复昨日回落的一半
B,600183.SH,生益科技,昨日下跌至少1%；昨日冲高回落且收于日内下半区,-5.469964,157.27,146.03,149.0,2.033829,99561800.0,61536600.0,1.617928,0.027706,0.264235,未收复昨日回落的一半
B,002151.SZ,北斗星通,昨日下跌至少1%,-2.062216,28.66,28.02,28.29,0.963597,939228.0,583635.0,1.609273,0.007497,0.421875,竞价高开不足1%；竞价额不足500万；未收复昨日回落的一半
B,002577.SZ,雷柏科技,昨日冲高回落且收于日内下半区,4.725993,21.88,20.83,20.84,0.048008,13350104.0,8305864.0,1.607311,0.228237,0.009524,竞价高开不足1%；未收复昨日回落的一半
B,002886.SZ,沃特股份,昨日下跌至少1%；昨日冲高回落且收于日内下半区,-2.677575,27.12,26.17,26.7,2.02522,11171280.0,6958315.0,1.605458,0.200117,0.557895,
B,000729.SZ,燕京啤酒,昨日下跌至少1%；昨日冲高回落且收于日内下半区,-2.777778,10.85,10.5,10.56,0.571429,902880.0,562748.0,1.604413,0.003407,0.171429,竞价高开不足1%；竞价额不足500万；未收复昨日回落的一半
B,002006.SZ,精工科技,昨日下跌至少1%,-1.055807,13.34,13.12,13.23,0.838415,334719.0,208876.0,1.602477,0.004868,0.5,竞价高开不足1%；竞价额不足500万
B,000936.SZ,华西股份,昨日下跌至少1%,-1.46789,5.44,5.37,5.42,0.931099,172898.0,108057.0,1.600063,0.003601,0.714286,竞价高开不足1%；竞价额不足500万
B,000883.SZ,湖北能源,昨日下跌至少1%,-2.428256,4.52,4.42,4.41,-0.226244,485100.0,304876.0,1.591139,0.001698,-0.1,竞价高开不足1%；竞价额不足500万；未收复昨日回落的一半
B,002125.SZ,湘潭电化,昨日下跌至少1%,-1.568951,12.14,11.92,12.02,0.838926,365408.0,232179.0,1.57382,0.004829,0.454545,竞价高开不足1%；竞价额不足500万；未收复昨日回落的一半
B,600399.SH,抚顺特钢,昨日下跌至少1%,-1.342282,4.51,4.41,4.4,-0.226757,776600.0,496175.0,1.565174,0.00895,-0.1,竞价高开不足1%；竞价额不足500万；未收复昨日回落的一半
B,600163.SH,中闽能源,昨日下跌至少1%,-5.573248,6.2,5.93,6.04,1.854975,21336904.0,13633689.0,1.565013,0.185634,0.407407,未收复昨日回落的一半
B,600589.SH,大位科技,昨日下跌至少1%,-1.656051,7.95,7.72,7.84,1.554404,1709904.0,1093868.0,1.563172,0.014752,0.521739,竞价额不足500万
B,002818.SZ,富森美,昨日下跌至少1%,-1.226994,11.4,11.27,11.25,-0.177462,92250.0,59072.0,1.561654,0.002748,-0.153846,竞价高开不足1%；竞价额不足500万；未收复昨日回落的一半
B,603338.SH,浙江鼎力,昨日下跌至少1%；昨日冲高回落且收于日内下半区,-1.894008,55.67,53.87,54.58,1.317988,289274.0,185606.0,1.558538,0.001047,0.394444,竞价额不足500万；未收复昨日回落的一半
A,003001.SZ,中岩大地,昨日开板26次,10.016243,20.32,20.32,20.69,1.820866,37808906.0,24276571.0,1.557424,1.598062,,
B,002867.SZ,周大生,昨日下跌至少1%,-1.730769,10.39,10.22,10.28,0.587084,413256.0,265738.0,1.555126,0.003725,0.352941,竞价高开不足1%；竞价额不足500万；未收复昨日回落的一半
B,000629.SZ,钒钛股份,昨日下跌至少1%,-1.37931,2.9,2.86,2.88,0.699301,1326240.0,854784.0,1.55155,0.004957,0.5,竞价高开不足1%；竞价额不足500万
B,002379.SZ,宏桥控股,昨日下跌至少1%；昨日冲高回落且收于日内下半区,-2.390438,17.68,17.15,17.5,2.040816,5887000.0,3816855.0,1.542369,0.029603,0.660377,
B,603716.SH,塞力医疗,昨日冲高回落且收于日内下半区,-0.124922,16.58,15.99,16.01,0.125078,534734.0,350400.0,1.526067,0.014792,0.033898,竞价高开不足1%；竞价额不足500万；未收复昨日回落的一半
B,002301.SZ,齐心集团,昨日下跌至少1%,-1.408451,7.87,7.7,7.73,0.38961,182428.0,119952.0,1.520842,0.003287,0.176471,竞价高开不足1%；竞价额不足500万；未收复昨日回落的一半
B,603125.SH,常青科技,昨日下跌至少1%,-1.176471,24.04,23.52,23.88,1.530612,437004.0,287980.0,1.51748,0.00452,0.692308,竞价额不足500万
B,600584.SH,长电科技,昨日下跌至少1%；昨日冲高回落且收于日内下半区,-2.588066,70.31,67.75,69.1,1.99262,46421380.0,30774000.0,1.508461,0.037543,0.527344,
B,000301.SZ,东方盛虹,昨日下跌至少1%,-1.540719,13.77,13.42,13.5,0.596125,1383750.0,917335.0,1.508446,0.001551,0.228571,竞价高开不足1%；竞价额不足500万；未收复昨日回落的一半
B,002274.SZ,华昌化工,昨日下跌至少1%,-1.342282,5.92,5.88,5.9,0.340136,578200.0,383439.0,1.507932,0.010449,0.5,竞价高开不足1%；竞价额不足500万
B,002648.SZ,卫星化学,昨日下跌至少1%,-1.97246,26.89,26.34,26.39,0.189825,2390934.0,1587148.0,1.506434,0.002691,0.090909,竞价高开不足1%；竞价额不足500万；未收复昨日回落的一半
B,002366.SZ,融发核电,昨日下跌至少1%,-1.748252,5.71,5.62,5.65,0.533808,592120.0,395328.0,1.497794,0.005664,0.333333,竞价高开不足1%；竞价额不足500万；竞价额未达到昨日1.5倍；未收复昨日回落的一半
B,601009.SH,南京银行,昨日下跌至少1%,-1.423786,12.01,11.77,11.77,0.0,2091529.0,1404189.0,1.489493,0.001437,0.0,竞价高开不足1%；竞价额不足500万；竞价额未达到昨日1.5倍；未收复昨日回落的一半
B,002426.SZ,胜利精密,昨日下跌至少1%,-1.140684,2.64,2.6,2.62,0.769231,264882.0,178684.0,1.482405,0.003165,0.5,竞价高开不足1%；竞价额不足500万；竞价额未达到昨日1.5倍
B,603205.SH,健尔康,昨日下跌至少1%,-1.263617,23.07,22.66,22.69,0.132392,145216.0,98040.0,1.481191,0.015481,0.073171,竞价高开不足1%；竞价额不足500万；竞价额未达到昨日1.5倍；未收复昨日回落的一半
B,600698.SH,湖南天雁,昨日冲高回落且收于日内下半区,2.285714,7.48,7.16,7.0,-2.234637,4049500.0,2766814.0,1.463597,0.069661,-0.5,竞价高开不足1%；竞价额不足500万；竞价额未达到昨日1.5倍；未收复昨日回落的一半
B,002841.SZ,视源股份,昨日下跌至少1%,-1.24106,47.93,46.95,47.32,0.788072,757120.0,521290.0,1.452397,0.003069,0.377551,竞价高开不足1%；竞价额不足500万；竞价额未达到昨日1.5倍；未收复昨日回落的一半
B,600483.SH,福能股份,昨日下跌至少1%,-2.321429,11.16,10.94,10.87,-0.639854,545674.0,376092.0,1.450906,0.001806,-0.318182,竞价高开不足1%；竞价额不足500万；竞价额未达到昨日1.5倍；未收复昨日回落的一半
B,000738.SZ,航发控制,昨日下跌至少1%,-1.136364,19.55,19.14,19.3,0.835946,731470.0,504612.0,1.449569,0.002882,0.390244,竞价高开不足1%；竞价额不足500万；竞价额未达到昨日1.5倍；未收复昨日回落的一半
B,002866.SZ,传艺科技,昨日下跌至少1%,-1.503759,14.63,14.41,14.52,0.763359,341220.0,238469.0,1.430878,0.012788,0.5,竞价高开不足1%；竞价额不足500万；竞价额未达到昨日1.5倍
B,603629.SH,利通电子,昨日冲高回落且收于日内下半区,3.896696,118.33,113.85,116.0,1.88845,62152800.0,43534400.0,1.427671,0.148535,0.479911,竞价额未达到昨日1.5倍；未收复昨日回落的一半
B,002297.SZ,博云新材,昨日下跌至少1%；昨日冲高回落且收于日内下半区,-2.286996,22.88,21.79,21.76,-0.137678,13264896.0,9328800.0,1.42193,0.106368,-0.027523,竞价高开不足1%；竞价额未达到昨日1.5倍；未收复昨日回落的一半
A,003026.SZ,中晶科技,昨日开板3次,9.988109,37.0,37.0,40.7,10.0,51155830.0,35997300.0,1.421102,0.871873,,竞价高开超过7%（含竞价涨停）；竞价额未达到昨日1.5倍
B,601169.SH,北京银行,昨日下跌至少1%,-1.071429,5.62,5.54,5.52,-0.361011,7442064.0,5252082.0,1.416974,0.006377,-0.25,竞价高开不足1%；竞价额未达到昨日1.5倍；未收复昨日回落的一半
B,002735.SZ,王子新材,昨日下跌至少1%；昨日冲高回落且收于日内下半区,-3.287891,12.48,12.06,12.27,1.741294,3000015.0,2118025.0,1.416421,0.085772,0.5,竞价额不足500万；竞价额未达到昨日1.5倍
B,002679.SZ,福建金森,昨日下跌至少1%；昨日冲高回落且收于日内下半区,-5.053191,11.3,10.71,10.74,0.280112,6822048.0,4829908.0,1.412459,0.269431,0.050847,竞价高开不足1%；竞价额未达到昨日1.5倍；未收复昨日回落的一半
B,002597.SZ,金禾实业,昨日下跌至少1%,-1.701932,21.72,21.37,21.65,1.310248,567230.0,401946.0,1.411209,0.004629,0.8,竞价额不足500万；竞价额未达到昨日1.5倍
B,603186.SH,华正新材,昨日下跌至少1%；昨日冲高回落且收于日内下半区,-9.445254,253.0,230.0,237.94,3.452174,105883300.0,75225000.0,1.407555,0.283818,0.345217,竞价额未达到昨日1.5倍；未收复昨日回落的一半
B,000686.SZ,东北证券,昨日下跌至少1%,-1.033592,7.76,7.66,7.69,0.391645,140727.0,100100.0,1.405864,0.000782,0.3,竞价高开不足1%；竞价额不足500万；竞价额未达到昨日1.5倍；未收复昨日回落的一半
B,603588.SH,高能环境,昨日下跌至少1%；昨日冲高回落且收于日内下半区,-2.736318,16.33,15.64,15.9,1.662404,6245520.0,4444433.0,1.405246,0.025787,0.376812,竞价额未达到昨日1.5倍；未收复昨日回落的一半
B,600362.SH,江西铜业,昨日下跌至少1%,-1.904762,44.25,43.26,44.2,2.172908,31704660.0,22664268.0,1.398883,0.034565,0.949495,竞价额未达到昨日1.5倍
B,603421.SH,鼎信通讯,昨日下跌至少1%,-3.708791,7.18,7.01,7.0,-0.142653,4074700.0,2918630.0,1.3961,0.089253,-0.058824,竞价高开不足1%；竞价额不足500万；竞价额未达到昨日1.5倍；未收复昨日回落的一半
B,002777.SZ,久远银海,昨日下跌至少1%,-1.28,12.53,12.34,12.45,0.89141,246510.0,177320.0,1.390199,0.004895,0.578947,竞价高开不足1%；竞价额不足500万；竞价额未达到昨日1.5倍
B,002475.SZ,立讯精密,昨日下跌至少1%,-1.436945,53.06,52.13,52.99,1.649722,40685722.0,29343639.0,1.386526,0.010478,0.924731,竞价额未达到昨日1.5倍
B,600714.SH,金瑞矿业,昨日下跌至少1%；昨日冲高回落且收于日内下半区,-2.111872,17.73,17.15,17.5,2.040816,1615250.0,1166400.0,1.384817,0.032029,0.603448,竞价额不足500万；竞价额未达到昨日1.5倍
B,002172.SZ,澳洋健康,昨日下跌至少1%；昨日冲高回落且收于日内下半区,-1.565558,5.45,5.03,4.98,-0.994036,17171538.0,12485263.0,1.375345,0.450649,-0.119048,竞价高开不足1%；竞价额未达到昨日1.5倍；未收复昨日回落的一半
B,002208.SZ,合肥城建,昨日下跌至少1%,-1.135191,9.76,9.58,9.62,0.417537,241462.0,175994.0,1.37199,0.003126,0.222222,竞价高开不足1%；竞价额不足500万；竞价额未达到昨日1.5倍；未收复昨日回落的一半
B,600438.SH,通威股份,昨日下跌至少1%,-1.070473,11.21,11.09,11.19,0.901713,1002624.0,731898.0,1.369896,0.00199,0.833333,竞价高开不足1%；竞价额不足500万；竞价额未达到昨日1.5倍
B,002847.SZ,盐津铺子,昨日下跌至少1%,-2.142524,42.7,42.02,42.02,0.0,373978.0,273280.0,1.368479,0.003649,0.0,竞价高开不足1%；竞价额不足500万；竞价额未达到昨日1.5倍；未收复昨日回落的一半
B,603308.SH,应流股份,昨日冲高回落且收于日内下半区,0.75261,43.3,41.5,42.54,2.506024,6095982.0,4469000.0,1.36406,0.019672,0.577778,竞价额未达到昨日1.5倍
B,000534.SZ,万泽股份,昨日冲高回落且收于日内下半区,0.213402,24.54,23.48,23.84,1.53322,1947728.0,1428518.0,1.363461,0.016193,0.339623,竞价额不足500万；竞价额未达到昨日1.5倍；未收复昨日回落的一半
B,000533.SZ,顺钠股份,昨日下跌至少1%；昨日冲高回落且收于日内下半区,-3.220036,11.28,10.82,10.93,1.016636,1455876.0,1070720.0,1.359717,0.019448,0.23913,竞价额不足500万；竞价额未达到昨日1.5倍；未收复昨日回落的一半
B,002407.SZ,多氟多,昨日下跌至少1%,-1.00243,33.36,32.59,32.9,0.951212,13199480.0,9754696.0,1.353141,0.037117,0.402597,竞价高开不足1%；竞价额未达到昨日1.5倍；未收复昨日回落的一半
B,600800.SH,渤海化学,昨日下跌至少1%,-1.201201,3.32,3.29,3.31,0.607903,63221.0,46812.0,1.35053,0.001721,0.666667,竞价高开不足1%；竞价额不足500万；竞价额未达到昨日1.5倍
B,002608.SZ,江苏国信,昨日下跌至少1%,-2.150538,7.43,7.28,7.28,0.0,507416.0,377856.0,1.342882,0.001845,0.0,竞价高开不足1%；竞价额不足500万；竞价额未达到昨日1.5倍；未收复昨日回落的一半
B,002815.SZ,崇达技术,昨日冲高回落且收于日内下半区,1.668092,24.73,23.77,24.0,0.967606,29584800.0,22199344.0,1.332688,0.15862,0.239583,竞价高开不足1%；竞价额未达到昨日1.5倍；未收复昨日回落的一半
B,002980.SZ,华盛昌,昨日下跌至少1%；昨日冲高回落且收于日内下半区,-2.635101,122.21,116.39,118.07,1.443423,15018504.0,11298420.0,1.329257,0.125584,0.28866,竞价额未达到昨日1.5倍；未收复昨日回落的一半
A,002137.SZ,实益达,昨日炸板未封住,4.268293,9.02,8.55,8.53,-0.233918,37711130.0,28424960.0,1.326691,1.115122,-0.042553,竞价高开不足1%；竞价额未达到昨日1.5倍；未收复昨日回落的一半
B,002851.SZ,麦格米特,昨日冲高回落且收于日内下半区,-0.369944,125.71,121.19,123.78,2.13714,19371570.0,14666334.0,1.320819,0.031829,0.573009,竞价额未达到昨日1.5倍
B,600010.SH,包钢股份,昨日下跌至少1%,-1.401869,2.15,2.11,2.12,0.473934,3446060.0,2609250.0,1.320709,0.00519,0.25,竞价高开不足1%；竞价额不足500万；竞价额未达到昨日1.5倍；未收复昨日回落的一半
B,002258.SZ,利尔化学,昨日下跌至少1%,-1.245902,15.33,15.06,15.06,0.0,987936.0,748867.0,1.319241,0.008209,0.0,竞价高开不足1%；竞价额不足500万；竞价额未达到昨日1.5倍；未收复昨日回落的一半
B,002989.SZ,中天精装,昨日冲高回落且收于日内下半区,-0.889831,24.18,23.39,23.7,1.325353,289140.0,219866.0,1.315074,0.006167,0.392405,竞价额不足500万；竞价额未达到昨日1.5倍；未收复昨日回落的一半
B,600367.SH,红星发展,昨日冲高回落且收于日内下半区,-0.357437,37.69,36.24,36.73,1.352097,7716973.0,5871600.0,1.314288,0.065254,0.337931,竞价额未达到昨日1.5倍；未收复昨日回落的一半
B,000630.SZ,铜陵有色,昨日下跌至少1%,-1.149425,6.08,6.02,6.11,1.495017,19954649.0,15188788.0,1.313775,0.029309,1.5,竞价额未达到昨日1.5倍
B,002463.SZ,沪电股份,昨日下跌至少1%；昨日冲高回落且收于日内下半区,-3.380282,129.36,123.48,126.2,2.202786,47981240.0,36665820.0,1.308609,0.019773,0.462585,竞价额未达到昨日1.5倍；未收复昨日回落的一半
B,000822.SZ,山东海化,昨日下跌至少1%,-1.385681,4.32,4.27,4.27,0.0,88816.0,67940.0,1.307271,0.002324,0.0,竞价高开不足1%；竞价额不足500万；竞价额未达到昨日1.5倍；未收复昨日回落的一半
B,002121.SZ,科陆电子,昨日下跌至少1%,-1.851852,4.86,4.77,4.78,0.209644,390048.0,298840.0,1.305207,0.005782,0.111111,竞价高开不足1%；竞价额不足500万；竞价额未达到昨日1.5倍；未收复昨日回落的一半
B,603406.SH,天富龙,昨日下跌至少1%；昨日冲高回落且收于日内下半区,-7.864045,29.75,27.65,27.66,0.036166,694266.0,535320.0,1.296918,0.042745,0.004762,竞价高开不足1%；竞价额不足500万；竞价额未达到昨日1.5倍；未收复昨日回落的一半
B,002652.SZ,扬子新材,昨日下跌至少1%,-1.495726,4.71,4.61,4.68,1.518438,270504.0,208680.0,1.296262,0.011288,0.7,竞价额不足500万；竞价额未达到昨日1.5倍
B,002368.SZ,太极股份,昨日下跌至少1%,-1.564829,13.42,13.21,13.33,0.908403,138632.0,107811.0,1.28588,0.001673,0.571429,竞价高开不足1%；竞价额不足500万；竞价额未达到昨日1.5倍
B,000966.SZ,长源电力,昨日下跌至少1%,-2.415459,4.13,4.04,4.03,-0.247525,763685.0,596164.0,1.280998,0.005444,-0.111111,竞价高开不足1%；竞价额不足500万；竞价额未达到昨日1.5倍；未收复昨日回落的一半
B,603880.SH,南卫股份,昨日下跌至少1%；昨日冲高回落且收于日内下半区,-2.51004,10.07,9.71,9.74,0.30896,74998.0,58705.0,1.27754,0.002664,0.083333,竞价高开不足1%；竞价额不足500万；竞价额未达到昨日1.5倍；未收复昨日回落的一半
B,603045.SH,福达合金,昨日冲高回落且收于日内下半区,1.585709,52.33,50.61,51.82,2.390832,4539432.0,3555000.0,1.276915,0.064676,0.703488,竞价额不足500万；竞价额未达到昨日1.5倍
B,600098.SH,广州发展,昨日下跌至少1%,-1.569859,6.37,6.27,6.25,-0.318979,735625.0,577122.0,1.274644,0.003357,-0.2,竞价高开不足1%；竞价额不足500万；竞价额未达到昨日1.5倍；未收复昨日回落的一半
B,600456.SH,宝钛股份,昨日下跌至少1%,-2.152642,25.54,25.0,25.16,0.64,226440.0,177660.0,1.274569,0.001884,0.296296,竞价高开不足1%；竞价额不足500万；竞价额未达到昨日1.5倍；未收复昨日回落的一半
B,600271.SH,航天信息,昨日下跌至少1%,-1.339286,6.73,6.63,6.65,0.301659,89775.0,70455.0,1.274218,0.000729,0.2,竞价高开不足1%；竞价额不足500万；竞价额未达到昨日1.5倍；未收复昨日回落的一半
B,002156.SZ,通富微电,昨日下跌至少1%,-1.520014,59.54,58.31,59.7,2.383811,41861640.0,32886840.0,1.272899,0.046209,1.130081,竞价额未达到昨日1.5倍
B,601899.SH,紫金矿业,昨日下跌至少1%；昨日冲高回落且收于日内下半区,-3.947777,32.0,30.9,31.5,1.941748,85516200.0,67209300.0,1.272386,0.013177,0.545455,竞价额未达到昨日1.5倍
B,002647.SZ,仁东控股,昨日下跌至少1%；昨日冲高回落且收于日内下半区,-1.364877,11.19,10.84,11.0,1.476015,755700.0,595680.0,1.268634,0.006767,0.457143,竞价额不足500万；竞价额未达到昨日1.5倍；未收复昨日回落的一半
B,002185.SZ,华天科技,昨日下跌至少1%；昨日冲高回落且收于日内下半区,-2.72997,16.91,16.39,16.77,2.318487,32820567.0,25874016.0,1.268476,0.058842,0.730769,竞价额未达到昨日1.5倍
B,603516.SH,淳中科技,昨日冲高回落且收于日内下半区,-0.430483,88.38,85.58,86.2,0.724468,956820.0,754688.0,1.267835,0.005461,0.221429,竞价高开不足1%；竞价额不足500万；竞价额未达到昨日1.5倍；未收复昨日回落的一半
B,002549.SZ,凯美特气,昨日下跌至少1%,-1.978022,13.71,13.38,13.51,0.971599,716030.0,566069.0,1.264916,0.007655,0.393939,竞价高开不足1%；竞价额不足500万；竞价额未达到昨日1.5倍；未收复昨日回落的一半
B,603150.SH,万朗磁塑,昨日下跌至少1%；昨日冲高回落且收于日内下半区,-1.866978,69.5,67.28,68.4,1.664685,513000.0,409260.0,1.253482,0.008774,0.504505,竞价额不足500万；竞价额未达到昨日1.5倍
B,002254.SZ,泰和新材,昨日下跌至少1%；昨日冲高回落且收于日内下半区,-2.201258,12.9,12.44,12.5,0.482315,576250.0,459732.0,1.253448,0.00542,0.130435,竞价高开不足1%；竞价额不足500万；竞价额未达到昨日1.5倍；未收复昨日回落的一半
B,601949.SH,中国出版,昨日下跌至少1%；昨日冲高回落且收于日内下半区,-1.138211,6.29,6.08,6.0,-1.315789,6388800.0,5119992.0,1.247814,0.055925,-0.380952,竞价高开不足1%；竞价额未达到昨日1.5倍；未收复昨日回落的一半
B,600458.SH,时代新材,昨日下跌至少1%；昨日冲高回落且收于日内下半区,-3.492334,11.76,11.33,11.44,0.970874,612040.0,490786.0,1.247061,0.006155,0.255814,竞价高开不足1%；竞价额不足500万；竞价额未达到昨日1.5倍；未收复昨日回落的一半
B,002636.SZ,金安国纪,昨日下跌至少1%；昨日冲高回落且收于日内下半区,-3.664159,84.75,79.4,80.34,1.183879,52204932.0,41939900.0,1.244756,0.089599,0.175701,竞价额未达到昨日1.5倍；未收复昨日回落的一半
B,600936.SH,北投科技,昨日下跌至少1%；昨日冲高回落且收于日内下半区,-3.478261,4.58,4.44,4.43,-0.225225,1494239.0,1210952.0,1.233937,0.020185,-0.071429,竞价高开不足1%；竞价额不足500万；竞价额未达到昨日1.5倍；未收复昨日回落的一半
B,603580.SH,艾艾精工,昨日下跌至少1%；昨日冲高回落且收于日内下半区,-2.104932,65.45,62.32,62.87,0.882542,3677895.0,2981257.0,1.233673,0.044768,0.175719,竞价高开不足1%；竞价额不足500万；竞价额未达到昨日1.5倍；未收复昨日回落的一半
B,002446.SZ,盛路通信,昨日下跌至少1%；昨日冲高回落且收于日内下半区,-3.579952,8.43,8.08,8.15,0.866337,942955.0,766272.0,1.230575,0.013647,0.2,竞价高开不足1%；竞价额不足500万；竞价额未达到昨日1.5倍；未收复昨日回落的一半
B,000553.SZ,安道麦A,昨日下跌至少1%,-1.236749,5.68,5.59,5.61,0.357782,154275.0,125430.0,1.229969,0.001263,0.222222,竞价高开不足1%；竞价额不足500万；竞价额未达到昨日1.5倍；未收复昨日回落的一半
B,603712.SH,七一二,昨日下跌至少1%,-1.827676,11.52,11.28,11.3,0.177305,210180.0,170903.0,1.22982,0.002409,0.083333,竞价高开不足1%；竞价额不足500万；竞价额未达到昨日1.5倍；未收复昨日回落的一半
B,600841.SH,动力新科,昨日冲高回落且收于日内下半区,2.131439,6.02,5.75,5.76,0.173913,2126016.0,1744600.0,1.218627,0.035387,0.037037,竞价高开不足1%；竞价额不足500万；竞价额未达到昨日1.5倍；未收复昨日回落的一半
A,605058.SH,澳弘电子,昨日开板37次,9.993233,48.76,48.76,49.0,0.492207,64582000.0,53048900.0,1.217405,0.922161,,竞价高开不足1%；竞价额未达到昨日1.5倍
B,002757.SZ,南兴股份,昨日下跌至少1%,-1.736695,17.97,17.54,17.87,1.881414,1361694.0,1126356.0,1.208937,0.026812,0.767442,竞价额不足500万；竞价额未达到昨日1.5倍
B,600338.SH,西藏珠峰,昨日下跌至少1%,-1.959248,12.81,12.51,12.65,1.119105,1849430.0,1533330.0,1.206153,0.015992,0.466667,竞价额不足500万；竞价额未达到昨日1.5倍；未收复昨日回落的一半
B,603989.SH,艾华集团,昨日冲高回落且收于日内下半区,-0.05637,36.86,35.46,36.0,1.522843,9781200.0,8109946.0,1.206075,0.068133,0.385714,竞价额未达到昨日1.5倍；未收复昨日回落的一半
B,600570.SH,恒生电子,昨日下跌至少1%,-1.089648,20.19,19.97,20.09,0.600901,801591.0,665660.0,1.204205,0.002107,0.545455,竞价高开不足1%；竞价额不足500万；竞价额未达到昨日1.5倍
B,600590.SH,泰豪科技,昨日冲高回落且收于日内下半区,-0.586166,9.05,8.48,8.52,0.471698,3233340.0,2704554.0,1.195517,0.044987,0.070175,竞价高开不足1%；竞价额不足500万；竞价额未达到昨日1.5倍；未收复昨日回落的一半
B,600967.SH,内蒙一机,昨日下跌至少1%；昨日冲高回落且收于日内下半区,-1.484781,13.87,13.27,13.15,-0.904295,6816960.0,5723298.0,1.191089,0.030462,-0.2,竞价高开不足1%；竞价额未达到昨日1.5倍；未收复昨日回落的一半
B,600268.SH,国电南自,昨日下跌至少1%,-2.200957,10.43,10.22,10.28,0.587084,208684.0,175422.0,1.189611,0.001999,0.285714,竞价高开不足1%；竞价额不足500万；竞价额未达到昨日1.5倍；未收复昨日回落的一半
B,600426.SH,华鲁恒升,昨日下跌至少1%,-1.571211,19.73,19.42,19.41,-0.051493,3435570.0,2891445.0,1.188184,0.006437,-0.032258,竞价高开不足1%；竞价额不足500万；竞价额未达到昨日1.5倍；未收复昨日回落的一半
B,600979.SH,广安爱众,昨日下跌至少1%,-2.912621,4.09,4.0,3.98,-0.5,686152.0,581603.0,1.17976,0.013884,-0.222222,竞价高开不足1%；竞价额不足500万；竞价额未达到昨日1.5倍；未收复昨日回落的一半
B,002342.SZ,巨力索具,昨日下跌至少1%,-2.638191,7.95,7.75,7.8,0.645161,1070940.0,907890.0,1.179592,0.014382,0.25,竞价高开不足1%；竞价额不足500万；竞价额未达到昨日1.5倍；未收复昨日回落的一半
B,003039.SZ,顺控发展,昨日下跌至少1%,-1.11465,12.56,12.42,12.4,-0.161031,565440.0,483560.0,1.169327,0.007384,-0.142857,竞价高开不足1%；竞价额不足500万；竞价额未达到昨日1.5倍；未收复昨日回落的一半
B,002008.SZ,大族激光,昨日冲高回落且收于日内下半区,-0.764078,98.4,94.81,97.03,2.341525,27643847.0,23644353.0,1.169152,0.029779,0.618384,竞价额未达到昨日1.5倍
B,000862.SZ,银星能源,昨日下跌至少1%,-2.477876,5.64,5.51,5.49,-0.362976,1835856.0,1570740.0,1.168784,0.046888,-0.153846,竞价高开不足1%；竞价额不足500万；竞价额未达到昨日1.5倍；未收复昨日回落的一半
B,600236.SH,桂冠电力,昨日下跌至少1%,-1.831129,9.78,9.65,9.68,0.310881,91960.0,79218.0,1.160847,0.000121,0.230769,竞价高开不足1%；竞价额不足500万；竞价额未达到昨日1.5倍；未收复昨日回落的一半
B,000099.SZ,中信海直,昨日下跌至少1%,-1.076095,13.08,12.87,12.92,0.3885,251940.0,217392.0,1.15892,0.002514,0.238095,竞价高开不足1%；竞价额不足500万；竞价额未达到昨日1.5倍；未收复昨日回落的一半
B,000601.SZ,韶能股份,昨日下跌至少1%,-2.535658,6.28,6.15,6.15,0.0,990150.0,854601.0,1.158611,0.015339,0.0,竞价高开不足1%；竞价额不足500万；竞价额未达到昨日1.5倍；未收复昨日回落的一半
B,601069.SH,西部黄金,昨日下跌至少1%；昨日冲高回落且收于日内下半区,-5.136054,29.29,27.89,28.38,1.756902,4938120.0,4298998.0,1.148668,0.019613,0.35,竞价额不足500万；竞价额未达到昨日1.5倍；未收复昨日回落的一半
B,600452.SH,涪陵电力,昨日下跌至少1%,-1.864035,9.16,8.95,8.96,0.111732,573440.0,499590.0,1.147821,0.004165,0.047619,竞价高开不足1%；竞价额不足500万；竞价额未达到昨日1.5倍；未收复昨日回落的一半
B,000951.SZ,中国重汽,昨日下跌至少1%,-1.315789,20.65,20.25,20.3,0.246914,290290.0,252960.0,1.147573,0.001223,0.125,竞价高开不足1%；竞价额不足500万；竞价额未达到昨日1.5倍；未收复昨日回落的一半
B,603375.SH,盛景微,昨日冲高回落且收于日内下半区,-0.969442,49.3,46.99,48.55,3.319855,1296285.0,1131600.0,1.145533,0.041862,0.675325,竞价额不足500万；竞价额未达到昨日1.5倍
B,603078.SH,江化微,昨日下跌至少1%,-1.098566,33.38,32.41,33.15,2.283246,4067505.0,3556660.0,1.143631,0.031817,0.762887,竞价额不足500万；竞价额未达到昨日1.5倍
B,600876.SH,凯盛新能,昨日下跌至少1%；昨日冲高回落且收于日内下半区,-2.336449,8.75,8.36,8.28,-0.956938,3701160.0,3242055.0,1.141609,0.112972,-0.205128,竞价高开不足1%；竞价额不足500万；竞价额未达到昨日1.5倍；未收复昨日回落的一半
B,603439.SH,三力制药,昨日下跌至少1%；昨日冲高回落且收于日内下半区,-6.453901,14.16,13.19,13.1,-0.682335,6667900.0,5851417.0,1.139536,0.12604,-0.092784,竞价高开不足1%；竞价额未达到昨日1.5倍；未收复昨日回落的一半
B,603267.SH,鸿远电子,昨日下跌至少1%；昨日冲高回落且收于日内下半区,-2.616786,52.0,50.24,51.24,1.990446,3607296.0,3174066.0,1.136491,0.030466,0.568182,竞价额不足500万；竞价额未达到昨日1.5倍
B,603027.SH,千禾味业,昨日下跌至少1%,-1.222826,7.36,7.27,7.28,0.137552,185640.0,163459.0,1.135698,0.001916,0.111111,竞价高开不足1%；竞价额不足500万；竞价额未达到昨日1.5倍；未收复昨日回落的一半
B,603806.SH,福斯特,昨日下跌至少1%,-2.094972,14.35,14.02,14.16,0.998573,1418832.0,1249600.0,1.135429,0.003841,0.424242,竞价高开不足1%；竞价额不足500万；竞价额未达到昨日1.5倍；未收复昨日回落的一半
B,002565.SZ,顺灏股份,昨日下跌至少1%,-1.494253,8.75,8.57,8.58,0.116686,4334616.0,3828045.0,1.132332,0.047662,0.055556,竞价高开不足1%；竞价额不足500万；竞价额未达到昨日1.5倍；未收复昨日回落的一半
B,001267.SZ,汇绿生态,昨日冲高回落且收于日内下半区,-0.652351,37.8,36.55,37.38,2.270862,3229632.0,2852367.0,1.132264,0.014198,0.664,竞价额不足500万；竞价额未达到昨日1.5倍
B,600930.SH,华电新能,昨日下跌至少1%,-2.01005,3.96,3.9,3.9,0.0,2266290.0,2001780.0,1.132137,0.005409,0.0,竞价高开不足1%；竞价额不足500万；竞价额未达到昨日1.5倍；未收复昨日回落的一半
B,003035.SZ,南网能源,昨日下跌至少1%,-3.310105,5.7,5.55,5.62,1.261261,973946.0,864880.0,1.126105,0.004575,0.466667,竞价额不足500万；竞价额未达到昨日1.5倍；未收复昨日回落的一半
B,000983.SZ,山西焦煤,昨日下跌至少1%,-1.212121,6.6,6.52,6.45,-1.07362,2899275.0,2578008.0,1.124618,0.007918,-0.875,竞价高开不足1%；竞价额不足500万；竞价额未达到昨日1.5倍；未收复昨日回落的一半
B,601360.SH,三六零,昨日下跌至少1%,-1.480638,8.79,8.65,8.71,0.693642,4880213.0,4343677.0,1.123521,0.008005,0.428571,竞价高开不足1%；竞价额不足500万；竞价额未达到昨日1.5倍；未收复昨日回落的一半
B,002091.SZ,江苏国泰,昨日下跌至少1%,-1.287001,7.82,7.67,7.68,0.130378,152064.0,135450.0,1.122658,0.001236,0.066667,竞价高开不足1%；竞价额不足500万；竞价额未达到昨日1.5倍；未收复昨日回落的一半
B,603687.SH,大胜达,昨日冲高回落且收于日内下半区,0.324254,16.35,15.47,15.53,0.387847,1338686.0,1195803.0,1.119487,0.015672,0.068182,竞价高开不足1%；竞价额不足500万；竞价额未达到昨日1.5倍；未收复昨日回落的一半
B,605378.SH,野马电池,昨日下跌至少1%；昨日冲高回落且收于日内下半区,-3.679369,15.73,14.66,14.82,1.091405,5021016.0,4498050.0,1.116265,0.129636,0.149533,竞价额未达到昨日1.5倍；未收复昨日回落的一半
B,600116.SH,三峡水利,昨日下跌至少1%,-1.913876,6.26,6.15,6.15,0.0,795810.0,715518.0,1.112215,0.006767,0.0,竞价高开不足1%；竞价额不足500万；竞价额未达到昨日1.5倍；未收复昨日回落的一半
B,002409.SZ,雅克科技,昨日下跌至少1%；昨日冲高回落且收于日内下半区,-1.765006,138.84,134.69,137.8,2.309006,24941800.0,22470690.0,1.10997,0.056825,0.749398,竞价额未达到昨日1.5倍
B,603132.SH,金徽股份,昨日下跌至少1%；昨日冲高回落且收于日内下半区,-2.0,18.68,18.13,18.35,1.213458,293600.0,264528.0,1.109901,0.001636,0.4,竞价额不足500万；竞价额未达到昨日1.5倍；未收复昨日回落的一半
B,600795.SH,国电电力,昨日下跌至少1%,-1.12782,5.32,5.26,5.26,0.0,691164.0,622750.0,1.109858,0.000737,0.0,竞价高开不足1%；竞价额不足500万；竞价额未达到昨日1.5倍；未收复昨日回落的一半
B,001896.SZ,豫能控股,昨日下跌至少1%,-3.23363,12.19,11.97,11.91,-0.501253,8370348.0,7595297.0,1.102044,0.046062,-0.272727,竞价高开不足1%；竞价额未达到昨日1.5倍；未收复昨日回落的一半
B,000818.SZ,航锦科技,昨日下跌至少1%,-1.279863,11.78,11.57,11.67,0.864304,779556.0,708414.0,1.100424,0.010149,0.47619,竞价高开不足1%；竞价额不足500万；竞价额未达到昨日1.5倍；未收复昨日回落的一半
B,002364.SZ,中恒电气,昨日下跌至少1%,-1.66021,36.5,35.54,36.13,1.660101,4194693.0,3839160.0,1.092607,0.020801,0.614583,竞价额不足500万；竞价额未达到昨日1.5倍
B,002532.SZ,天山铝业,昨日下跌至少1%,-1.92604,13.02,12.73,12.92,1.492537,6412196.0,5903832.0,1.086107,0.012085,0.655172,竞价额未达到昨日1.5倍
B,002346.SZ,柘中股份,昨日下跌至少1%,-1.070664,18.8,18.48,18.6,0.649351,656580.0,605277.0,1.08476,0.007994,0.375,竞价高开不足1%；竞价额不足500万；竞价额未达到昨日1.5倍；未收复昨日回落的一半
B,600350.SH,山东高速,昨日下跌至少1%,-1.08055,10.21,10.07,10.05,-0.19861,385920.0,357318.0,1.080046,0.000794,-0.142857,竞价高开不足1%；竞价额不足500万；竞价额未达到昨日1.5倍；未收复昨日回落的一半
B,002897.SZ,意华股份,昨日下跌至少1%；昨日冲高回落且收于日内下半区,-3.204682,72.14,69.47,70.87,2.015258,13125124.0,12156360.0,1.079692,0.100457,0.524345,竞价额未达到昨日1.5倍
B,002625.SZ,光启技术,昨日冲高回落且收于日内下半区,-0.672328,29.02,28.07,28.81,2.636266,13771180.0,12765942.0,1.078744,0.022185,0.778947,竞价额未达到昨日1.5倍
A,605577.SH,龙版传媒,昨日最后封板14:53:33,9.970674,15.0,15.0,14.26,-4.933333,24766768.0,23054714.0,1.07426,0.39078,,竞价高开不足1%；竞价额未达到昨日1.5倍
B,600938.SH,中国海油,昨日下跌至少1%,-1.541717,32.79,32.57,32.14,-1.320233,11187934.0,10418828.0,1.073819,0.011642,-1.954545,竞价高开不足1%；竞价额未达到昨日1.5倍；未收复昨日回落的一半
B,600497.SH,驰宏锌锗,昨日下跌至少1%；昨日冲高回落且收于日内下半区,-3.1893,9.77,9.41,9.62,2.231668,9063002.0,8445398.0,1.073129,0.018691,0.583333,竞价额未达到昨日1.5倍
B,603330.SH,天洋新材,昨日下跌至少1%；昨日冲高回落且收于日内下半区,-2.628812,9.67,9.26,9.5,2.591793,2856650.0,2668550.0,1.070488,0.073934,0.585366,竞价额不足500万；竞价额未达到昨日1.5倍
B,002256.SZ,兆新股份,昨日下跌至少1%,-1.840491,3.23,3.2,3.22,0.625,451766.0,423130.0,1.067677,0.006965,0.666667,竞价高开不足1%；竞价额不足500万；竞价额未达到昨日1.5倍
B,600547.SH,山东黄金,昨日下跌至少1%；昨日冲高回落且收于日内下半区,-6.461714,34.6,32.86,33.5,1.947657,35965600.0,33688029.0,1.067608,0.029703,0.367816,竞价额未达到昨日1.5倍；未收复昨日回落的一半
A,001209.SZ,洪兴股份,昨日炸板未封住,0.156006,21.15,19.26,17.99,-6.593977,12673955.0,11886020.0,1.066291,0.732888,-0.671958,竞价高开不足1%；竞价额未达到昨日1.5倍；未收复昨日回落的一半
B,603488.SH,展鹏科技,昨日下跌至少1%,-1.25,8.11,7.9,7.93,0.379747,144326.0,135660.0,1.06388,0.006233,0.142857,竞价高开不足1%；竞价额不足500万；竞价额未达到昨日1.5倍；未收复昨日回落的一半
B,600797.SH,浙大网新,昨日下跌至少1%,-1.060606,6.63,6.53,6.57,0.612557,136656.0,129035.0,1.059061,0.002024,0.4,竞价高开不足1%；竞价额不足500万；竞价额未达到昨日1.5倍；未收复昨日回落的一半
B,002913.SZ,奥士康,昨日下跌至少1%,-1.155096,84.49,82.15,84.01,2.264151,11274142.0,10654702.0,1.058138,0.043937,0.794872,竞价额未达到昨日1.5倍
B,000791.SZ,甘肃能源,昨日下跌至少1%,-3.116531,7.34,7.15,7.15,0.0,431145.0,409014.0,1.054108,0.003115,0.0,竞价高开不足1%；竞价额不足500万；竞价额未达到昨日1.5倍；未收复昨日回落的一半
B,603216.SH,梦天家居,昨日下跌至少1%；昨日冲高回落且收于日内下半区,-6.672888,21.42,20.0,19.91,-0.45,804364.0,763266.0,1.053845,0.018142,-0.06338,竞价高开不足1%；竞价额不足500万；竞价额未达到昨日1.5倍；未收复昨日回落的一半
B,002104.SZ,恒宝股份,昨日下跌至少1%,-1.341682,11.16,11.03,11.13,0.906618,2392950.0,2275042.0,1.051827,0.035384,0.769231,竞价高开不足1%；竞价额不足500万；竞价额未达到昨日1.5倍
B,603316.SH,诚邦股份,昨日下跌至少1%；昨日冲高回落且收于日内下半区,-3.804692,15.72,15.17,15.48,2.043507,2945844.0,2810500.0,1.048157,0.072011,0.563636,竞价额不足500万；竞价额未达到昨日1.5倍
B,600785.SH,新华百货,昨日下跌至少1%,-1.573255,10.18,10.01,9.95,-0.599401,1057685.0,1012910.0,1.044204,0.033652,-0.352941,竞价高开不足1%；竞价额不足500万；竞价额未达到昨日1.5倍；未收复昨日回落的一半
B,603285.SH,键邦股份,昨日下跌至少1%；昨日冲高回落且收于日内下半区,-1.196048,39.39,38.0,38.0,0.0,2432000.0,2335690.0,1.041234,0.102734,0.0,竞价高开不足1%；竞价额不足500万；竞价额未达到昨日1.5倍；未收复昨日回落的一半
B,603002.SH,宏昌电子,昨日冲高回落且收于日内下半区,-0.825593,20.34,19.22,19.62,2.081165,12927618.0,12502038.0,1.034041,0.0581,0.357143,竞价额未达到昨日1.5倍；未收复昨日回落的一半
B,600989.SH,宝丰能源,昨日下跌至少1%,-3.449709,23.86,23.23,23.03,-0.860956,17288621.0,16725300.0,1.033681,0.010237,-0.31746,竞价高开不足1%；竞价额未达到昨日1.5倍；未收复昨日回落的一半
B,600063.SH,皖维高新,昨日下跌至少1%,-1.974865,5.61,5.46,5.48,0.3663,580332.0,561848.0,1.032899,0.005118,0.133333,竞价高开不足1%；竞价额不足500万；竞价额未达到昨日1.5倍；未收复昨日回落的一半
B,002831.SZ,裕同科技,昨日下跌至少1%,-1.791989,28.7,27.95,28.15,0.715564,349060.0,338198.0,1.032117,0.001736,0.266667,竞价高开不足1%；竞价额不足500万；竞价额未达到昨日1.5倍；未收复昨日回落的一半
B,000554.SZ,泰山石油,昨日下跌至少1%；昨日冲高回落且收于日内下半区,-3.957382,6.5,6.31,6.25,-0.950872,2134375.0,2069138.0,1.031529,0.095045,-0.315789,竞价高开不足1%；竞价额不足500万；竞价额未达到昨日1.5倍；未收复昨日回落的一半
B,600489.SH,中金黄金,昨日下跌至少1%；昨日冲高回落且收于日内下半区,-5.233941,25.2,23.9,24.5,2.51046,31756900.0,30843644.0,1.029609,0.026741,0.461538,竞价额未达到昨日1.5倍；未收复昨日回落的一半
B,002112.SZ,三变科技,昨日下跌至少1%,-1.098901,14.71,14.4,14.55,1.041667,321555.0,313416.0,1.025969,0.008433,0.483871,竞价额不足500万；竞价额未达到昨日1.5倍；未收复昨日回落的一半
B,000938.SZ,紫光股份,昨日下跌至少1%；昨日冲高回落且收于日内下半区,-3.472631,33.98,32.8,33.35,1.676829,36911780.0,36123360.0,1.021826,0.038698,0.466102,竞价额未达到昨日1.5倍；未收复昨日回落的一半
B,600531.SH,豫光金铅,昨日下跌至少1%；昨日冲高回落且收于日内下半区,-3.620274,12.47,11.98,12.25,2.253756,2789325.0,2731302.0,1.021244,0.01883,0.55102,竞价额不足500万；竞价额未达到昨日1.5倍
B,002384.SZ,东山精密,昨日冲高回落且收于日内下半区,0.796875,199.37,193.53,197.0,1.793004,78543900.0,76953600.0,1.020666,0.02876,0.594178,竞价额未达到昨日1.5倍
B,002519.SZ,银河电子,昨日下跌至少1%,-1.80624,6.12,5.98,6.02,0.668896,2570540.0,2519153.0,1.020399,0.038008,0.285714,竞价高开不足1%；竞价额不足500万；竞价额未达到昨日1.5倍；未收复昨日回落的一半
B,002264.SZ,新华都,昨日下跌至少1%,-2.316076,7.35,7.17,7.25,1.11576,3666325.0,3594136.0,1.020085,0.077691,0.444444,竞价额不足500万；竞价额未达到昨日1.5倍；未收复昨日回落的一半
B,603369.SH,今世缘,昨日下跌至少1%,-1.691865,27.82,27.31,27.23,-0.292933,838684.0,823147.0,1.018875,0.00247,-0.156863,竞价高开不足1%；竞价额不足500万；竞价额未达到昨日1.5倍；未收复昨日回落的一半
B,601969.SH,海南矿业,昨日下跌至少1%,-2.754237,9.44,9.18,9.24,0.653595,390852.0,384170.0,1.017393,0.002145,0.230769,竞价高开不足1%；竞价额不足500万；竞价额未达到昨日1.5倍；未收复昨日回落的一半
B,001309.SZ,德明利,昨日下跌至少1%；昨日冲高回落且收于日内下半区,-1.014963,410.58,396.93,408.11,2.816618,32893666.0,32336150.0,1.017241,0.048782,0.819048,竞价额未达到昨日1.5倍
B,001316.SZ,润贝航科,昨日下跌至少1%,-1.880099,28.33,27.66,27.81,0.542299,556200.0,547036.0,1.016752,0.013301,0.223881,竞价高开不足1%；竞价额不足500万；竞价额未达到昨日1.5倍；未收复昨日回落的一半
B,002724.SZ,海洋王,昨日下跌至少1%；昨日冲高回落且收于日内下半区,-6.05227,7.27,6.83,6.79,-0.585652,2846368.0,2806368.0,1.014253,0.074001,-0.090909,竞价高开不足1%；竞价额不足500万；竞价额未达到昨日1.5倍；未收复昨日回落的一半
B,603331.SH,百达精工,昨日下跌至少1%；昨日冲高回落且收于日内下半区,-3.984674,13.09,12.53,12.65,0.957702,216315.0,213367.0,1.013817,0.008458,0.214286,竞价高开不足1%；竞价额不足500万；竞价额未达到昨日1.5倍；未收复昨日回落的一半
B,601608.SH,中信重工,昨日下跌至少1%,-1.057082,4.74,4.68,4.68,0.0,906048.0,897744.0,1.00925,0.004227,0.0,竞价高开不足1%；竞价额不足500万；竞价额未达到昨日1.5倍；未收复昨日回落的一半
B,600186.SH,莲花控股,昨日下跌至少1%；昨日冲高回落且收于日内下半区,-2.096273,13.12,12.61,12.77,1.268834,13776276.0,13650767.0,1.009194,0.060297,0.313725,竞价额未达到昨日1.5倍；未收复昨日回落的一半
B,600635.SH,大众公用,昨日下跌至少1%,-1.525054,4.57,4.52,4.52,0.0,300128.0,297964.0,1.007263,0.002745,0.0,竞价高开不足1%；竞价额不足500万；竞价额未达到昨日1.5倍；未收复昨日回落的一半
B,601088.SH,中国神华,昨日下跌至少1%,-1.316348,47.09,46.48,46.2,-0.60241,4019400.0,3999700.0,1.004925,0.000528,-0.459016,竞价高开不足1%；竞价额不足500万；竞价额未达到昨日1.5倍；未收复昨日回落的一半
B,002825.SZ,纳尔股份,昨日下跌至少1%,-1.25261,9.62,9.46,9.5,0.422833,20900.0,20834.0,1.003168,0.000853,0.25,竞价高开不足1%；竞价额不足500万；竞价额未达到昨日1.5倍；未收复昨日回落的一半
B,000603.SZ,盛达资源,昨日下跌至少1%；昨日冲高回落且收于日内下半区,-6.918061,35.98,32.83,34.33,4.568992,24442960.0,24399036.0,1.0018,0.106792,0.47619,竞价额未达到昨日1.5倍；未收复昨日回落的一半
B,003018.SZ,金富科技,昨日下跌至少1%；昨日冲高回落且收于日内下半区,-1.889827,50.67,48.8,49.11,0.635246,3933711.0,3931694.0,1.000513,0.028154,0.165775,竞价高开不足1%；竞价额不足500万；竞价额未达到昨日1.5倍；未收复昨日回落的一半
B,600096.SH,云天化,昨日下跌至少1%,-1.5315,28.74,28.29,28.4,0.38883,2717880.0,2722720.0,0.998222,0.00525,0.244444,竞价高开不足1%；竞价额不足500万；竞价额未达到昨日1.5倍；未收复昨日回落的一半
B,002402.SZ,和而泰,昨日下跌至少1%,-1.285485,18.8,18.43,18.56,0.705372,621760.0,623100.0,0.997849,0.004093,0.351351,竞价高开不足1%；竞价额不足500万；竞价额未达到昨日1.5倍；未收复昨日回落的一半
B,600779.SH,水井坊,昨日下跌至少1%,-1.129723,25.72,25.38,25.5,0.472813,107100.0,107520.0,0.996094,0.000862,0.352941,竞价高开不足1%；竞价额不足500万；竞价额未达到昨日1.5倍；未收复昨日回落的一半
B,600207.SH,安彩高科,昨日下跌至少1%,-1.848049,4.88,4.78,4.8,0.41841,1762560.0,1770732.0,0.995385,0.033709,0.2,竞价高开不足1%；竞价额不足500万；竞价额未达到昨日1.5倍；未收复昨日回落的一半
B,600323.SH,瀚蓝环境,昨日下跌至少1%,-1.317568,29.69,29.21,29.38,0.581992,82264.0,82852.0,0.992903,0.000343,0.354167,竞价高开不足1%；竞价额不足500万；竞价额未达到昨日1.5倍；未收复昨日回落的一半
B,600162.SH,香江控股,昨日下跌至少1%；昨日冲高回落且收于日内下半区,-3.821656,4.71,4.53,4.53,0.0,1564209.0,1581550.0,0.989035,0.010565,0.0,竞价高开不足1%；竞价额不足500万；竞价额未达到昨日1.5倍；未收复昨日回落的一半
B,600776.SH,东方通信,昨日下跌至少1%,-1.623616,13.69,13.33,13.5,1.275319,1085400.0,1097460.0,0.989011,0.00841,0.472222,竞价额不足500万；竞价额未达到昨日1.5倍；未收复昨日回落的一半
B,600298.SH,安琪酵母,昨日下跌至少1%,-1.432099,40.78,39.92,39.92,0.0,558880.0,565740.0,0.987874,0.001627,0.0,竞价高开不足1%；竞价额不足500万；竞价额未达到昨日1.5倍；未收复昨日回落的一半
B,002237.SZ,恒邦股份,昨日下跌至少1%；昨日冲高回落且收于日内下半区,-3.797468,14.25,13.68,13.89,1.535088,3141918.0,3187275.0,0.985769,0.018971,0.368421,竞价额不足500万；竞价额未达到昨日1.5倍；未收复昨日回落的一半
B,002850.SZ,科达利,昨日冲高回落且收于日内下半区,0.256059,174.92,168.36,170.05,1.003801,1037305.0,1054683.0,0.983523,0.002909,0.257622,竞价额不足500万；竞价额未达到昨日1.5倍；未收复昨日回落的一半
B,600397.SH,江钨装备,昨日下跌至少1%；昨日冲高回落且收于日内下半区,-2.680653,17.58,16.7,16.99,1.736527,4665454.0,4752090.0,0.981769,0.027738,0.329545,竞价额不足500万；竞价额未达到昨日1.5倍；未收复昨日回落的一半
B,603936.SH,博敏电子,昨日下跌至少1%；昨日冲高回落且收于日内下半区,-4.15364,22.7,21.46,21.8,1.584343,7106800.0,7242168.0,0.981308,0.051713,0.274194,竞价额未达到昨日1.5倍；未收复昨日回落的一半
B,002163.SZ,海南发展,昨日下跌至少1%；昨日冲高回落且收于日内下半区,-9.965636,8.74,7.86,7.65,-2.671756,2343195.0,2391264.0,0.979898,0.038118,-0.238636,竞价高开不足1%；竞价额不足500万；竞价额未达到昨日1.5倍；未收复昨日回落的一半
B,603650.SH,彤程新材,昨日冲高回落且收于日内下半区,4.241812,75.96,72.25,73.06,1.121107,26659594.0,27228435.0,0.979109,0.059233,0.218329,竞价额未达到昨日1.5倍；未收复昨日回落的一半
B,001208.SZ,华菱线缆,昨日下跌至少1%,-2.640971,13.99,13.64,13.76,0.879765,194016.0,198627.0,0.976786,0.004424,0.342857,竞价高开不足1%；竞价额不足500万；竞价额未达到昨日1.5倍；未收复昨日回落的一半
B,000831.SZ,中国稀土,昨日下跌至少1%；昨日冲高回落且收于日内下半区,-2.449278,54.99,53.37,54.0,1.180438,4627800.0,4752300.0,0.973802,0.008076,0.388889,竞价额不足500万；竞价额未达到昨日1.5倍；未收复昨日回落的一半
B,600578.SH,京能电力,昨日下跌至少1%,-2.752294,5.43,5.3,5.31,0.188679,1651941.0,1698740.0,0.972451,0.004647,0.076923,竞价高开不足1%；竞价额不足500万；竞价额未达到昨日1.5倍；未收复昨日回落的一半
B,000823.SZ,超声电子,昨日下跌至少1%；昨日冲高回落且收于日内下半区,-3.582803,25.07,24.22,24.42,0.825764,82224582.0,84633300.0,0.971539,0.565964,0.235294,竞价高开不足1%；竞价额未达到昨日1.5倍；未收复昨日回落的一半
B,600360.SH,华微电子,昨日下跌至少1%；昨日冲高回落且收于日内下半区,-4.422383,11.04,10.59,10.78,1.794145,6679288.0,6901184.0,0.967847,0.064522,0.422222,竞价额未达到昨日1.5倍；未收复昨日回落的一半
B,603722.SH,阿科力,昨日下跌至少1%,-1.004503,29.08,28.58,28.67,0.314906,108946.0,112593.0,0.967609,0.003946,0.18,竞价高开不足1%；竞价额不足500万；竞价额未达到昨日1.5倍；未收复昨日回落的一半
B,600916.SH,中国黄金,昨日下跌至少1%,-2.887139,7.58,7.4,7.47,0.945946,1055511.0,1098578.0,0.960798,0.008411,0.388889,竞价高开不足1%；竞价额不足500万；竞价额未达到昨日1.5倍；未收复昨日回落的一半
B,600378.SH,昊华科技,昨日下跌至少1%；昨日冲高回落且收于日内下半区,-2.580512,49.15,47.19,47.96,1.631702,15093012.0,15721420.0,0.960029,0.029341,0.392857,竞价额未达到昨日1.5倍；未收复昨日回落的一半
B,002015.SZ,协鑫能科,昨日下跌至少1%；昨日冲高回落且收于日内下半区,-4.453682,16.7,16.09,16.2,0.683654,6475140.0,6761016.0,0.957717,0.024622,0.180328,竞价高开不足1%；竞价额未达到昨日1.5倍；未收复昨日回落的一半
B,000519.SZ,中兵红箭,昨日下跌至少1%,-1.814647,15.51,15.15,15.31,1.056106,4035716.0,4221140.0,0.956073,0.018929,0.444444,竞价额不足500万；竞价额未达到昨日1.5倍；未收复昨日回落的一半
B,600783.SH,鲁信创投,昨日下跌至少1%；昨日冲高回落且收于日内下半区,-2.298096,15.4,14.88,14.92,0.268817,1292072.0,1358140.0,0.951354,0.011634,0.076923,竞价高开不足1%；竞价额不足500万；竞价额未达到昨日1.5倍；未收复昨日回落的一半
B,603358.SH,华达科技,昨日下跌至少1%；昨日冲高回落且收于日内下半区,-1.471572,47.08,44.19,44.39,0.452591,776825.0,817180.0,0.950617,0.00379,0.069204,竞价高开不足1%；竞价额不足500万；竞价额未达到昨日1.5倍；未收复昨日回落的一半
B,601665.SH,齐鲁银行,昨日下跌至少1%,-1.289398,7.03,6.89,6.87,-0.290276,1037370.0,1093416.0,0.948742,0.002454,-0.142857,竞价高开不足1%；竞价额不足500万；竞价额未达到昨日1.5倍；未收复昨日回落的一半
B,000591.SZ,太阳能,昨日下跌至少1%,-1.83908,4.34,4.27,4.27,0.0,547841.0,580220.0,0.944195,0.003287,0.0,竞价高开不足1%；竞价额不足500万；竞价额未达到昨日1.5倍；未收复昨日回落的一半
B,605598.SH,上海港湾,昨日下跌至少1%,-2.059774,24.88,24.25,24.43,0.742268,102606.0,108680.0,0.944111,0.001744,0.285714,竞价高开不足1%；竞价额不足500万；竞价额未达到昨日1.5倍；未收复昨日回落的一半
B,603900.SH,莱绅通灵,昨日下跌至少1%,-5.774648,6.92,6.69,6.85,2.391629,4342900.0,4609365.0,0.942191,0.184989,0.695652,竞价额不足500万；竞价额未达到昨日1.5倍
B,002049.SZ,紫光国微,昨日下跌至少1%,-1.092534,60.55,59.75,60.34,0.987448,4374650.0,4663554.0,0.938051,0.008599,0.7375,竞价高开不足1%；竞价额不足500万；竞价额未达到昨日1.5倍
B,000990.SZ,诚志股份,昨日下跌至少1%,-1.700155,6.48,6.36,6.39,0.471698,693954.0,740355.0,0.937326,0.006383,0.25,竞价高开不足1%；竞价额不足500万；竞价额未达到昨日1.5倍；未收复昨日回落的一半
B,002169.SZ,智光电气,昨日冲高回落且收于日内下半区,2.244582,13.65,13.21,13.47,1.968206,3459096.0,3694200.0,0.936359,0.033748,0.590909,竞价额不足500万；竞价额未达到昨日1.5倍
B,000631.SZ,顺发恒能,昨日下跌至少1%,-1.355932,2.94,2.91,2.91,0.0,46269.0,49810.0,0.92891,0.000691,0.0,竞价高开不足1%；竞价额不足500万；竞价额未达到昨日1.5倍；未收复昨日回落的一半
B,600884.SH,杉杉股份,昨日下跌至少1%,-1.519214,11.22,11.02,11.07,0.453721,776007.0,835863.0,0.92839,0.00382,0.25,竞价高开不足1%；竞价额不足500万；竞价额未达到昨日1.5倍；未收复昨日回落的一半
B,603800.SH,洪田股份,昨日下跌至少1%；昨日冲高回落且收于日内下半区,-2.80578,60.01,57.85,59.01,2.005186,472080.0,509120.0,0.927247,0.003846,0.537037,竞价额不足500万；竞价额未达到昨日1.5倍
B,002386.SZ,天原股份,昨日下跌至少1%,-1.522843,5.91,5.82,5.84,0.343643,143664.0,155232.0,0.925479,0.00189,0.222222,竞价高开不足1%；竞价额不足500万；竞价额未达到昨日1.5倍；未收复昨日回落的一半
B,000027.SZ,深圳能源,昨日下跌至少1%,-2.197802,6.36,6.23,6.23,0.0,361340.0,390525.0,0.925267,0.001219,0.0,竞价高开不足1%；竞价额不足500万；竞价额未达到昨日1.5倍；未收复昨日回落的一半
B,603386.SH,骏亚科技,昨日下跌至少1%；昨日冲高回落且收于日内下半区,-6.479023,18.73,17.61,17.7,0.511073,2454990.0,2653315.0,0.925254,0.042504,0.080357,竞价高开不足1%；竞价额不足500万；竞价额未达到昨日1.5倍；未收复昨日回落的一半
A,600088.SH,中视传媒,昨日炸板未封住,7.641196,16.56,16.2,15.2,-6.17284,27980160.0,30267000.0,0.924444,0.462854,-2.777778,竞价高开不足1%；竞价额未达到昨日1.5倍；未收复昨日回落的一半
B,001212.SZ,中旗新材,昨日下跌至少1%；昨日冲高回落且收于日内下半区,-4.586902,36.12,34.53,34.83,0.86881,982206.0,1073098.0,0.915299,0.015612,0.188679,竞价高开不足1%；竞价额不足500万；竞价额未达到昨日1.5倍；未收复昨日回落的一半
B,002171.SZ,楚江新材,昨日下跌至少1%；昨日冲高回落且收于日内下半区,-5.239386,11.05,10.49,10.65,1.525262,4353720.0,4762215.0,0.914222,0.025309,0.285714,竞价额不足500万；竞价额未达到昨日1.5倍；未收复昨日回落的一半
B,600740.SH,山西焦化,昨日下跌至少1%,-1.041667,3.84,3.8,3.76,-1.052632,792984.0,867495.0,0.914108,0.008231,-1.0,竞价高开不足1%；竞价额不足500万；竞价额未达到昨日1.5倍；未收复昨日回落的一半
B,002654.SZ,万润科技,昨日下跌至少1%；昨日冲高回落且收于日内下半区,-1.837456,14.4,13.89,14.16,1.943844,4233840.0,4651920.0,0.910127,0.035374,0.529412,竞价额不足500万；竞价额未达到昨日1.5倍
B,002011.SZ,盾安环境,昨日冲高回落且收于日内下半区,2.122987,14.45,13.95,13.81,-1.003584,3234302.0,3574822.0,0.904745,0.022063,-0.28,竞价高开不足1%；竞价额不足500万；竞价额未达到昨日1.5倍；未收复昨日回落的一半
B,002429.SZ,兆驰股份,昨日下跌至少1%,-1.591187,8.27,8.04,8.15,1.368159,2200500.0,2434050.0,0.904049,0.005968,0.478261,竞价额不足500万；竞价额未达到昨日1.5倍；未收复昨日回落的一半
B,002119.SZ,康强电子,昨日下跌至少1%；昨日冲高回落且收于日内下半区,-2.258065,24.98,24.24,24.77,2.186469,7232840.0,8022060.0,0.901619,0.077808,0.716216,竞价额未达到昨日1.5倍
A,002068.SZ,黑猫股份,昨日炸板未封住,-0.986193,11.15,10.04,10.14,0.996016,40056042.0,44427864.0,0.901597,0.537452,0.09009,竞价高开不足1%；竞价额未达到昨日1.5倍；未收复昨日回落的一半
B,600507.SH,方大特钢,昨日下跌至少1%,-1.449275,4.18,4.08,4.09,0.245098,237220.0,265095.0,0.894849,0.002507,0.1,竞价高开不足1%；竞价额不足500万；竞价额未达到昨日1.5倍；未收复昨日回落的一半
B,002244.SZ,滨江集团,昨日下跌至少1%,-1.767677,7.92,7.78,7.8,0.257069,325260.0,364381.0,0.892637,0.001512,0.142857,竞价高开不足1%；竞价额不足500万；竞价额未达到昨日1.5倍；未收复昨日回落的一半
B,601698.SH,中国卫通,昨日下跌至少1%,-1.753653,24.12,23.53,23.63,0.424989,689996.0,775880.0,0.889308,0.000691,0.169492,竞价高开不足1%；竞价额不足500万；竞价额未达到昨日1.5倍；未收复昨日回落的一半
B,000428.SZ,华天酒店,昨日冲高回落且收于日内下半区,-0.738916,4.19,4.03,4.0,-0.744417,3618800.0,4069312.0,0.88929,0.08879,-0.1875,竞价高开不足1%；竞价额不足500万；竞价额未达到昨日1.5倍；未收复昨日回落的一半
B,603355.SH,莱克电气,昨日下跌至少1%；昨日冲高回落且收于日内下半区,-3.069467,30.99,30.0,29.92,-0.266667,685168.0,772380.0,0.887087,0.003994,-0.080808,竞价高开不足1%；竞价额不足500万；竞价额未达到昨日1.5倍；未收复昨日回落的一半
B,603826.SH,坤彩科技,昨日下跌至少1%；昨日冲高回落且收于日内下半区,-2.752843,16.86,16.25,16.54,1.784615,797228.0,900224.0,0.885588,0.005659,0.47541,竞价额不足500万；竞价额未达到昨日1.5倍；未收复昨日回落的一半
B,000062.SZ,深圳华强,昨日下跌至少1%,-1.6122,23.09,22.58,22.9,1.417183,2104510.0,2377188.0,0.885294,0.008796,0.627451,竞价额不足500万；竞价额未达到昨日1.5倍
B,605016.SH,百龙创园,昨日下跌至少1%,-1.607565,21.16,20.81,20.98,0.816915,190918.0,216609.0,0.881395,0.002167,0.485714,竞价高开不足1%；竞价额不足500万；竞价额未达到昨日1.5倍；未收复昨日回落的一半
B,001268.SZ,联合精密,昨日下跌至少1%,-1.360825,24.4,23.92,23.94,0.083612,98154.0,111550.0,0.87991,0.004346,0.041667,竞价高开不足1%；竞价额不足500万；竞价额未达到昨日1.5倍；未收复昨日回落的一半
B,600328.SH,中盐化工,昨日下跌至少1%,-1.573427,5.7,5.63,5.65,0.35524,1026605.0,1170080.0,0.87738,0.012392,0.285714,竞价高开不足1%；竞价额不足500万；竞价额未达到昨日1.5倍；未收复昨日回落的一半
B,002517.SZ,恺英网络,昨日下跌至少1%,-1.606187,16.81,16.54,16.65,0.665054,3086910.0,3531156.0,0.874192,0.009866,0.407407,竞价高开不足1%；竞价额不足500万；竞价额未达到昨日1.5倍；未收复昨日回落的一半
B,000060.SZ,中金岭南,昨日下跌至少1%,-1.125402,6.27,6.15,6.24,1.463415,4566432.0,5224360.0,0.874065,0.016478,0.75,竞价额不足500万；竞价额未达到昨日1.5倍
B,600470.SH,六国化工,昨日下跌至少1%,-1.048951,5.7,5.66,5.68,0.353357,378856.0,435456.0,0.870021,0.012788,0.5,竞价高开不足1%；竞价额不足500万；竞价额未达到昨日1.5倍
B,603993.SH,洛阳钼业,昨日下跌至少1%,-2.746637,17.77,17.35,17.57,1.268012,20511218.0,23587520.0,0.869579,0.006686,0.52381,竞价额未达到昨日1.5倍
B,603690.SH,至纯科技,昨日下跌至少1%,-1.155116,24.64,23.96,24.35,1.627713,1826250.0,2104800.0,0.86766,0.019584,0.573529,竞价额不足500万；竞价额未达到昨日1.5倍
B,000685.SZ,中山公用,昨日下跌至少1%,-1.819836,10.97,10.79,10.85,0.55607,559860.0,653614.0,0.856561,0.004139,0.333333,竞价高开不足1%；竞价额不足500万；竞价额未达到昨日1.5倍；未收复昨日回落的一半
B,000767.SZ,晋控电力,昨日下跌至少1%,-2.832861,3.51,3.43,3.43,0.0,389305.0,455350.0,0.854958,0.003897,0.0,竞价高开不足1%；竞价额不足500万；竞价额未达到昨日1.5倍；未收复昨日回落的一半
B,002230.SZ,科大讯飞,昨日下跌至少1%,-1.439589,38.99,38.34,38.49,0.391236,1932198.0,2268045.0,0.851922,0.002292,0.230769,竞价高开不足1%；竞价额不足500万；竞价额未达到昨日1.5倍；未收复昨日回落的一半
B,003041.SZ,真爱美家,昨日冲高回落且收于日内下半区,0.236158,39.89,38.2,38.18,-0.052356,171810.0,201930.0,0.850839,0.003289,-0.011834,竞价高开不足1%；竞价额不足500万；竞价额未达到昨日1.5倍；未收复昨日回落的一半
B,603601.SH,再升科技,昨日下跌至少1%；昨日冲高回落且收于日内下半区,-2.623907,10.7,10.02,10.04,0.199601,6837240.0,8041016.0,0.850296,0.059614,0.029412,竞价高开不足1%；竞价额未达到昨日1.5倍；未收复昨日回落的一半
B,002506.SZ,协鑫集成,昨日下跌至少1%,-2.024291,2.47,2.42,2.44,0.826446,681004.0,800976.0,0.850218,0.004775,0.4,竞价高开不足1%；竞价额不足500万；竞价额未达到昨日1.5倍；未收复昨日回落的一半
B,600918.SH,中泰证券,昨日下跌至少1%,-1.098901,5.46,5.4,5.42,0.37037,421134.0,498474.0,0.844846,0.001703,0.333333,竞价高开不足1%；竞价额不足500万；竞价额未达到昨日1.5倍；未收复昨日回落的一半
B,600331.SH,宏达股份,昨日冲高回落且收于日内下半区,-0.958188,11.78,11.37,11.65,2.462621,3357530.0,3983296.0,0.842902,0.014183,0.682927,竞价额不足500万；竞价额未达到昨日1.5倍
B,603083.SH,剑桥科技,昨日下跌至少1%；昨日冲高回落且收于日内下半区,-2.056969,228.96,219.03,223.41,1.999726,56701458.0,67275000.0,0.842831,0.092094,0.441088,竞价额未达到昨日1.5倍；未收复昨日回落的一半
B,601636.SH,旗滨集团,昨日冲高回落且收于日内下半区,0.181159,5.75,5.53,5.61,1.446655,2053260.0,2449776.0,0.838142,0.01237,0.363636,竞价额不足500万；竞价额未达到昨日1.5倍；未收复昨日回落的一半
B,002716.SZ,湖南白银,昨日下跌至少1%；昨日冲高回落且收于日内下半区,-5.824284,10.04,9.54,9.86,3.354298,24563232.0,29348000.0,0.836964,0.107265,0.64,竞价额未达到昨日1.5倍
B,600288.SH,大恒科技,昨日下跌至少1%,-1.298701,10.81,10.64,10.76,1.12782,288368.0,345075.0,0.835668,0.006136,0.705882,竞价额不足500万；竞价额未达到昨日1.5倍
B,002490.SZ,山东墨龙,昨日下跌至少1%,-2.191781,7.2,7.14,7.09,-0.70028,1647716.0,1975930.0,0.833894,0.0429,-0.833333,竞价高开不足1%；竞价额不足500万；竞价额未达到昨日1.5倍；未收复昨日回落的一半
B,000737.SZ,北方铜业,昨日下跌至少1%,-2.496533,14.45,14.06,14.48,2.987198,22590248.0,27095640.0,0.833723,0.081915,1.076923,竞价额未达到昨日1.5倍
B,600509.SH,天富能源,昨日下跌至少1%,-2.173913,7.38,7.2,7.2,0.0,1136880.0,1364160.0,0.833392,0.011489,0.0,竞价高开不足1%；竞价额不足500万；竞价额未达到昨日1.5倍；未收复昨日回落的一半
B,603260.SH,合盛硅业,昨日下跌至少1%,-2.141328,32.75,31.99,32.19,0.625195,730713.0,878040.0,0.832209,0.00192,0.263158,竞价高开不足1%；竞价额不足500万；竞价额未达到昨日1.5倍；未收复昨日回落的一半
B,000893.SZ,亚钾国际,昨日下跌至少1%,-1.259446,39.69,39.2,39.39,0.484694,803556.0,966288.0,0.831591,0.002515,0.387755,竞价高开不足1%；竞价额不足500万；竞价额未达到昨日1.5倍；未收复昨日回落的一半
B,601908.SH,京运通,昨日下跌至少1%,-2.970297,3.02,2.94,2.94,0.0,341922.0,412972.0,0.827954,0.004817,0.0,竞价高开不足1%；竞价额不足500万；竞价额未达到昨日1.5倍；未收复昨日回落的一半
B,600782.SH,新钢股份,昨日下跌至少1%,-1.470588,2.71,2.68,2.68,0.0,140968.0,170370.0,0.827423,0.001672,0.0,竞价高开不足1%；竞价额不足500万；竞价额未达到昨日1.5倍；未收复昨日回落的一半
B,600059.SH,古越龙山,昨日冲高回落且收于日内下半区,0.818833,10.19,9.85,9.65,-2.030457,12864415.0,15592920.0,0.825016,0.146247,-0.588235,竞价高开不足1%；竞价额未达到昨日1.5倍；未收复昨日回落的一半
B,000657.SZ,中钨高新,昨日下跌至少1%；昨日冲高回落且收于日内下半区,-1.837524,63.37,60.9,61.86,1.576355,31233114.0,37906885.0,0.823943,0.034738,0.388664,竞价额未达到昨日1.5倍；未收复昨日回落的一半
B,603122.SH,合富中国,昨日下跌至少1%；昨日冲高回落且收于日内下半区,-4.688701,13.65,12.4,12.34,-0.483871,13353114.0,16271864.0,0.820626,0.271848,-0.048,竞价高开不足1%；竞价额未达到昨日1.5倍；未收复昨日回落的一半
B,600262.SH,北方股份,昨日下跌至少1%,-1.274313,15.0,14.72,14.82,0.679348,220818.0,269328.0,0.819885,0.006261,0.357143,竞价高开不足1%；竞价额不足500万；竞价额未达到昨日1.5倍；未收复昨日回落的一半
B,603124.SH,江南新材,昨日下跌至少1%；昨日冲高回落且收于日内下半区,-1.156463,138.21,130.77,133.1,1.781754,1929950.0,2354940.0,0.819533,0.018683,0.313172,竞价额不足500万；竞价额未达到昨日1.5倍；未收复昨日回落的一半
B,600382.SH,广东明珠,昨日下跌至少1%,-1.597444,6.27,6.16,6.18,0.324675,150174.0,183520.0,0.818298,0.003748,0.181818,竞价高开不足1%；竞价额不足500万；竞价额未达到昨日1.5倍；未收复昨日回落的一半
B,600480.SH,凌云股份,昨日下跌至少1%；昨日冲高回落且收于日内下半区,-1.428571,7.83,7.59,7.62,0.395257,270510.0,331678.0,0.81558,0.002926,0.125,竞价高开不足1%；竞价额不足500万；竞价额未达到昨日1.5倍；未收复昨日回落的一半
B,600219.SH,南山铝业,昨日下跌至少1%,-1.271186,4.72,4.66,4.69,0.643777,3697127.0,4535504.0,0.815152,0.006865,0.5,竞价高开不足1%；竞价额不足500万；竞价额未达到昨日1.5倍
B,601162.SH,天风证券,昨日下跌至少1%,-1.385042,3.6,3.56,3.57,0.280899,1577940.0,1937164.0,0.814562,0.005141,0.25,竞价高开不足1%；竞价额不足500万；竞价额未达到昨日1.5倍；未收复昨日回落的一半
B,603297.SH,永新光学,昨日下跌至少1%,-1.763179,112.8,109.76,110.7,0.856414,387450.0,478934.0,0.808984,0.003161,0.309211,竞价高开不足1%；竞价额不足500万；竞价额未达到昨日1.5倍；未收复昨日回落的一半
B,002150.SZ,正泰电源,昨日下跌至少1%,-1.445087,20.94,20.46,20.79,1.612903,906444.0,1122381.0,0.807608,0.012162,0.6875,竞价额不足500万；竞价额未达到昨日1.5倍
B,002279.SZ,久其软件,昨日下跌至少1%,-1.319648,6.88,6.73,6.8,1.040119,1134920.0,1411356.0,0.804134,0.020965,0.466667,竞价额不足500万；竞价额未达到昨日1.5倍；未收复昨日回落的一半
B,002170.SZ,芭田股份,昨日下跌至少1%,-1.357466,11.05,10.9,10.95,0.458716,430335.0,539118.0,0.79822,0.004973,0.333333,竞价高开不足1%；竞价额不足500万；竞价额未达到昨日1.5倍；未收复昨日回落的一半
B,600754.SH,锦江酒店,昨日下跌至少1%,-1.503759,18.65,18.34,18.34,0.0,632730.0,793221.0,0.797672,0.003808,0.0,竞价高开不足1%；竞价额不足500万；竞价额未达到昨日1.5倍；未收复昨日回落的一半
B,600118.SH,中国卫星,昨日下跌至少1%,-1.459478,58.76,57.39,57.77,0.662136,4026569.0,5048559.0,0.797568,0.005894,0.277372,竞价高开不足1%；竞价额不足500万；竞价额未达到昨日1.5倍；未收复昨日回落的一半
B,603091.SH,众鑫股份,昨日下跌至少1%,-2.436441,47.19,46.05,46.24,0.412595,78608.0,98700.0,0.796434,0.003862,0.166667,竞价高开不足1%；竞价额不足500万；竞价额未达到昨日1.5倍；未收复昨日回落的一半
B,002129.SZ,TCL中环,昨日下跌至少1%,-2.708804,8.86,8.62,8.73,1.276102,3624696.0,4555942.0,0.795597,0.010278,0.458333,竞价额不足500万；竞价额未达到昨日1.5倍；未收复昨日回落的一半
B,002859.SZ,洁美科技,昨日下跌至少1%；昨日冲高回落且收于日内下半区,-1.400147,69.39,66.9,67.69,1.180867,4305084.0,5427000.0,0.793271,0.014849,0.317269,竞价额不足500万；竞价额未达到昨日1.5倍；未收复昨日回落的一半
B,600536.SH,中国软件,昨日下跌至少1%,-2.110901,31.78,31.07,31.23,0.514966,1061820.0,1342061.0,0.791186,0.00403,0.225352,竞价高开不足1%；竞价额不足500万；竞价额未达到昨日1.5倍；未收复昨日回落的一半
B,600339.SH,中油工程,昨日下跌至少1%,-1.801802,3.3,3.27,3.25,-0.611621,915850.0,1162590.0,0.787767,0.005047,-0.666667,竞价高开不足1%；竞价额不足500万；竞价额未达到昨日1.5倍；未收复昨日回落的一半
B,603271.SH,永杰新材,昨日下跌至少1%,-1.725914,38.99,38.15,38.22,0.183486,401310.0,512424.0,0.78316,0.011102,0.083333,竞价高开不足1%；竞价额不足500万；竞价额未达到昨日1.5倍；未收复昨日回落的一半
B,600021.SH,上海电力,昨日下跌至少1%,-1.845018,13.56,13.3,13.33,0.225564,1087728.0,1393968.0,0.780311,0.002892,0.115385,竞价高开不足1%；竞价额不足500万；竞价额未达到昨日1.5倍；未收复昨日回落的一半
B,603379.SH,三美股份,昨日冲高回落且收于日内下半区,-0.967492,52.75,51.18,51.45,0.52755,663705.0,852720.0,0.778339,0.002113,0.171975,竞价高开不足1%；竞价额不足500万；竞价额未达到昨日1.5倍；未收复昨日回落的一半
B,603733.SH,仙鹤股份,昨日下跌至少1%,-1.587302,19.02,18.6,18.63,0.16129,128547.0,165704.0,0.775763,0.000844,0.071429,竞价高开不足1%；竞价额不足500万；竞价额未达到昨日1.5倍；未收复昨日回落的一半
B,600906.SH,财达证券,昨日下跌至少1%,-1.410658,6.37,6.29,6.33,0.63593,1157757.0,1496874.0,0.77345,0.00861,0.5,竞价高开不足1%；竞价额不足500万；竞价额未达到昨日1.5倍
B,000993.SZ,闽东电力,昨日下跌至少1%,-2.75974,18.47,17.97,18.3,1.836394,70648980.0,91669760.0,0.77069,0.843015,0.66,竞价额未达到昨日1.5倍
B,601778.SH,晶科科技,昨日下跌至少1%,-2.493075,3.58,3.52,3.53,0.284091,1045939.0,1360400.0,0.768847,0.007959,0.166667,竞价高开不足1%；竞价额不足500万；竞价额未达到昨日1.5倍；未收复昨日回落的一半
B,600111.SH,北方稀土,昨日下跌至少1%,-2.027207,37.45,36.73,36.96,0.626191,4989600.0,6498570.0,0.7678,0.003734,0.319444,竞价高开不足1%；竞价额不足500万；竞价额未达到昨日1.5倍；未收复昨日回落的一半
B,603618.SH,杭电股份,昨日下跌至少1%；昨日冲高回落且收于日内下半区,-4.072511,41.6,38.63,39.3,1.734403,22306680.0,29198736.0,0.76396,0.082097,0.225589,竞价额未达到昨日1.5倍；未收复昨日回落的一半
B,603920.SH,世运电路,昨日冲高回落且收于日内下半区,1.636661,45.58,43.47,44.1,1.449275,7430850.0,9748468.0,0.762258,0.023384,0.298578,竞价额未达到昨日1.5倍；未收复昨日回落的一半
B,600210.SH,紫江企业,昨日下跌至少1%,-1.574803,6.35,6.25,6.25,0.0,251250.0,331692.0,0.75748,0.00265,0.0,竞价高开不足1%；竞价额不足500万；竞价额未达到昨日1.5倍；未收复昨日回落的一半
B,000975.SZ,山金国际,昨日下跌至少1%；昨日冲高回落且收于日内下半区,-5.656109,26.43,25.02,25.67,2.597922,10383515.0,13881259.0,0.748024,0.016031,0.460993,竞价额未达到昨日1.5倍；未收复昨日回落的一半
B,002643.SZ,万润股份,昨日下跌至少1%,-1.049475,13.52,13.2,13.39,1.439394,1138150.0,1522094.0,0.747753,0.009421,0.59375,竞价额不足500万；竞价额未达到昨日1.5倍
B,600110.SH,诺德股份,昨日下跌至少1%；昨日冲高回落且收于日内下半区,-2.625103,12.34,11.87,12.2,2.780118,16338240.0,21867219.0,0.747157,0.077179,0.702128,竞价额未达到昨日1.5倍
B,600681.SH,百川能源,昨日下跌至少1%,-1.146132,3.47,3.45,3.46,0.289855,152240.0,204036.0,0.746143,0.003284,0.5,竞价高开不足1%；竞价额不足500万；竞价额未达到昨日1.5倍
B,600666.SH,奥瑞德,昨日下跌至少1%；昨日冲高回落且收于日内下半区,-3.107345,3.58,3.43,3.48,1.457726,3981120.0,5371450.0,0.741163,0.044482,0.333333,竞价额不足500万；竞价额未达到昨日1.5倍；未收复昨日回落的一半
B,600132.SH,重庆啤酒,昨日下跌至少1%,-1.15123,38.12,37.78,37.81,0.079407,196612.0,266070.0,0.738948,0.001074,0.088235,竞价高开不足1%；竞价额不足500万；竞价额未达到昨日1.5倍；未收复昨日回落的一半
B,002842.SZ,翔鹭钨业,昨日下跌至少1%；昨日冲高回落且收于日内下半区,-2.726008,36.39,34.97,35.79,2.344867,9147924.0,12384988.0,0.73863,0.095209,0.577465,竞价额未达到昨日1.5倍
B,600601.SH,方正科技,昨日下跌至少1%；昨日冲高回落且收于日内下半区,-3.754941,15.24,14.61,14.85,1.64271,10904355.0,14907600.0,0.731463,0.017608,0.380952,竞价额未达到昨日1.5倍；未收复昨日回落的一半
B,600863.SH,华能蒙电,昨日下跌至少1%,-2.296451,4.77,4.68,4.68,0.0,768924.0,1051484.0,0.731275,0.002326,0.0,竞价高开不足1%；竞价额不足500万；竞价额未达到昨日1.5倍；未收复昨日回落的一半
B,002396.SZ,星网锐捷,昨日下跌至少1%；昨日冲高回落且收于日内下半区,-1.622457,39.6,38.2,38.18,-0.052356,44304072.0,60586380.0,0.731255,0.153205,-0.014286,竞价高开不足1%；竞价额未达到昨日1.5倍；未收复昨日回落的一半
B,002596.SZ,海南瑞泽,昨日下跌至少1%,-1.179941,3.38,3.35,3.37,0.597015,98741.0,135200.0,0.730333,0.002555,0.666667,竞价高开不足1%；竞价额不足500万；竞价额未达到昨日1.5倍
B,603817.SH,海峡环保,昨日下跌至少1%,-2.744425,5.8,5.67,5.67,0.0,192213.0,263445.0,0.729613,0.005946,0.0,竞价高开不足1%；竞价额不足500万；竞价额未达到昨日1.5倍；未收复昨日回落的一半
B,600023.SH,浙能电力,昨日下跌至少1%,-1.171875,5.11,5.06,5.05,-0.197628,747905.0,1034797.0,0.722755,0.001105,-0.2,竞价高开不足1%；竞价额不足500万；竞价额未达到昨日1.5倍；未收复昨日回落的一半
B,603568.SH,伟明环保,昨日下跌至少1%,-2.192982,13.73,13.38,13.38,0.0,140490.0,194909.0,0.720798,0.000513,0.0,竞价高开不足1%；竞价额不足500万；竞价额未达到昨日1.5倍；未收复昨日回落的一半
B,000878.SZ,云南铜业,昨日下跌至少1%；昨日冲高回落且收于日内下半区,-2.970885,16.83,16.33,16.66,2.020821,5759362.0,8022312.0,0.717918,0.017254,0.66,竞价额未达到昨日1.5倍
B,600879.SH,航天电子,昨日下跌至少1%；昨日冲高回落且收于日内下半区,-2.261823,14.75,14.26,14.34,0.56101,3060156.0,4280400.0,0.714923,0.006468,0.163265,竞价高开不足1%；竞价额不足500万；竞价额未达到昨日1.5倍；未收复昨日回落的一半
B,000595.SZ,新能股份,昨日下跌至少1%；昨日冲高回落且收于日内下半区,-3.499079,5.4,5.24,5.27,0.572519,211854.0,296460.0,0.714612,0.00353,0.1875,竞价高开不足1%；竞价额不足500万；竞价额未达到昨日1.5倍；未收复昨日回落的一半
B,600282.SH,南钢股份,昨日下跌至少1%,-2.37581,4.64,4.52,4.53,0.221239,462966.0,648140.0,0.714299,0.001658,0.083333,竞价高开不足1%；竞价额不足500万；竞价额未达到昨日1.5倍；未收复昨日回落的一半
B,002338.SZ,奥普光电,昨日下跌至少1%,-1.123327,42.2,41.37,41.79,1.015228,660282.0,930720.0,0.709431,0.006583,0.506024,竞价额不足500万；竞价额未达到昨日1.5倍
B,600058.SH,五矿发展,昨日下跌至少1%,-1.639344,9.19,9.0,9.05,0.555556,92310.0,131040.0,0.704441,0.000952,0.263158,竞价高开不足1%；竞价额不足500万；竞价额未达到昨日1.5倍；未收复昨日回落的一半
B,601568.SH,北元化工,昨日下跌至少1%,-1.084011,3.69,3.65,3.66,0.273973,148596.0,211068.0,0.70402,0.001022,0.25,竞价高开不足1%；竞价额不足500万；竞价额未达到昨日1.5倍；未收复昨日回落的一半
B,603615.SH,茶花股份,昨日下跌至少1%；昨日冲高回落且收于日内下半区,-4.839531,20.29,18.68,18.66,-0.107066,397458.0,564592.0,0.703974,0.008808,-0.012422,竞价高开不足1%；竞价额不足500万；竞价额未达到昨日1.5倍；未收复昨日回落的一半
B,000063.SZ,中兴通讯,昨日下跌至少1%,-1.54464,32.25,31.87,32.04,0.533417,11476728.0,16308669.0,0.703719,0.008894,0.447368,竞价高开不足1%；竞价额未达到昨日1.5倍；未收复昨日回落的一半
B,600988.SH,赤峰黄金,昨日下跌至少1%；昨日冲高回落且收于日内下半区,-4.401408,45.3,43.44,44.31,2.002762,21853692.0,31106328.0,0.702548,0.029641,0.467742,竞价额未达到昨日1.5倍；未收复昨日回落的一半
B,605376.SH,博迁新材,昨日下跌至少1%；昨日冲高回落且收于日内下半区,-2.197961,141.6,135.27,137.79,1.862941,6476130.0,9299100.0,0.696425,0.017966,0.398104,竞价额未达到昨日1.5倍；未收复昨日回落的一半
B,000426.SZ,兴业银锡,昨日下跌至少1%；昨日冲高回落且收于日内下半区,-5.260274,36.2,34.58,35.5,2.660497,32141700.0,46407075.0,0.692603,0.051003,0.567901,竞价额未达到昨日1.5倍
B,605277.SH,新亚电子,昨日下跌至少1%,-1.349831,17.78,17.54,17.71,0.969213,954569.0,1379430.0,0.692002,0.013957,0.708333,竞价高开不足1%；竞价额不足500万；竞价额未达到昨日1.5倍
B,601156.SH,东航物流,昨日下跌至少1%,-1.589041,18.35,17.96,17.98,0.111359,172608.0,250025.0,0.690363,0.001016,0.051282,竞价高开不足1%；竞价额不足500万；竞价额未达到昨日1.5倍；未收复昨日回落的一半
B,000680.SZ,山推股份,昨日下跌至少1%；昨日冲高回落且收于日内下半区,-1.804671,9.54,9.25,9.25,0.0,986975.0,1430680.0,0.689864,0.008117,0.0,竞价高开不足1%；竞价额不足500万；竞价额未达到昨日1.5倍；未收复昨日回落的一半
B,603055.SH,台华新材,昨日下跌至少1%,-1.059322,9.46,9.34,9.35,0.107066,43945.0,63716.0,0.689701,0.000529,0.083333,竞价高开不足1%；竞价额不足500万；竞价额未达到昨日1.5倍；未收复昨日回落的一半
B,603606.SH,东方电缆,昨日下跌至少1%,-1.497504,36.05,35.52,35.52,0.0,2632032.0,3829530.0,0.687299,0.008984,0.0,竞价高开不足1%；竞价额不足500万；竞价额未达到昨日1.5倍；未收复昨日回落的一半
B,605060.SH,联德股份,昨日冲高回落且收于日内下半区,-0.899281,40.22,38.57,39.1,1.374125,191590.0,280800.0,0.682301,0.002051,0.321212,竞价额不足500万；竞价额未达到昨日1.5倍；未收复昨日回落的一半
B,002885.SZ,京泉华,昨日下跌至少1%,-1.077199,28.27,27.55,27.83,1.016334,1269048.0,1874719.0,0.676927,0.019159,0.388889,竞价额不足500万；竞价额未达到昨日1.5倍；未收复昨日回落的一半
B,002025.SZ,航天电器,昨日冲高回落且收于日内下半区,3.979534,76.37,73.16,74.1,1.284855,12426570.0,18453102.0,0.673414,0.036949,0.292835,竞价额未达到昨日1.5倍；未收复昨日回落的一半
B,600255.SH,鑫科材料,昨日下跌至少1%,-3.225806,3.69,3.6,3.65,1.388889,1545045.0,2298521.0,0.672191,0.023437,0.555556,竞价额不足500万；竞价额未达到昨日1.5倍
B,000636.SZ,风华高科,昨日下跌至少1%；昨日冲高回落且收于日内下半区,-3.29464,59.48,56.65,57.98,2.347749,59655622.0,88877124.0,0.671215,0.089665,0.469965,竞价额未达到昨日1.5倍；未收复昨日回落的一半
B,001257.SZ,盛龙股份,昨日下跌至少1%,-1.894918,23.14,22.78,23.01,1.009658,630474.0,939356.0,0.671177,0.020008,0.638889,竞价额不足500万；竞价额未达到昨日1.5倍
B,601857.SH,中国石油,昨日下跌至少1%,-1.757632,10.76,10.62,10.53,-0.847458,7278336.0,10865850.0,0.669836,0.000427,-0.642857,竞价高开不足1%；竞价额未达到昨日1.5倍；未收复昨日回落的一半
B,603693.SH,江苏新能,昨日下跌至少1%,-2.197802,12.73,12.46,12.43,-0.24077,1871958.0,2798750.0,0.668855,0.016893,-0.111111,竞价高开不足1%；竞价额不足500万；竞价额未达到昨日1.5倍；未收复昨日回落的一半
B,002461.SZ,珠江啤酒,昨日下跌至少1%,-1.542112,8.4,8.3,8.32,0.240964,64896.0,98884.0,0.656284,0.000352,0.2,竞价高开不足1%；竞价额不足500万；竞价额未达到昨日1.5倍；未收复昨日回落的一半
B,600292.SH,电投水电,昨日下跌至少1%,-1.508801,11.9,11.75,11.77,0.170213,62381.0,95120.0,0.655814,0.001207,0.133333,竞价高开不足1%；竞价额不足500万；竞价额未达到昨日1.5倍；未收复昨日回落的一半
B,002465.SZ,海格通信,昨日下跌至少1%,-1.857283,10.26,10.04,10.1,0.59761,2168470.0,3332340.0,0.650735,0.008665,0.272727,竞价高开不足1%；竞价额不足500万；竞价额未达到昨日1.5倍；未收复昨日回落的一半
B,603688.SH,石英股份,昨日下跌至少1%；昨日冲高回落且收于日内下半区,-1.907081,50.15,48.35,49.13,1.613237,2235415.0,3439800.0,0.649868,0.0084,0.433333,竞价额不足500万；竞价额未达到昨日1.5倍；未收复昨日回落的一半
B,601600.SH,中国铝业,昨日下跌至少1%,-1.611171,9.31,9.16,9.31,1.637555,13695010.0,21186164.0,0.646413,0.011141,1.0,竞价额未达到昨日1.5倍
B,002077.SZ,大港股份,昨日下跌至少1%,-3.827418,14.22,13.82,14.1,2.026049,7584390.0,11872224.0,0.638835,0.092686,0.7,竞价额未达到昨日1.5倍
B,603619.SH,中曼石油,昨日下跌至少1%；昨日冲高回落且收于日内下半区,-4.56394,21.83,21.12,20.78,-1.609848,9660622.0,15172800.0,0.636707,0.100554,-0.478873,竞价高开不足1%；竞价额未达到昨日1.5倍；未收复昨日回落的一半
B,601168.SH,西部矿业,昨日下跌至少1%,-2.044764,36.29,35.45,36.38,2.623413,18837564.0,29592816.0,0.636559,0.021729,1.107143,竞价额未达到昨日1.5倍
B,000923.SZ,河钢资源,昨日下跌至少1%,-1.28519,16.35,16.13,16.45,1.983881,707350.0,1111566.0,0.636354,0.006848,1.454545,竞价额不足500万；竞价额未达到昨日1.5倍
B,002313.SZ,日海智能,昨日下跌至少1%,-1.080432,8.35,8.24,8.33,1.092233,74137.0,116620.0,0.635714,0.002377,0.818182,竞价额不足500万；竞价额未达到昨日1.5倍
B,002915.SZ,中欣氟材,昨日下跌至少1%,-1.274623,17.31,17.04,17.22,1.056338,289296.0,456456.0,0.633787,0.005582,0.666667,竞价额不足500万；竞价额未达到昨日1.5倍
B,002971.SZ,和远气体,昨日下跌至少1%；昨日冲高回落且收于日内下半区,-2.756892,40.29,38.8,39.44,1.649485,2074544.0,3280576.0,0.632372,0.03267,0.42953,竞价额不足500万；竞价额未达到昨日1.5倍；未收复昨日回落的一半
B,000055.SZ,方大集团,昨日下跌至少1%；昨日冲高回落且收于日内下半区,-3.664921,3.99,3.68,3.71,0.815217,3271849.0,5174478.0,0.632305,0.130487,0.096774,竞价高开不足1%；竞价额不足500万；竞价额未达到昨日1.5倍；未收复昨日回落的一半
B,605589.SH,圣泉集团,昨日下跌至少1%；昨日冲高回落且收于日内下半区,-2.65188,42.75,40.38,41.34,2.377415,11860446.0,18817320.0,0.630294,0.033916,0.405063,竞价额未达到昨日1.5倍；未收复昨日回落的一半
B,603080.SH,新疆火炬,昨日下跌至少1%,-1.885831,19.57,19.25,19.25,0.0,96250.0,152865.0,0.629641,0.003534,0.0,竞价高开不足1%；竞价额不足500万；竞价额未达到昨日1.5倍；未收复昨日回落的一半
B,002108.SZ,沧州明珠,昨日下跌至少1%,-2.252252,4.42,4.34,4.37,0.691244,220685.0,351120.0,0.628517,0.003064,0.375,竞价高开不足1%；竞价额不足500万；竞价额未达到昨日1.5倍；未收复昨日回落的一半
B,600618.SH,氯碱化工,昨日下跌至少1%,-1.314459,9.9,9.76,9.77,0.102459,44942.0,71686.0,0.626929,0.000613,0.071429,竞价高开不足1%；竞价额不足500万；竞价额未达到昨日1.5倍；未收复昨日回落的一半
B,601609.SH,金田股份,昨日下跌至少1%,-1.512859,13.34,13.02,13.19,1.305684,1164677.0,1859256.0,0.626421,0.005108,0.53125,竞价额不足500万；竞价额未达到昨日1.5倍
B,001258.SZ,立新能源,昨日下跌至少1%,-1.617251,11.19,10.95,10.95,0.0,1482630.0,2367096.0,0.62635,0.014507,0.0,竞价高开不足1%；竞价额不足500万；竞价额未达到昨日1.5倍；未收复昨日回落的一半
B,600310.SH,广西能源,昨日下跌至少1%；昨日冲高回落且收于日内下半区,-3.541667,4.77,4.63,4.63,0.0,1135276.0,1817825.0,0.624524,0.016729,0.0,竞价高开不足1%；竞价额不足500万；竞价额未达到昨日1.5倍；未收复昨日回落的一半
B,001325.SZ,元创股份,昨日下跌至少1%,-1.113525,36.81,36.41,36.46,0.137325,18230.0,29264.0,0.62295,0.002551,0.125,竞价高开不足1%；竞价额不足500万；竞价额未达到昨日1.5倍；未收复昨日回落的一半
B,600486.SH,扬农化工,昨日下跌至少1%,-1.248109,53.14,52.22,52.51,0.555343,378072.0,607200.0,0.622648,0.001782,0.315217,竞价高开不足1%；竞价额不足500万；竞价额未达到昨日1.5倍；未收复昨日回落的一半
B,002132.SZ,恒星科技,昨日下跌至少1%,-1.398601,4.31,4.23,4.24,0.236407,901424.0,1465464.0,0.615112,0.015195,0.125,竞价高开不足1%；竞价额不足500万；竞价额未达到昨日1.5倍；未收复昨日回落的一半
B,600396.SH,华电辽能,昨日下跌至少1%,-3.247232,13.45,13.11,13.11,0.0,3662934.0,5991480.0,0.611357,0.018972,0.0,竞价高开不足1%；竞价额不足500万；竞价额未达到昨日1.5倍；未收复昨日回落的一半
B,601958.SH,金钼股份,昨日下跌至少1%,-2.76699,20.57,20.03,20.34,1.547678,3234060.0,5293360.0,0.610965,0.004928,0.574074,竞价额不足500万；竞价额未达到昨日1.5倍
B,605566.SH,福莱蒽特,昨日下跌至少1%；昨日冲高回落且收于日内下半区,-2.538071,27.97,26.88,26.77,-0.409226,2088060.0,3426780.0,0.609336,0.058497,-0.100917,竞价高开不足1%；竞价额不足500万；竞价额未达到昨日1.5倍；未收复昨日回落的一半
B,603118.SH,共进股份,昨日下跌至少1%,-2.161215,17.16,16.75,17.08,1.970149,6907152.0,11455031.0,0.60298,0.051367,0.804878,竞价额未达到昨日1.5倍
B,002418.SZ,康盛股份,昨日下跌至少1%；昨日冲高回落且收于日内下半区,-2.320675,4.77,4.63,4.73,2.159827,2419868.0,4019920.0,0.601969,0.045019,0.714286,竞价额不足500万；竞价额未达到昨日1.5倍
B,002245.SZ,蔚蓝锂芯,昨日下跌至少1%；昨日冲高回落且收于日内下半区,-1.047409,18.53,17.95,18.23,1.559889,2849349.0,4735152.0,0.601744,0.009714,0.482759,竞价额不足500万；竞价额未达到昨日1.5倍；未收复昨日回落的一半
B,605011.SH,杭州热电,昨日下跌至少1%,-1.971522,18.39,17.9,17.8,-0.558659,2458180.0,4113843.0,0.597539,0.034516,-0.204082,竞价高开不足1%；竞价额不足500万；竞价额未达到昨日1.5倍；未收复昨日回落的一半
B,000021.SZ,深科技,昨日下跌至少1%,-1.906077,36.39,35.51,36.25,2.08392,18284500.0,30680600.0,0.595963,0.031832,0.840909,竞价额未达到昨日1.5倍
B,001299.SZ,美能能源,昨日下跌至少1%,-2.628918,9.89,9.63,9.56,-0.726895,612796.0,1029549.0,0.595208,0.022703,-0.269231,竞价高开不足1%；竞价额不足500万；竞价额未达到昨日1.5倍；未收复昨日回落的一半
B,002017.SZ,东信和平,昨日下跌至少1%,-2.083333,14.45,14.1,14.3,1.41844,900900.0,1516200.0,0.594183,0.010859,0.571429,竞价额不足500万；竞价额未达到昨日1.5倍
B,600478.SH,科力远,昨日下跌至少1%,-1.698514,4.74,4.63,4.65,0.431965,255750.0,430520.0,0.594049,0.003247,0.181818,竞价高开不足1%；竞价额不足500万；竞价额未达到昨日1.5倍；未收复昨日回落的一半
B,600141.SH,兴发集团,昨日下跌至少1%,-1.188859,29.68,29.09,29.28,0.653145,2600064.0,4377360.0,0.59398,0.007424,0.322034,竞价高开不足1%；竞价额不足500万；竞价额未达到昨日1.5倍；未收复昨日回落的一半
B,002819.SZ,东方中科,昨日下跌至少1%,-1.35514,21.55,21.11,21.38,1.279015,100486.0,169200.0,0.593889,0.00199,0.613636,竞价额不足500万；竞价额未达到昨日1.5倍
B,603435.SH,嘉德利,昨日下跌至少1%；昨日冲高回落且收于日内下半区,-1.968423,50.37,47.81,48.55,1.547793,728250.0,1228315.0,0.592885,0.042032,0.289062,竞价额不足500万；竞价额未达到昨日1.5倍；未收复昨日回落的一半
B,605296.SH,神农集团,昨日下跌至少1%,-1.270802,33.3,32.63,32.5,-0.398406,247000.0,416934.0,0.59242,0.001467,-0.19403,竞价高开不足1%；竞价额不足500万；竞价额未达到昨日1.5倍；未收复昨日回落的一半
B,002298.SZ,中电鑫龙,昨日下跌至少1%；昨日冲高回落且收于日内下半区,-3.309693,8.48,8.18,8.19,0.122249,701064.0,1193688.0,0.587309,0.012866,0.033333,竞价高开不足1%；竞价额不足500万；竞价额未达到昨日1.5倍；未收复昨日回落的一半
B,600316.SH,洪都航空,昨日下跌至少1%,-1.221747,33.25,32.34,32.45,0.340136,305030.0,519680.0,0.586957,0.001311,0.120879,竞价高开不足1%；竞价额不足500万；竞价额未达到昨日1.5倍；未收复昨日回落的一半
B,000750.SZ,国海证券,昨日下跌至少1%,-1.358696,3.68,3.63,3.64,0.275482,471380.0,803370.0,0.586753,0.002234,0.2,竞价高开不足1%；竞价额不足500万；竞价额未达到昨日1.5倍；未收复昨日回落的一半
B,001232.SZ,嘉立创,昨日下跌至少1%；昨日冲高回落且收于日内下半区,-2.257848,197.6,189.61,192.19,1.360688,5285225.0,9081700.0,0.581964,0.062208,0.322904,竞价额未达到昨日1.5倍；未收复昨日回落的一半
B,000905.SZ,厦门港务,昨日下跌至少1%；昨日冲高回落且收于日内下半区,-2.7897,9.39,9.06,9.08,0.220751,1322956.0,2283808.0,0.579276,0.019641,0.060606,竞价高开不足1%；竞价额不足500万；竞价额未达到昨日1.5倍；未收复昨日回落的一半
B,002213.SZ,大为股份,昨日下跌至少1%；昨日冲高回落且收于日内下半区,-3.752535,29.47,28.47,29.0,1.861609,5182300.0,8951150.0,0.578954,0.086411,0.53,竞价额未达到昨日1.5倍
B,002669.SZ,康达新材,昨日下跌至少1%,-2.470007,14.15,13.82,14.0,1.30246,3584000.0,6202240.0,0.577856,0.084567,0.545455,竞价额不足500万；竞价额未达到昨日1.5倍
B,605117.SH,德业股份,昨日下跌至少1%；昨日冲高回落且收于日内下半区,-2.608083,85.87,82.9,83.88,1.182147,1736316.0,3008200.0,0.577194,0.001626,0.329966,竞价额不足500万；竞价额未达到昨日1.5倍；未收复昨日回落的一半
B,601199.SH,江南水务,昨日下跌至少1%,-2.398801,6.66,6.51,6.5,-0.15361,568100.0,995163.0,0.570861,0.009345,-0.066667,竞价高开不足1%；竞价额不足500万；竞价额未达到昨日1.5倍；未收复昨日回落的一半
B,600192.SH,长城电工,昨日下跌至少1%,-2.695764,7.79,7.58,7.7,1.583113,2005080.0,3519522.0,0.569702,0.058948,0.571429,竞价额不足500万；竞价额未达到昨日1.5倍
B,002471.SZ,中超控股,昨日下跌至少1%,-1.811594,5.51,5.42,5.45,0.553506,231080.0,407712.0,0.566773,0.003155,0.333333,竞价高开不足1%；竞价额不足500万；竞价额未达到昨日1.5倍；未收复昨日回落的一半
B,000901.SZ,航天科技,昨日下跌至少1%,-1.329601,14.32,14.1,14.17,0.496454,276315.0,487746.0,0.566514,0.002443,0.318182,竞价高开不足1%；竞价额不足500万；竞价额未达到昨日1.5倍；未收复昨日回落的一半
B,605118.SH,力鼎光电,昨日下跌至少1%,-1.851852,33.64,32.86,33.3,1.339014,476190.0,846090.0,0.562812,0.003497,0.564103,竞价额不足500万；竞价额未达到昨日1.5倍
B,600778.SH,友好集团,昨日下跌至少1%,-2.533784,5.92,5.77,5.77,0.0,491027.0,873792.0,0.56195,0.027344,0.0,竞价高开不足1%；竞价额不足500万；竞价额未达到昨日1.5倍；未收复昨日回落的一半
B,605111.SH,新洁能,昨日冲高回落且收于日内下半区,4.646643,61.5,59.23,60.48,2.110417,7886592.0,14122206.0,0.558453,0.031397,0.550661,竞价额未达到昨日1.5倍
B,603203.SH,快克智能,昨日冲高回落且收于日内下半区,-0.969804,46.28,44.93,45.83,2.003116,1604050.0,2876458.0,0.557648,0.010728,0.666667,竞价额不足500万；竞价额未达到昨日1.5倍
B,603005.SH,晶方科技,昨日下跌至少1%,-1.260365,30.48,29.77,30.26,1.645952,2199902.0,3949790.0,0.556967,0.011147,0.690141,竞价额不足500万；竞价额未达到昨日1.5倍
B,001286.SZ,陕西能源,昨日下跌至少1%,-2.240326,9.83,9.6,9.58,-0.208333,891898.0,1609498.0,0.554147,0.006896,-0.086957,竞价高开不足1%；竞价额不足500万；竞价额未达到昨日1.5倍；未收复昨日回落的一半
B,600416.SH,湘电股份,昨日下跌至少1%,-1.058824,8.54,8.41,8.45,0.475624,214630.0,387396.0,0.554033,0.001721,0.307692,竞价高开不足1%；竞价额不足500万；竞价额未达到昨日1.5倍；未收复昨日回落的一半
B,002723.SZ,小崧股份,昨日下跌至少1%；昨日冲高回落且收于日内下半区,-3.553299,7.98,7.6,7.6,0.0,462080.0,834708.0,0.553583,0.019134,0.0,竞价高开不足1%；竞价额不足500万；竞价额未达到昨日1.5倍；未收复昨日回落的一半
B,001270.SZ,铖昌科技,昨日下跌至少1%；昨日冲高回落且收于日内下半区,-2.674117,101.2,97.54,99.05,1.548083,3932285.0,7109880.0,0.553073,0.019384,0.412568,竞价额不足500万；竞价额未达到昨日1.5倍；未收复昨日回落的一半
B,603938.SH,三孚股份,昨日下跌至少1%；昨日冲高回落且收于日内下半区,-3.838075,52.87,50.36,51.0,1.27085,11378100.0,20648071.0,0.551049,0.058308,0.25498,竞价额未达到昨日1.5倍；未收复昨日回落的一半
B,002865.SZ,钧达股份,昨日下跌至少1%,-1.092168,37.76,37.13,37.43,0.807972,774801.0,1408448.0,0.55011,0.009046,0.47619,竞价高开不足1%；竞价额不足500万；竞价额未达到昨日1.5倍；未收复昨日回落的一半
B,603301.SH,振德医疗,昨日下跌至少1%,-1.256342,83.5,81.74,81.97,0.28138,344274.0,635019.0,0.542148,0.001592,0.130682,竞价高开不足1%；竞价额不足500万；竞价额未达到昨日1.5倍；未收复昨日回落的一半
B,002988.SZ,豪美新材,昨日下跌至少1%；昨日冲高回落且收于日内下半区,-1.421352,32.19,31.21,31.63,1.345723,604133.0,1114432.0,0.542099,0.007646,0.428571,竞价额不足500万；竞价额未达到昨日1.5倍；未收复昨日回落的一半
B,000783.SZ,长江证券,昨日下跌至少1%,-1.543943,8.44,8.29,8.35,0.723764,2587665.0,4779754.0,0.54138,0.005604,0.4,竞价高开不足1%；竞价额不足500万；竞价额未达到昨日1.5倍；未收复昨日回落的一半
B,002160.SZ,常铝股份,昨日下跌至少1%,-1.007557,3.97,3.93,3.94,0.254453,48856.0,90516.0,0.53975,0.001203,0.25,竞价高开不足1%；竞价额不足500万；竞价额未达到昨日1.5倍；未收复昨日回落的一半
B,600869.SH,远东股份,昨日下跌至少1%；昨日冲高回落且收于日内下半区,-2.561757,22.69,21.3,21.73,2.018779,27255939.0,50703150.0,0.537559,0.056516,0.309353,竞价额未达到昨日1.5倍；未收复昨日回落的一半
B,603530.SH,神马电力,昨日下跌至少1%；昨日冲高回落且收于日内下半区,-2.575588,44.97,43.5,43.8,0.689655,201480.0,375615.0,0.5364,0.001076,0.204082,竞价高开不足1%；竞价额不足500万；竞价额未达到昨日1.5倍；未收复昨日回落的一半
B,002560.SZ,通达股份,昨日下跌至少1%,-3.763441,7.37,7.16,7.2,0.558659,5459760.0,10180656.0,0.536288,0.119729,0.190476,竞价高开不足1%；竞价额未达到昨日1.5倍；未收复昨日回落的一半
B,600802.SH,福建水泥,昨日下跌至少1%,-4.152824,5.91,5.77,5.69,-1.386482,3265491.0,6092320.0,0.536001,0.125238,-0.571429,竞价高开不足1%；竞价额不足500万；竞价额未达到昨日1.5倍；未收复昨日回落的一半
B,002552.SZ,宝鼎科技,昨日下跌至少1%；昨日冲高回落且收于日内下半区,-2.937489,56.18,54.19,55.4,2.232884,8841840.0,16547718.0,0.534324,0.04331,0.60804,竞价额未达到昨日1.5倍
B,002544.SZ,普天科技,昨日下跌至少1%,-2.657602,16.22,15.75,15.89,0.888889,274897.0,517131.0,0.531581,0.002542,0.297872,竞价高开不足1%；竞价额不足500万；竞价额未达到昨日1.5倍；未收复昨日回落的一半
B,002645.SZ,华宏科技,昨日下跌至少1%；昨日冲高回落且收于日内下半区,-3.092784,18.78,17.86,18.02,0.895857,928030.0,1748950.0,0.530621,0.007571,0.173913,竞价高开不足1%；竞价额不足500万；竞价额未达到昨日1.5倍；未收复昨日回落的一半
B,002155.SZ,湖南黄金,昨日下跌至少1%；昨日冲高回落且收于日内下半区,-6.148748,27.07,25.49,25.91,1.647705,29236844.0,55121427.0,0.530408,0.072218,0.265823,竞价额未达到昨日1.5倍；未收复昨日回落的一半
B,601515.SH,衢州东峰,昨日下跌至少1%,-2.095808,3.33,3.27,3.29,0.611621,26320.0,49950.0,0.526927,0.000416,0.333333,竞价高开不足1%；竞价额不足500万；竞价额未达到昨日1.5倍；未收复昨日回落的一半
B,600135.SH,乐凯胶片,昨日下跌至少1%；昨日冲高回落且收于日内下半区,-3.584672,8.1,7.8,7.87,0.897436,3275494.0,6239817.0,0.524934,0.07522,0.233333,竞价高开不足1%；竞价额不足500万；竞价额未达到昨日1.5倍；未收复昨日回落的一半
B,600726.SH,华电能源,昨日下跌至少1%,-3.053435,5.22,5.08,5.09,0.19685,1067882.0,2035800.0,0.524552,0.002807,0.071429,竞价高开不足1%；竞价额不足500万；竞价额未达到昨日1.5倍；未收复昨日回落的一半
B,002303.SZ,美盈森,昨日下跌至少1%,-3.972366,5.71,5.56,5.68,2.158273,8222368.0,15703104.0,0.523614,0.135624,0.8,竞价额未达到昨日1.5倍
B,002682.SZ,龙洲股份,昨日下跌至少1%,-1.359223,5.16,5.08,5.1,0.393701,411060.0,790512.0,0.519992,0.014332,0.25,竞价高开不足1%；竞价额不足500万；竞价额未达到昨日1.5倍；未收复昨日回落的一半
B,603212.SH,赛伍技术,昨日下跌至少1%,-1.650738,11.6,11.32,11.36,0.353357,199936.0,386280.0,0.517593,0.004023,0.142857,竞价高开不足1%；竞价额不足500万；竞价额未达到昨日1.5倍；未收复昨日回落的一半
B,002110.SZ,三钢闽光,昨日下跌至少1%,-2.020202,2.97,2.91,2.91,0.0,134442.0,259895.0,0.517294,0.001902,0.0,竞价高开不足1%；竞价额不足500万；竞价额未达到昨日1.5倍；未收复昨日回落的一半
B,002272.SZ,川润股份,昨日下跌至少1%；昨日冲高回落且收于日内下半区,-8.28169,18.46,16.28,16.58,1.842752,7116136.0,13756806.0,0.517281,0.102451,0.137615,竞价额未达到昨日1.5倍；未收复昨日回落的一半
B,603833.SH,欧派家居,昨日下跌至少1%,-1.630812,28.82,28.35,28.38,0.10582,227040.0,438957.0,0.517226,0.001321,0.06383,竞价高开不足1%；竞价额不足500万；竞价额未达到昨日1.5倍；未收复昨日回落的一半
B,603306.SH,华懋科技,昨日冲高回落且收于日内下半区,-0.5073,83.08,80.41,81.7,1.604278,3047410.0,5948352.0,0.512312,0.01132,0.483146,竞价额不足500万；竞价额未达到昨日1.5倍；未收复昨日回落的一半
B,002585.SZ,双星新材,昨日下跌至少1%,-3.944125,12.04,11.69,11.58,-0.940975,30251592.0,59373876.0,0.50951,0.294656,-0.314286,竞价高开不足1%；竞价额未达到昨日1.5倍；未收复昨日回落的一半
B,000932.SZ,华菱钢铁,昨日下跌至少1%,-2.216066,3.61,3.53,3.53,0.0,416187.0,819597.0,0.507795,0.001721,0.0,竞价高开不足1%；竞价额不足500万；竞价额未达到昨日1.5倍；未收复昨日回落的一半
B,605128.SH,上海沿浦,昨日下跌至少1%；昨日冲高回落且收于日内下半区,-2.3306,23.49,22.63,22.83,0.883783,173508.0,344190.0,0.504105,0.00242,0.232558,竞价高开不足1%；竞价额不足500万；竞价额未达到昨日1.5倍；未收复昨日回落的一半
B,001248.SZ,华润新能,昨日下跌至少1%,-1.359388,11.75,11.61,11.63,0.172265,1254877.0,2494440.0,0.50307,0.010156,0.142857,竞价高开不足1%；竞价额不足500万；竞价额未达到昨日1.5倍；未收复昨日回落的一半
B,000155.SZ,川能动力,昨日下跌至少1%,-1.110162,11.75,11.58,11.65,0.604491,499785.0,994284.0,0.502658,0.002324,0.411765,竞价高开不足1%；竞价额不足500万；竞价额未达到昨日1.5倍；未收复昨日回落的一半
B,600481.SH,双良节能,昨日下跌至少1%,-1.452785,4.14,4.07,4.11,0.982801,280713.0,559084.0,0.502094,0.003309,0.571429,竞价高开不足1%；竞价额不足500万；竞价额未达到昨日1.5倍
B,000066.SZ,中国长城,昨日下跌至少1%,-1.978799,14.12,13.87,14.03,1.153569,5092890.0,10157587.0,0.501388,0.011254,0.64,竞价额未达到昨日1.5倍
B,000852.SZ,石化机械,昨日下跌至少1%,-2.169982,5.49,5.41,5.42,0.184843,144714.0,293180.0,0.493601,0.00281,0.125,竞价高开不足1%；竞价额不足500万；竞价额未达到昨日1.5倍；未收复昨日回落的一半
B,601216.SH,君正集团,昨日下跌至少1%,-1.489362,4.7,4.63,4.64,0.215983,415744.0,842793.0,0.493293,0.001062,0.142857,竞价高开不足1%；竞价额不足500万；竞价额未达到昨日1.5倍；未收复昨日回落的一半
B,003002.SZ,壶化股份,昨日下跌至少1%；昨日冲高回落且收于日内下半区,-3.503563,16.78,16.25,16.33,0.492308,842628.0,1713285.0,0.49182,0.028204,0.150943,竞价高开不足1%；竞价额不足500万；竞价额未达到昨日1.5倍；未收复昨日回落的一半
B,603155.SH,新亚强,昨日下跌至少1%；昨日冲高回落且收于日内下半区,-2.987013,15.98,14.94,15.25,2.074967,5432050.0,11058225.0,0.491223,0.077791,0.298077,竞价额未达到昨日1.5倍；未收复昨日回落的一半
B,600392.SH,盛和资源,昨日下跌至少1%；昨日冲高回落且收于日内下半区,-2.603929,22.03,21.32,21.59,1.266417,3765296.0,7680960.0,0.490212,0.00995,0.380282,竞价额不足500万；竞价额未达到昨日1.5倍；未收复昨日回落的一半
B,600172.SH,黄河旋风,昨日下跌至少1%；昨日冲高回落且收于日内下半区,-3.543544,16.73,16.06,16.21,0.933998,13642336.0,27868778.0,0.48952,0.065531,0.223881,竞价高开不足1%；竞价额未达到昨日1.5倍；未收复昨日回落的一半
B,600770.SH,综艺股份,昨日下跌至少1%；昨日冲高回落且收于日内下半区,-3.448276,5.82,5.6,5.68,1.428571,2517944.0,5154460.0,0.488498,0.0341,0.363636,竞价额不足500万；竞价额未达到昨日1.5倍；未收复昨日回落的一半
B,600549.SH,厦门钨业,昨日下跌至少1%,-1.73913,51.17,49.72,50.42,1.407884,8470560.0,17421588.0,0.486211,0.010811,0.482759,竞价额未达到昨日1.5倍；未收复昨日回落的一半
B,002428.SZ,云南锗业,昨日下跌至少1%；昨日冲高回落且收于日内下半区,-1.74437,97.88,92.94,94.41,1.581666,41559282.0,85488000.0,0.486142,0.067411,0.297571,竞价额未达到昨日1.5倍；未收复昨日回落的一半
B,002975.SZ,博杰股份,昨日冲高回落且收于日内下半区,-0.682982,110.79,104.7,106.59,1.805158,10797567.0,22298800.0,0.484222,0.073266,0.310345,竞价额未达到昨日1.5倍；未收复昨日回落的一半
B,003031.SZ,中瓷电子,昨日冲高回落且收于日内下半区,-0.232356,143.42,137.4,139.02,1.179039,43012788.0,89243370.0,0.481972,0.068595,0.269103,竞价额未达到昨日1.5倍；未收复昨日回落的一半
B,600237.SH,铜峰电子,昨日下跌至少1%；昨日冲高回落且收于日内下半区,-3.285421,9.77,9.42,9.54,1.273885,1663776.0,3462483.0,0.480515,0.027921,0.342857,竞价额不足500万；竞价额未达到昨日1.5倍；未收复昨日回落的一半
B,600230.SH,沧州大化,昨日下跌至少1%,-1.337296,13.59,13.28,13.31,0.225904,118459.0,246975.0,0.47964,0.00215,0.096774,竞价高开不足1%；竞价额不足500万；竞价额未达到昨日1.5倍；未收复昨日回落的一半
B,601881.SH,中国银河,昨日下跌至少1%,-1.483924,12.12,11.95,11.99,0.334728,540749.0,1128272.0,0.479272,0.000623,0.235294,竞价高开不足1%；竞价额不足500万；竞价额未达到昨日1.5倍；未收复昨日回落的一半
B,603612.SH,索通发展,昨日下跌至少1%；昨日冲高回落且收于日内下半区,-2.497027,16.94,16.4,16.52,0.731707,140420.0,293125.0,0.479045,0.001706,0.222222,竞价高开不足1%；竞价额不足500万；竞价额未达到昨日1.5倍；未收复昨日回落的一半
B,002378.SZ,章源钨业,昨日下跌至少1%；昨日冲高回落且收于日内下半区,-2.403647,24.35,23.55,23.93,1.613588,3601465.0,7561185.0,0.47631,0.012585,0.475,竞价额不足500万；竞价额未达到昨日1.5倍；未收复昨日回落的一半
B,600575.SH,淮河能源,昨日下跌至少1%,-1.52439,3.28,3.23,3.24,0.309598,136404.0,286452.0,0.476184,0.001083,0.2,竞价高开不足1%；竞价额不足500万；竞价额未达到昨日1.5倍；未收复昨日回落的一半
B,601678.SH,滨化股份,昨日下跌至少1%,-2.345059,5.99,5.83,5.89,1.02916,1325250.0,2786544.0,0.475589,0.011011,0.375,竞价额不足500万；竞价额未达到昨日1.5倍；未收复昨日回落的一半
B,603990.SH,麦迪科技,昨日下跌至少1%；昨日冲高回落且收于日内下半区,-3.366337,20.17,19.52,19.9,1.946721,443770.0,933720.0,0.475271,0.007306,0.584615,竞价额不足500万；竞价额未达到昨日1.5倍
B,000875.SZ,电投绿能,昨日下跌至少1%,-1.821862,4.93,4.85,4.86,0.206186,276048.0,585191.0,0.471723,0.001699,0.125,竞价高开不足1%；竞价额不足500万；竞价额未达到昨日1.5倍；未收复昨日回落的一半
B,603026.SH,石大胜华,昨日下跌至少1%,-1.405039,62.3,61.05,61.33,0.45864,478374.0,1014504.0,0.471535,0.003352,0.224,竞价高开不足1%；竞价额不足500万；竞价额未达到昨日1.5倍；未收复昨日回落的一半
B,000776.SZ,广发证券,昨日下跌至少1%,-1.427868,20.36,20.02,20.15,0.649351,3570580.0,7613880.0,0.468957,0.003001,0.382353,竞价高开不足1%；竞价额不足500万；竞价额未达到昨日1.5倍；未收复昨日回落的一半
B,000882.SZ,华联股份,昨日下跌至少1%,-1.298701,1.54,1.52,1.52,0.0,266912.0,570231.0,0.468077,0.006419,0.0,竞价高开不足1%；竞价额不足500万；竞价额未达到昨日1.5倍；未收复昨日回落的一半
B,601699.SH,潞安环能,昨日下跌至少1%,-1.985906,15.66,15.3,15.18,-0.784314,2721774.0,5820969.0,0.467581,0.005994,-0.333333,竞价高开不足1%；竞价额不足500万；竞价额未达到昨日1.5倍；未收复昨日回落的一半
B,603778.SH,国晟科技,昨日下跌至少1%；昨日冲高回落且收于日内下半区,-4.20712,9.2,8.88,8.96,0.900901,1219456.0,2612212.0,0.466829,0.021171,0.25,竞价高开不足1%；竞价额不足500万；竞价额未达到昨日1.5倍；未收复昨日回落的一半
B,000959.SZ,首钢股份,昨日下跌至少1%,-1.420455,3.52,3.47,3.47,0.0,112081.0,240100.0,0.46681,0.000433,0.0,竞价高开不足1%；竞价额不足500万；竞价额未达到昨日1.5倍；未收复昨日回落的一半
B,600903.SH,贵州燃气,昨日下跌至少1%；昨日冲高回落且收于日内下半区,-5.959302,6.75,6.47,6.45,-0.309119,3040530.0,6540540.0,0.464874,0.040499,-0.071429,竞价高开不足1%；竞价额不足500万；竞价额未达到昨日1.5倍；未收复昨日回落的一半
B,000042.SZ,中洲控股,昨日下跌至少1%,-1.3269,8.28,8.18,8.22,0.488998,51786.0,111510.0,0.464407,0.000949,0.4,竞价高开不足1%；竞价额不足500万；竞价额未达到昨日1.5倍；未收复昨日回落的一半
B,600459.SH,贵研铂业,昨日下跌至少1%；昨日冲高回落且收于日内下半区,-2.674897,19.5,18.92,19.17,1.321353,970002.0,2090620.0,0.463978,0.00666,0.431034,竞价额不足500万；竞价额未达到昨日1.5倍；未收复昨日回落的一半
B,603991.SH,领先股份,昨日下跌至少1%,-1.756119,184.3,179.02,181.84,1.575243,1527456.0,3294200.0,0.46368,0.009382,0.534091,竞价额不足500万；竞价额未达到昨日1.5倍
B,002790.SZ,瑞尔特,昨日下跌至少1%；昨日冲高回落且收于日内下半区,-8.356941,6.75,6.47,6.42,-0.772798,5738838.0,12380940.0,0.463522,0.342888,-0.178571,竞价高开不足1%；竞价额未达到昨日1.5倍；未收复昨日回落的一半
B,603262.SH,技源集团,昨日下跌至少1%；昨日冲高回落且收于日内下半区,-2.779292,18.42,17.84,17.79,-0.280269,67602.0,145920.0,0.463281,0.003642,-0.086207,竞价高开不足1%；竞价额不足500万；竞价额未达到昨日1.5倍；未收复昨日回落的一半
B,003036.SZ,泰坦股份,昨日冲高回落且收于日内下半区,0.018038,58.38,55.45,56.12,1.208296,2901404.0,6283618.0,0.461741,0.023869,0.228669,竞价额不足500万；竞价额未达到昨日1.5倍；未收复昨日回落的一半
B,603106.SH,恒银科技,昨日下跌至少1%,-1.206434,7.5,7.37,7.45,1.085482,242870.0,528000.0,0.459981,0.006263,0.615385,竞价额不足500万；竞价额未达到昨日1.5倍
B,600030.SH,中信证券,昨日下跌至少1%,-1.096408,26.45,26.16,26.28,0.458716,8186220.0,17894052.0,0.457483,0.002558,0.413793,竞价高开不足1%；竞价额未达到昨日1.5倍；未收复昨日回落的一半
B,600885.SH,宏发股份,昨日下跌至少1%,-1.421938,34.4,33.97,34.38,1.206947,1241118.0,2713200.0,0.457437,0.002333,0.953488,竞价额不足500万；竞价额未达到昨日1.5倍
B,600990.SH,四创电子,昨日下跌至少1%,-1.53593,18.35,17.95,17.98,0.167131,107880.0,236340.0,0.456461,0.00223,0.075,竞价高开不足1%；竞价额不足500万；竞价额未达到昨日1.5倍；未收复昨日回落的一半
B,003009.SZ,中天火箭,昨日下跌至少1%,-1.425577,47.99,47.02,47.49,0.999575,427410.0,941490.0,0.453972,0.005465,0.484536,竞价高开不足1%；竞价额不足500万；竞价额未达到昨日1.5倍；未收复昨日回落的一半
B,601808.SH,中海油服,昨日下跌至少1%,-2.739726,12.3,12.07,12.05,-0.1657,459105.0,1013502.0,0.452989,0.001287,-0.086957,竞价高开不足1%；竞价额不足500万；竞价额未达到昨日1.5倍；未收复昨日回落的一半
B,601991.SH,大唐发电,昨日下跌至少1%,-1.610018,5.58,5.5,5.51,0.181818,1610573.0,3555885.0,0.452932,0.002358,0.125,竞价高开不足1%；竞价额不足500万；竞价额未达到昨日1.5倍；未收复昨日回落的一半
B,000839.SZ,国安股份,昨日下跌至少1%,-1.798561,2.78,2.73,2.75,0.732601,1794375.0,3961704.0,0.45293,0.016646,0.4,竞价高开不足1%；竞价额不足500万；竞价额未达到昨日1.5倍；未收复昨日回落的一半
B,601225.SH,陕西煤业,昨日下跌至少1%,-1.050993,25.69,25.42,25.35,-0.275374,2349945.0,5197087.0,0.452166,0.000956,-0.259259,竞价高开不足1%；竞价额不足500万；竞价额未达到昨日1.5倍；未收复昨日回落的一半
B,605166.SH,聚合顺,昨日下跌至少1%,-1.089588,8.29,8.17,8.2,0.367197,92660.0,206322.0,0.449104,0.00359,0.25,竞价高开不足1%；竞价额不足500万；竞价额未达到昨日1.5倍；未收复昨日回落的一半
B,002072.SZ,凯瑞德,昨日下跌至少1%,-2.679831,7.08,6.9,6.99,1.304348,185934.0,414770.0,0.448282,0.007237,0.5,竞价额不足500万；竞价额未达到昨日1.5倍
B,000799.SZ,酒鬼酒,昨日下跌至少1%,-1.182796,37.15,36.76,36.91,0.408052,317426.0,709632.0,0.447311,0.002647,0.384615,竞价高开不足1%；竞价额不足500万；竞价额未达到昨日1.5倍；未收复昨日回落的一半
B,002805.SZ,丰元股份,昨日下跌至少1%,-1.467136,17.1,16.79,16.99,1.191185,248054.0,555178.0,0.446801,0.005236,0.645161,竞价额不足500万；竞价额未达到昨日1.5倍
B,002606.SZ,大连电瓷,昨日下跌至少1%,-1.272872,12.57,12.41,12.48,0.564061,229632.0,515000.0,0.445887,0.004367,0.4375,竞价高开不足1%；竞价额不足500万；竞价额未达到昨日1.5倍；未收复昨日回落的一半
B,600028.SH,中国石化,昨日下跌至少1%,-1.34357,5.2,5.14,5.13,-0.194553,2307987.0,5177028.0,0.445813,0.000475,-0.166667,竞价高开不足1%；竞价额不足500万；竞价额未达到昨日1.5倍；未收复昨日回落的一半
B,603082.SH,北自科技,昨日下跌至少1%；昨日冲高回落且收于日内下半区,-3.416384,55.0,51.17,51.67,0.977135,16787583.0,37757500.0,0.444616,0.801097,0.130548,竞价高开不足1%；竞价额未达到昨日1.5倍；未收复昨日回落的一半
B,603324.SH,盛剑科技,昨日下跌至少1%；昨日冲高回落且收于日内下半区,-1.132931,26.97,26.18,26.56,1.45149,212480.0,478021.0,0.444499,0.005484,0.481013,竞价额不足500万；竞价额未达到昨日1.5倍；未收复昨日回落的一半
B,600160.SH,巨化股份,昨日下跌至少1%；昨日冲高回落且收于日内下半区,-1.824818,36.05,34.97,35.19,0.629111,2044539.0,4599816.0,0.444483,0.002152,0.203704,竞价高开不足1%；竞价额不足500万；竞价额未达到昨日1.5倍；未收复昨日回落的一半
B,002578.SZ,闽发铝业,昨日下跌至少1%,-1.485149,4.04,3.98,4.03,1.256281,224874.0,508800.0,0.441969,0.00648,0.833333,竞价额不足500万；竞价额未达到昨日1.5倍
B,002300.SZ,太阳电缆,昨日下跌至少1%；昨日冲高回落且收于日内下半区,-5.966587,8.23,7.88,7.9,0.253807,9560580.0,21663829.0,0.441315,0.16755,0.057143,竞价高开不足1%；竞价额未达到昨日1.5倍；未收复昨日回落的一半
B,603232.SH,格尔软件,昨日下跌至少1%,-1.592568,15.25,14.83,14.84,0.067431,350224.0,793744.0,0.44123,0.010203,0.02381,竞价高开不足1%；竞价额不足500万；竞价额未达到昨日1.5倍；未收复昨日回落的一半
B,601123.SH,马矿股份,昨日下跌至少1%,-2.001213,16.49,16.16,16.19,0.185644,1504051.0,3411781.0,0.44084,0.096944,0.090909,竞价高开不足1%；竞价额不足500万；竞价额未达到昨日1.5倍；未收复昨日回落的一半
B,002554.SZ,惠博普,昨日下跌至少1%,-1.779359,2.81,2.76,2.77,0.362319,184759.0,419160.0,0.440784,0.005002,0.2,竞价高开不足1%；竞价额不足500万；竞价额未达到昨日1.5倍；未收复昨日回落的一半
B,600968.SH,海油发展,昨日下跌至少1%,-1.985112,4.0,3.95,3.95,0.0,318370.0,724000.0,0.439738,0.000793,0.0,竞价高开不足1%；竞价额不足500万；竞价额未达到昨日1.5倍；未收复昨日回落的一半
B,001229.SZ,魅视科技,昨日冲高回落且收于日内下半区,-0.574398,37.7,36.35,36.95,1.650619,982870.0,2238048.0,0.439164,0.036067,0.444444,竞价额不足500万；竞价额未达到昨日1.5倍；未收复昨日回落的一半
B,000065.SZ,北方国际,昨日下跌至少1%,-1.129363,9.75,9.63,9.65,0.207684,512415.0,1171260.0,0.43749,0.004986,0.166667,竞价高开不足1%；竞价额不足500万；竞价额未达到昨日1.5倍；未收复昨日回落的一半
B,000612.SZ,焦作万方,昨日下跌至少1%,-1.133391,11.66,11.34,11.45,0.970018,5283030.0,12089205.0,0.437004,0.038702,0.34375,竞价高开不足1%；竞价额未达到昨日1.5倍；未收复昨日回落的一半
B,000859.SZ,国风新材,昨日下跌至少1%,-3.955375,9.66,9.47,9.5,0.31679,3921600.0,8974500.0,0.436971,0.046076,0.157895,竞价高开不足1%；竞价额不足500万；竞价额未达到昨日1.5倍；未收复昨日回落的一半
B,000753.SZ,漳州发展,昨日下跌至少1%；昨日冲高回落且收于日内下半区,-6.0,5.39,5.17,5.1,-1.353965,3861210.0,8836690.0,0.436952,0.076361,-0.318182,竞价高开不足1%；竞价额不足500万；竞价额未达到昨日1.5倍；未收复昨日回落的一半
B,002846.SZ,英联股份,昨日下跌至少1%；昨日冲高回落且收于日内下半区,-6.117647,12.46,11.97,12.01,0.334169,11457540.0,26232108.0,0.436775,0.351521,0.081633,竞价高开不足1%；竞价额未达到昨日1.5倍；未收复昨日回落的一半
B,600246.SH,万通发展,昨日下跌至少1%,-2.47191,13.39,13.02,13.24,1.689708,3953464.0,9051980.0,0.436751,0.015795,0.594595,竞价额不足500万；竞价额未达到昨日1.5倍
B,603261.SH,立航科技,昨日下跌至少1%；昨日冲高回落且收于日内下半区,-4.385164,55.55,52.33,52.27,-0.114657,334528.0,767002.0,0.43615,0.008258,-0.018634,竞价高开不足1%；竞价额不足500万；竞价额未达到昨日1.5倍；未收复昨日回落的一半
B,002358.SZ,森源电气,昨日下跌至少1%,-1.498127,5.34,5.26,5.29,0.570342,73531.0,169278.0,0.43438,0.001495,0.375,竞价高开不足1%；竞价额不足500万；竞价额未达到昨日1.5倍；未收复昨日回落的一半
B,000032.SZ,深桑达A,昨日下跌至少1%,-1.775956,14.73,14.38,14.6,1.529903,1265820.0,2919412.0,0.433587,0.007135,0.628571,竞价额不足500万；竞价额未达到昨日1.5倍
B,002963.SZ,豪尔赛,昨日下跌至少1%；昨日冲高回落且收于日内下半区,-3.911154,21.04,19.9,20.31,2.060302,2301123.0,5319300.0,0.432599,0.075867,0.359649,竞价额不足500万；竞价额未达到昨日1.5倍；未收复昨日回落的一半
B,600711.SH,盛屯矿业,昨日下跌至少1%,-2.266546,11.02,10.78,10.96,1.669759,3838192.0,8874564.0,0.432494,0.011331,0.75,竞价额不足500万；竞价额未达到昨日1.5倍
B,600490.SH,鹏欣资源,昨日下跌至少1%；昨日冲高回落且收于日内下半区,-3.527815,7.41,7.11,7.19,1.125176,1246746.0,2882770.0,0.432482,0.008702,0.266667,竞价额不足500万；竞价额未达到昨日1.5倍；未收复昨日回落的一半
B,601020.SH,华钰矿业,昨日下跌至少1%,-2.200825,21.95,21.33,21.78,2.109705,1794672.0,4183488.0,0.428989,0.010049,0.725806,竞价额不足500万；竞价额未达到昨日1.5倍
B,002491.SZ,通鼎互联,昨日下跌至少1%；昨日冲高回落且收于日内下半区,-3.190184,24.85,23.67,24.05,1.605408,67352025.0,157391712.0,0.427926,0.238043,0.322034,竞价额未达到昨日1.5倍；未收复昨日回落的一半
B,603803.SH,瑞斯康达,昨日下跌至少1%；昨日冲高回落且收于日内下半区,-1.117799,11.94,11.5,11.57,0.608696,650234.0,1520760.0,0.427572,0.013227,0.159091,竞价高开不足1%；竞价额不足500万；竞价额未达到昨日1.5倍；未收复昨日回落的一半
B,600982.SH,宁波能源,昨日下跌至少1%,-1.923077,5.16,5.1,5.1,0.0,659430.0,1552338.0,0.424798,0.011569,0.0,竞价高开不足1%；竞价额不足500万；竞价额未达到昨日1.5倍；未收复昨日回落的一半
B,600468.SH,百利电气,昨日下跌至少1%,-3.26087,6.41,6.23,6.25,0.321027,516250.0,1217304.0,0.424093,0.007594,0.111111,竞价高开不足1%；竞价额不足500万；竞价额未达到昨日1.5倍；未收复昨日回落的一半
B,002328.SZ,新朋股份,昨日下跌至少1%,-1.468788,8.21,8.05,8.14,1.118012,1458688.0,3439800.0,0.424062,0.031401,0.5625,竞价额不足500万；竞价额未达到昨日1.5倍
B,603031.SH,安孚科技,昨日下跌至少1%；昨日冲高回落且收于日内下半区,-2.903226,43.61,42.14,42.75,1.447556,598500.0,1412964.0,0.423578,0.004275,0.414966,竞价额不足500万；竞价额未达到昨日1.5倍；未收复昨日回落的一半
B,605069.SH,正和生态,昨日下跌至少1%,-1.740506,12.56,12.42,12.28,-1.127214,1446584.0,3415712.0,0.423509,0.055645,-1.0,竞价高开不足1%；竞价额不足500万；竞价额未达到昨日1.5倍；未收复昨日回落的一半
B,603444.SH,吉比特,昨日下跌至少1%,-3.155173,361.49,352.06,352.05,-0.00284,3203655.0,7630940.0,0.419824,0.012632,-0.00106,竞价高开不足1%；竞价额不足500万；竞价额未达到昨日1.5倍；未收复昨日回落的一半
B,600577.SH,精达股份,昨日下跌至少1%,-1.856436,8.12,7.93,7.98,0.630517,790020.0,1886115.0,0.418861,0.004436,0.263158,竞价高开不足1%；竞价额不足500万；竞价额未达到昨日1.5倍；未收复昨日回落的一半
B,001389.SZ,广合科技,昨日下跌至少1%；昨日冲高回落且收于日内下半区,-2.50058,175.9,168.05,171.0,1.75543,3060900.0,7354290.0,0.416206,0.011748,0.375796,竞价额不足500万；竞价额未达到昨日1.5倍；未收复昨日回落的一半
B,601066.SH,中信建投,昨日下跌至少1%,-1.570458,23.58,23.19,23.36,0.733075,647072.0,1563453.0,0.413874,0.000426,0.435897,竞价高开不足1%；竞价额不足500万；竞价额未达到昨日1.5倍；未收复昨日回落的一半
B,600409.SH,三友化工,昨日下跌至少1%,-1.5625,6.45,6.3,6.27,-0.47619,170544.0,412115.0,0.413826,0.001318,-0.2,竞价高开不足1%；竞价额不足500万；竞价额未达到昨日1.5倍；未收复昨日回落的一半
B,600995.SH,南网储能,昨日下跌至少1%,-1.775626,12.35,12.17,12.17,0.0,153342.0,370832.0,0.413508,0.000394,0.0,竞价高开不足1%；竞价额不足500万；竞价额未达到昨日1.5倍；未收复昨日回落的一半
B,603697.SH,有友食品,昨日下跌至少1%,-2.588997,9.27,9.03,9.05,0.221484,141180.0,341868.0,0.412966,0.003647,0.083333,竞价高开不足1%；竞价额不足500万；竞价额未达到昨日1.5倍；未收复昨日回落的一半
B,603023.SH,威帝股份,昨日下跌至少1%,-3.99061,4.15,4.09,4.13,0.977995,1407917.0,3425140.0,0.411054,0.06108,0.666667,竞价高开不足1%；竞价额不足500万；竞价额未达到昨日1.5倍
B,002741.SZ,光华科技,昨日下跌至少1%；昨日冲高回落且收于日内下半区,-2.643857,26.23,25.04,25.45,1.63738,3321225.0,8216334.0,0.404222,0.030347,0.344538,竞价额不足500万；竞价额未达到昨日1.5倍；未收复昨日回落的一半
B,000415.SZ,渤海租赁,昨日下跌至少1%,-2.013423,4.47,4.38,4.38,0.0,768252.0,1902636.0,0.403783,0.003252,0.0,竞价高开不足1%；竞价额不足500万；竞价额未达到昨日1.5倍；未收复昨日回落的一半
B,603160.SH,汇顶科技,昨日下跌至少1%,-1.806331,54.0,52.73,53.28,1.043049,618048.0,1531145.0,0.403651,0.002489,0.433071,竞价额不足500万；竞价额未达到昨日1.5倍；未收复昨日回落的一半
B,603318.SH,水发燃气,昨日下跌至少1%；昨日冲高回落且收于日内下半区,-6.073298,9.26,8.97,8.81,-1.783724,4794402.0,11889840.0,0.403235,0.118544,-0.551724,竞价高开不足1%；竞价额不足500万；竞价额未达到昨日1.5倍；未收复昨日回落的一半
B,000720.SZ,新能泰山,昨日下跌至少1%；昨日冲高回落且收于日内下半区,-4.556355,4.15,3.98,4.01,0.753769,4955157.0,12293775.0,0.403062,0.098342,0.176471,竞价高开不足1%；竞价额不足500万；竞价额未达到昨日1.5倍；未收复昨日回落的一半
B,002203.SZ,海亮股份,昨日下跌至少1%；昨日冲高回落且收于日内下半区,-1.072961,19.08,18.44,18.69,1.355748,1052247.0,2611104.0,0.402989,0.002502,0.390625,竞价额不足500万；竞价额未达到昨日1.5倍；未收复昨日回落的一半
B,600877.SH,电科芯片,昨日下跌至少1%,-2.143446,12.2,11.87,12.04,1.432182,490028.0,1217050.0,0.402636,0.003437,0.515152,竞价额不足500万；竞价额未达到昨日1.5倍
B,600821.SH,金开新能,昨日下跌至少1%,-2.715655,6.21,6.09,6.08,-0.164204,807424.0,2005830.0,0.402539,0.00675,-0.083333,竞价高开不足1%；竞价额不足500万；竞价额未达到昨日1.5倍；未收复昨日回落的一半
B,002430.SZ,杭氧股份,昨日下跌至少1%,-1.673152,25.84,25.27,25.41,0.554017,424347.0,1058665.0,0.400832,0.001708,0.245614,竞价高开不足1%；竞价额不足500万；竞价额未达到昨日1.5倍；未收复昨日回落的一半
B,603373.SH,安邦护卫,昨日下跌至少1%；昨日冲高回落且收于日内下半区,-3.200963,41.74,40.22,40.68,1.14371,142380.0,355524.0,0.400479,0.005503,0.302632,竞价额不足500万；竞价额未达到昨日1.5倍；未收复昨日回落的一半
B,002957.SZ,科瑞技术,昨日下跌至少1%,-1.922626,43.0,41.83,42.66,1.984222,5392224.0,13529844.0,0.398543,0.030177,0.709402,竞价额未达到昨日1.5倍
B,001399.SZ,惠科股份,昨日下跌至少1%,-1.542777,21.63,21.06,21.23,0.807217,1526437.0,3845236.0,0.396968,0.016699,0.298246,竞价高开不足1%；竞价额不足500万；竞价额未达到昨日1.5倍；未收复昨日回落的一半
B,600871.SH,石化油服,昨日下跌至少1%,-2.690583,2.22,2.17,2.16,-0.460829,1697976.0,4289831.0,0.395814,0.005803,-0.2,竞价高开不足1%；竞价额不足500万；竞价额未达到昨日1.5倍；未收复昨日回落的一半
B,603011.SH,合锻智能,昨日下跌至少1%；昨日冲高回落且收于日内下半区,-2.892416,28.5,27.53,28.01,1.743552,5414333.0,13823600.0,0.391673,0.039097,0.494845,竞价额未达到昨日1.5倍；未收复昨日回落的一半
B,000728.SZ,国元证券,昨日下跌至少1%,-1.06383,7.54,7.44,7.47,0.403226,374994.0,968250.0,0.38729,0.00115,0.3,竞价高开不足1%；竞价额不足500万；竞价额未达到昨日1.5倍；未收复昨日回落的一半
B,600775.SH,南京熊猫,昨日下跌至少1%,-2.162719,9.74,9.5,9.57,0.736842,108141.0,279560.0,0.386826,0.001682,0.291667,竞价高开不足1%；竞价额不足500万；竞价额未达到昨日1.5倍；未收复昨日回落的一半
B,601106.SH,中国一重,昨日下跌至少1%,-1.973684,3.04,2.98,2.99,0.33557,246077.0,639027.0,0.385081,0.0012,0.166667,竞价高开不足1%；竞价额不足500万；竞价额未达到昨日1.5倍；未收复昨日回落的一半
B,002515.SZ,金字火腿,昨日冲高回落且收于日内下半区,-0.796813,7.74,7.47,7.65,2.409639,914940.0,2388168.0,0.383114,0.010854,0.666667,竞价额不足500万；竞价额未达到昨日1.5倍
B,000691.SZ,亚太实业,昨日下跌至少1%,-1.495726,9.43,9.22,9.27,0.542299,56547.0,147888.0,0.382364,0.001887,0.238095,竞价高开不足1%；竞价额不足500万；竞价额未达到昨日1.5倍；未收复昨日回落的一半
B,002563.SZ,森马服饰,昨日下跌至少1%；昨日冲高回落且收于日内下半区,-2.707581,5.58,5.39,5.4,0.185529,99900.0,262675.0,0.380318,0.000836,0.052632,竞价高开不足1%；竞价额不足500万；竞价额未达到昨日1.5倍；未收复昨日回落的一半
B,600226.SH,亨通股份,昨日下跌至少1%；昨日冲高回落且收于日内下半区,-2.302632,6.14,5.94,6.0,1.010101,892800.0,2361044.0,0.378138,0.005003,0.3,竞价额不足500万；竞价额未达到昨日1.5倍；未收复昨日回落的一半
B,603328.SH,依顿电子,昨日下跌至少1%；昨日冲高回落且收于日内下半区,-5.660377,14.31,13.5,13.45,-0.37037,8874310.0,23505564.0,0.377541,0.066083,-0.061728,竞价高开不足1%；竞价额未达到昨日1.5倍；未收复昨日回落的一半
B,605507.SH,国邦医药,昨日下跌至少1%；昨日冲高回落且收于日内下半区,-2.59009,17.88,17.3,17.4,0.578035,1867020.0,4953630.0,0.376899,0.013715,0.172414,竞价高开不足1%；竞价额不足500万；竞价额未达到昨日1.5倍；未收复昨日回落的一半
B,603105.SH,芯能科技,昨日下跌至少1%,-2.586207,8.06,7.91,7.87,-0.505689,919216.0,2444598.0,0.376019,0.023359,-0.266667,竞价高开不足1%；竞价额不足500万；竞价额未达到昨日1.5倍；未收复昨日回落的一半
B,000592.SZ,平潭发展,昨日下跌至少1%；昨日冲高回落且收于日内下半区,-3.903559,8.68,8.37,8.29,-0.955795,27719273.0,73777450.0,0.375715,0.174597,-0.258065,竞价高开不足1%；竞价额未达到昨日1.5倍；未收复昨日回落的一半
B,600206.SH,有研新材,昨日下跌至少1%；昨日冲高回落且收于日内下半区,-2.091807,54.25,50.55,51.66,2.195846,53173638.0,142161900.0,0.374036,0.121587,0.3,竞价额未达到昨日1.5倍；未收复昨日回落的一半
B,002167.SZ,东方锆业,昨日下跌至少1%；昨日冲高回落且收于日内下半区,-3.243574,16.3,15.81,16.12,1.960784,4420104.0,11825232.0,0.373786,0.035975,0.632653,竞价额不足500万；竞价额未达到昨日1.5倍
B,603062.SH,麦加芯彩,昨日下跌至少1%,-1.415736,37.17,36.21,36.19,-0.055233,43428.0,116544.0,0.372632,0.003237,-0.020833,竞价高开不足1%；竞价额不足500万；竞价额未达到昨日1.5倍；未收复昨日回落的一半
B,600103.SH,青山纸业,昨日下跌至少1%；昨日冲高回落且收于日内下半区,-3.794038,3.74,3.55,3.57,0.56338,6930798.0,18620338.0,0.372217,0.087754,0.105263,竞价高开不足1%；竞价额未达到昨日1.5倍；未收复昨日回落的一半
B,600961.SH,株冶集团,昨日下跌至少1%；昨日冲高回落且收于日内下半区,-4.541925,25.69,24.59,25.03,1.789345,3917195.0,10639890.0,0.368161,0.014587,0.4,竞价额不足500万；竞价额未达到昨日1.5倍；未收复昨日回落的一半
B,600105.SH,永鼎股份,昨日冲高回落且收于日内下半区,-0.176913,46.99,45.14,46.18,2.303943,76243180.0,208333280.0,0.365967,0.112928,0.562162,竞价额未达到昨日1.5倍
B,601099.SH,太平洋,昨日下跌至少1%,-1.162791,3.45,3.4,3.41,0.294118,1274999.0,3485322.0,0.36582,0.005485,0.2,竞价高开不足1%；竞价额不足500万；竞价额未达到昨日1.5倍；未收复昨日回落的一半
B,603407.SH,长裕集团,昨日下跌至少1%；昨日冲高回落且收于日内下半区,-2.919834,58.0,56.19,57.0,1.441538,2342700.0,6491940.0,0.360863,0.114446,0.447514,竞价额不足500万；竞价额未达到昨日1.5倍；未收复昨日回落的一半
B,002194.SZ,武汉凡谷,昨日下跌至少1%；昨日冲高回落且收于日内下半区,-3.231598,11.12,10.78,10.89,1.020408,2140974.0,5944796.0,0.360143,0.038201,0.323529,竞价额不足500万；竞价额未达到昨日1.5倍；未收复昨日回落的一半
B,600425.SH,青松建化,昨日下跌至少1%,-1.098901,3.62,3.6,3.61,0.277778,115520.0,320929.0,0.359955,0.001994,0.5,竞价高开不足1%；竞价额不足500万；竞价额未达到昨日1.5倍
B,002141.SZ,贤丰控股,昨日下跌至少1%；昨日冲高回落且收于日内下半区,-2.690583,6.8,6.51,6.61,1.536098,2679694.0,7445880.0,0.359889,0.039247,0.344828,竞价额不足500万；竞价额未达到昨日1.5倍；未收复昨日回落的一半
B,600151.SH,航天机电,昨日下跌至少1%；昨日冲高回落且收于日内下半区,-2.661208,9.83,9.51,9.59,0.84122,452648.0,1258090.0,0.35979,0.003291,0.25,竞价高开不足1%；竞价额不足500万；竞价额未达到昨日1.5倍；未收复昨日回落的一半
B,000722.SZ,湖南发展,昨日下跌至少1%,-2.097902,14.13,14.0,14.0,0.0,2293200.0,6378004.0,0.359548,0.03529,0.0,竞价高开不足1%；竞价额不足500万；竞价额未达到昨日1.5倍；未收复昨日回落的一半
B,000531.SZ,穗恒运A,昨日下跌至少1%,-2.256944,5.75,5.63,5.62,-0.17762,72498.0,201696.0,0.359442,0.001418,-0.083333,竞价高开不足1%；竞价额不足500万；竞价额未达到昨日1.5倍；未收复昨日回落的一半
B,603776.SH,永安行,昨日下跌至少1%,-1.068702,19.63,19.44,19.58,0.720165,39160.0,109256.0,0.358424,0.000712,0.736842,竞价高开不足1%；竞价额不足500万；竞价额未达到昨日1.5倍
B,002442.SZ,龙星科技,昨日冲高回落且收于日内下半区,1.056338,6.09,5.74,5.51,-4.006969,9220434.0,25757602.0,0.357969,0.34046,-0.657143,竞价高开不足1%；竞价额未达到昨日1.5倍；未收复昨日回落的一半
B,603169.SH,兰石重装,昨日下跌至少1%；昨日冲高回落且收于日内下半区,-2.698413,6.33,6.13,6.16,0.489396,84392.0,236002.0,0.35759,0.001049,0.15,竞价高开不足1%；竞价额不足500万；竞价额未达到昨日1.5倍；未收复昨日回落的一半
B,600773.SH,西藏城投,昨日下跌至少1%,-1.283317,10.23,10.0,10.04,0.4,359432.0,1006000.0,0.357288,0.003762,0.173913,竞价高开不足1%；竞价额不足500万；竞价额未达到昨日1.5倍；未收复昨日回落的一半
B,600089.SH,特变电工,昨日下跌至少1%,-1.15894,18.16,17.91,17.98,0.390843,1887900.0,5310277.0,0.355518,0.002078,0.28,竞价高开不足1%；竞价额不足500万；竞价额未达到昨日1.5倍；未收复昨日回落的一半
B,603737.SH,三棵树,昨日下跌至少1%,-1.082145,20.47,20.11,20.15,0.198906,261950.0,737100.0,0.355379,0.001468,0.111111,竞价高开不足1%；竞价额不足500万；竞价额未达到昨日1.5倍；未收复昨日回落的一半
B,002985.SZ,北摩高科,昨日下跌至少1%,-2.064792,28.18,27.51,27.6,0.327154,129720.0,367848.0,0.352646,0.00142,0.134328,竞价高开不足1%；竞价额不足500万；竞价额未达到昨日1.5倍；未收复昨日回落的一半
B,603659.SH,璞泰来,昨日下跌至少1%,-1.160714,22.6,22.14,22.3,0.722674,996810.0,2838143.0,0.351219,0.002085,0.347826,竞价高开不足1%；竞价额不足500万；竞价额未达到昨日1.5倍；未收复昨日回落的一半
B,600390.SH,五矿资本,昨日下跌至少1%,-1.226994,4.89,4.83,4.85,0.414079,406430.0,1159110.0,0.35064,0.001863,0.333333,竞价高开不足1%；竞价额不足500万；竞价额未达到昨日1.5倍；未收复昨日回落的一半
B,002081.SZ,金螳螂,昨日下跌至少1%,-1.234568,4.89,4.8,4.84,0.833333,2768480.0,7927450.0,0.349227,0.021564,0.444444,竞价高开不足1%；竞价额不足500万；竞价额未达到昨日1.5倍；未收复昨日回落的一半
B,002945.SZ,华林证券,昨日下跌至少1%,-1.212553,14.03,13.85,13.89,0.288809,555600.0,1620515.0,0.342854,0.001481,0.222222,竞价高开不足1%；竞价额不足500万；竞价额未达到昨日1.5倍；未收复昨日回落的一半
B,600808.SH,马钢股份,昨日下跌至少1%,-1.55642,2.55,2.53,2.53,0.0,284625.0,831045.0,0.34249,0.001885,0.0,竞价高开不足1%；竞价额不足500万；竞价额未达到昨日1.5倍；未收复昨日回落的一半
B,603131.SH,上海沪工,昨日下跌至少1%；昨日冲高回落且收于日内下半区,-2.246377,13.95,13.49,13.55,0.444774,159890.0,468538.0,0.341253,0.003502,0.130435,竞价高开不足1%；竞价额不足500万；竞价额未达到昨日1.5倍；未收复昨日回落的一半
B,002899.SZ,英派斯,昨日下跌至少1%,-2.159719,19.99,19.48,19.54,0.308008,168044.0,494750.0,0.339654,0.005819,0.117647,竞价高开不足1%；竞价额不足500万；竞价额未达到昨日1.5倍；未收复昨日回落的一半
B,000037.SZ,深南电A,昨日下跌至少1%；昨日冲高回落且收于日内下半区,-4.187947,9.7,9.38,9.38,0.0,637840.0,1882770.0,0.338777,0.020064,0.0,竞价高开不足1%；竞价额不足500万；竞价额未达到昨日1.5倍；未收复昨日回落的一半
B,002232.SZ,启明信息,昨日下跌至少1%,-2.00627,15.83,15.63,15.47,-1.023672,4376463.0,12918591.0,0.338772,0.069245,-0.8,竞价高开不足1%；竞价额不足500万；竞价额未达到昨日1.5倍；未收复昨日回落的一半
B,002733.SZ,雄韬股份,昨日下跌至少1%；昨日冲高回落且收于日内下半区,-1.766004,18.42,17.8,18.05,1.404494,723805.0,2148960.0,0.336816,0.010871,0.403226,竞价额不足500万；竞价额未达到昨日1.5倍；未收复昨日回落的一半
B,000968.SZ,蓝焰控股,昨日下跌至少1%,-1.851852,6.94,6.89,6.83,-0.870827,804574.0,2394964.0,0.335944,0.012176,-1.2,竞价高开不足1%；竞价额不足500万；竞价额未达到昨日1.5倍；未收复昨日回落的一半
B,002005.SZ,德豪润达,昨日下跌至少1%,-1.626016,2.48,2.42,2.45,1.239669,44345.0,132055.0,0.335807,0.001033,0.5,竞价额不足500万；竞价额未达到昨日1.5倍
B,603071.SH,物产环能,昨日下跌至少1%,-1.364366,12.43,12.29,12.23,-0.488202,77049.0,229896.0,0.335147,0.001129,-0.428571,竞价高开不足1%；竞价额不足500万；竞价额未达到昨日1.5倍；未收复昨日回落的一半
B,600259.SH,中稀有色,昨日下跌至少1%；昨日冲高回落且收于日内下半区,-3.329312,84.45,80.14,81.2,1.322685,1875720.0,5597760.0,0.335084,0.006866,0.24594,竞价额不足500万；竞价额未达到昨日1.5倍；未收复昨日回落的一半
B,600299.SH,安迪苏,昨日下跌至少1%,-1.20048,8.33,8.23,8.25,0.243013,389400.0,1162258.0,0.335037,0.001533,0.2,竞价高开不足1%；竞价额不足500万；竞价额未达到昨日1.5倍；未收复昨日回落的一半
B,002174.SZ,游族网络,昨日下跌至少1%；昨日冲高回落且收于日内下半区,-2.206897,14.85,14.18,14.31,0.916784,3420090.0,10252275.0,0.333593,0.024406,0.19403,竞价高开不足1%；竞价额不足500万；竞价额未达到昨日1.5倍；未收复昨日回落的一半
B,603065.SH,宿迁联盛,昨日下跌至少1%；昨日冲高回落且收于日内下半区,-3.125,14.67,13.95,14.01,0.430108,1606947.0,4820775.0,0.333338,0.027377,0.083333,竞价高开不足1%；竞价额不足500万；竞价额未达到昨日1.5倍；未收复昨日回落的一半
B,600643.SH,爱建集团,昨日下跌至少1%,-1.246883,4.0,3.96,3.97,0.252525,101235.0,305293.0,0.331599,0.001603,0.25,竞价高开不足1%；竞价额不足500万；竞价额未达到昨日1.5倍；未收复昨日回落的一半
B,000506.SZ,招金黄金,昨日下跌至少1%；昨日冲高回落且收于日内下半区,-5.61511,19.38,18.49,18.89,2.163332,11084652.0,33778200.0,0.32816,0.063185,0.449438,竞价额未达到昨日1.5倍；未收复昨日回落的一半
B,000537.SZ,绿发电力,昨日下跌至少1%,-2.894737,7.58,7.38,7.4,0.271003,243460.0,744356.0,0.327075,0.0016,0.1,竞价高开不足1%；竞价额不足500万；竞价额未达到昨日1.5倍；未收复昨日回落的一半
B,601061.SH,中信金属,昨日下跌至少1%,-1.938326,11.45,11.13,11.32,1.707098,989368.0,3049120.0,0.324477,0.001784,0.59375,竞价额不足500万；竞价额未达到昨日1.5倍
B,003029.SZ,吉大正元,昨日冲高回落且收于日内下半区,-0.573723,18.0,17.33,17.51,1.038661,421991.0,1307660.0,0.322707,0.013726,0.268657,竞价额不足500万；竞价额未达到昨日1.5倍；未收复昨日回落的一半
B,002961.SZ,瑞达期货,昨日下跌至少1%,-1.239866,21.3,20.71,20.93,1.062289,3869957.0,12005448.0,0.32235,0.038769,0.372881,竞价额不足500万；竞价额未达到昨日1.5倍；未收复昨日回落的一半
B,000978.SZ,桂林旅游,昨日下跌至少1%；昨日冲高回落且收于日内下半区,-9.328783,8.66,7.97,7.52,-5.646173,34049808.0,105696924.0,0.322146,0.967249,-0.652174,竞价高开不足1%；竞价额未达到昨日1.5倍；未收复昨日回落的一半
B,603072.SH,天和磁材,昨日下跌至少1%,-1.590457,30.33,29.7,29.7,0.0,65340.0,203592.0,0.320936,0.001743,0.0,竞价高开不足1%；竞价额不足500万；竞价额未达到昨日1.5倍；未收复昨日回落的一半
B,600579.SH,中化装备,昨日下跌至少1%,-1.529903,7.14,7.08,7.08,0.0,186912.0,585976.0,0.318976,0.005348,0.0,竞价高开不足1%；竞价额不足500万；竞价额未达到昨日1.5倍；未收复昨日回落的一半
B,001382.SZ,新亚电缆,昨日下跌至少1%,-1.82704,16.42,16.12,16.18,0.372208,69574.0,219645.0,0.316757,0.006825,0.2,竞价高开不足1%；竞价额不足500万；竞价额未达到昨日1.5倍；未收复昨日回落的一半
B,603713.SH,密尔克卫,昨日下跌至少1%；昨日冲高回落且收于日内下半区,-3.37386,66.33,63.58,63.62,0.062913,82706.0,263120.0,0.314328,0.000747,0.014545,竞价高开不足1%；竞价额不足500万；竞价额未达到昨日1.5倍；未收复昨日回落的一半
B,600363.SH,联创光电,昨日下跌至少1%,-1.552393,15.52,15.22,15.38,1.051248,1959412.0,6264856.0,0.312762,0.028255,0.533333,竞价额不足500万；竞价额未达到昨日1.5倍
B,002806.SZ,华锋股份,昨日下跌至少1%；昨日冲高回落且收于日内下半区,-5.121639,15.3,14.82,15.0,1.214575,2031000.0,6502705.0,0.312332,0.081199,0.375,竞价额不足500万；竞价额未达到昨日1.5倍；未收复昨日回落的一半
B,600330.SH,天通股份,昨日下跌至少1%；昨日冲高回落且收于日内下半区,-3.857374,30.95,29.66,30.31,2.191504,16124920.0,52030440.0,0.309913,0.043132,0.503876,竞价额未达到昨日1.5倍
B,000539.SZ,粤电力A,昨日下跌至少1%,-3.201507,5.29,5.14,5.14,0.0,389098.0,1258476.0,0.309182,0.002962,0.0,竞价高开不足1%；竞价额不足500万；竞价额未达到昨日1.5倍；未收复昨日回落的一半
B,601208.SH,东材科技,昨日下跌至少1%；昨日冲高回落且收于日内下半区,-3.700976,55.5,52.3,53.4,2.10325,30918600.0,100468069.0,0.307746,0.057316,0.34375,竞价额未达到昨日1.5倍；未收复昨日回落的一半
B,603052.SH,可川科技,昨日下跌至少1%；昨日冲高回落且收于日内下半区,-1.593625,61.77,59.28,59.99,1.197706,3911348.0,12766930.0,0.306366,0.0347,0.285141,竞价额不足500万；竞价额未达到昨日1.5倍；未收复昨日回落的一半
B,000987.SZ,越秀资本,昨日下跌至少1%,-1.227831,7.33,7.24,7.26,0.276243,214896.0,702756.0,0.30579,0.000591,0.222222,竞价高开不足1%；竞价额不足500万；竞价额未达到昨日1.5倍；未收复昨日回落的一半
B,000899.SZ,赣能股份,昨日下跌至少1%,-2.92887,9.53,9.28,9.3,0.215517,301320.0,996744.0,0.302304,0.003321,0.08,竞价高开不足1%；竞价额不足500万；竞价额未达到昨日1.5倍；未收复昨日回落的一半
B,002617.SZ,露笑科技,昨日下跌至少1%；昨日冲高回落且收于日内下半区,-1.709402,7.21,6.9,6.96,0.869565,17393040.0,57958936.0,0.300092,0.133094,0.193548,竞价高开不足1%；竞价额未达到昨日1.5倍；未收复昨日回落的一半
A,601218.SH,吉鑫科技,昨日开板4次；昨日最后封板14:56:03,9.961686,5.74,5.74,5.4,-5.923345,26219700.0,88266708.0,0.297051,0.501066,,竞价高开不足1%；竞价额未达到昨日1.5倍
B,002780.SZ,三夫户外,昨日下跌至少1%,-4.985755,13.61,13.34,13.34,0.0,1674170.0,5658960.0,0.295844,0.094649,0.0,竞价高开不足1%；竞价额不足500万；竞价额未达到昨日1.5倍；未收复昨日回落的一半
B,601901.SH,方正证券,昨日下跌至少1%,-1.171303,6.83,6.75,6.77,0.296296,786674.0,2662506.0,0.295464,0.001412,0.25,竞价高开不足1%；竞价额不足500万；竞价额未达到昨日1.5倍；未收复昨日回落的一半
B,601211.SH,国泰海通,昨日下跌至少1%,-1.028571,17.55,17.32,17.36,0.230947,1024240.0,3514800.0,0.291408,0.000439,0.173913,竞价高开不足1%；竞价额不足500万；竞价额未达到昨日1.5倍；未收复昨日回落的一半
B,000586.SZ,汇源通信,昨日下跌至少1%；昨日冲高回落且收于日内下半区,-2.661064,14.4,13.9,14.12,1.582734,417952.0,1444320.0,0.289376,0.015482,0.44,竞价额不足500万；竞价额未达到昨日1.5倍；未收复昨日回落的一半
B,600617.SH,国新能源,昨日下跌至少1%,-1.801802,3.36,3.27,3.26,-0.30581,476612.0,1647530.0,0.289289,0.008234,-0.111111,竞价高开不足1%；竞价额不足500万；竞价额未达到昨日1.5倍；未收复昨日回落的一半
B,000563.SZ,陕国投A,昨日下跌至少1%,-1.010101,2.97,2.94,2.94,0.0,78792.0,272616.0,0.289022,0.000524,0.0,竞价高开不足1%；竞价额不足500万；竞价额未达到昨日1.5倍；未收复昨日回落的一半
B,603370.SH,华新精科,昨日下跌至少1%,-1.563636,27.59,27.07,27.26,0.701884,57246.0,198648.0,0.288178,0.002487,0.365385,竞价高开不足1%；竞价额不足500万；竞价额未达到昨日1.5倍；未收复昨日回落的一半
B,600616.SH,金枫酒业,昨日下跌至少1%,-4.303279,4.79,4.67,4.7,0.642398,4925600.0,17098477.0,0.288072,0.156651,0.25,竞价高开不足1%；竞价额不足500万；竞价额未达到昨日1.5倍；未收复昨日回落的一半
B,603678.SH,火炬电子,昨日下跌至少1%；昨日冲高回落且收于日内下半区,-1.999216,51.68,50.0,50.7,1.4,2910180.0,10158000.0,0.286491,0.01207,0.416667,竞价额不足500万；竞价额未达到昨日1.5倍；未收复昨日回落的一半
B,000962.SZ,东方钽业,昨日下跌至少1%；昨日冲高回落且收于日内下半区,-2.227096,59.95,57.95,58.7,1.294219,3756800.0,13243040.0,0.283681,0.012723,0.375,竞价额不足500万；竞价额未达到昨日1.5倍；未收复昨日回落的一半
B,002361.SZ,神剑股份,昨日下跌至少1%；昨日冲高回落且收于日内下半区,-2.804642,10.42,10.05,10.1,0.497512,1573580.0,5621400.0,0.279927,0.018448,0.135135,竞价高开不足1%；竞价额不足500万；竞价额未达到昨日1.5倍；未收复昨日回落的一半
B,600787.SH,中储股份,昨日下跌至少1%,-1.082251,4.64,4.57,4.57,0.0,94599.0,345920.0,0.273471,0.000954,0.0,竞价高开不足1%；竞价额不足500万；竞价额未达到昨日1.5倍；未收复昨日回落的一半
B,002221.SZ,东华能源,昨日下跌至少1%,-1.25,5.58,5.53,5.5,-0.542495,255200.0,934620.0,0.273052,0.003176,-0.6,竞价高开不足1%；竞价额不足500万；竞价额未达到昨日1.5倍；未收复昨日回落的一半
B,605258.SH,协和电子,昨日下跌至少1%；昨日冲高回落且收于日内下半区,-4.885496,39.6,37.38,37.66,0.749064,1611848.0,5914524.0,0.272524,0.048636,0.126126,竞价高开不足1%；竞价额不足500万；竞价额未达到昨日1.5倍；未收复昨日回落的一半
B,002161.SZ,远望谷,昨日下跌至少1%；昨日冲高回落且收于日内下半区,-8.089261,7.17,6.59,6.65,0.91047,4350430.0,16221370.0,0.268191,0.088452,0.103448,竞价高开不足1%；竞价额不足500万；竞价额未达到昨日1.5倍；未收复昨日回落的一半
B,600032.SH,浙江新能,昨日下跌至少1%,-2.21914,7.21,7.05,7.03,-0.283688,615125.0,2352060.0,0.261526,0.003639,-0.125,竞价高开不足1%；竞价额不足500万；竞价额未达到昨日1.5倍；未收复昨日回落的一半
B,002074.SZ,国轩高科,昨日下跌至少1%,-1.109411,26.1,25.85,26.06,0.812379,2423580.0,9282840.0,0.261082,0.005355,0.84,竞价高开不足1%；竞价额不足500万；竞价额未达到昨日1.5倍
B,600506.SH,统一股份,昨日下跌至少1%,-3.565167,16.81,16.5,16.4,-0.606061,1753160.0,6885674.0,0.25461,0.042824,-0.322581,竞价高开不足1%；竞价额不足500万；竞价额未达到昨日1.5倍；未收复昨日回落的一半
B,002498.SZ,汉缆股份,昨日下跌至少1%；昨日冲高回落且收于日内下半区,-3.776435,6.6,6.37,6.39,0.313972,1022400.0,4020884.0,0.254272,0.004809,0.086957,竞价高开不足1%；竞价额不足500万；竞价额未达到昨日1.5倍；未收复昨日回落的一半
B,603217.SH,元利科技,昨日下跌至少1%；昨日冲高回落且收于日内下半区,-2.648533,28.39,27.2,27.55,1.286765,71630.0,283560.0,0.25261,0.001249,0.294118,竞价额不足500万；竞价额未达到昨日1.5倍；未收复昨日回落的一半
B,002093.SZ,国脉科技,昨日下跌至少1%；昨日冲高回落且收于日内下半区,-4.241645,7.7,7.45,7.4,-0.671141,2635140.0,10489929.0,0.251207,0.035345,-0.2,竞价高开不足1%；竞价额不足500万；竞价额未达到昨日1.5倍；未收复昨日回落的一半
B,000877.SZ,天山股份,昨日下跌至少1%,-1.081081,3.7,3.66,3.66,0.0,14640.0,59778.0,0.244906,5.6e-05,0.0,竞价高开不足1%；竞价额不足500万；竞价额未达到昨日1.5倍；未收复昨日回落的一半
B,603663.SH,三祥新材,昨日下跌至少1%；昨日冲高回落且收于日内下半区,-2.742475,45.02,43.62,44.2,1.329665,2939300.0,12015000.0,0.244636,0.011211,0.414286,竞价额不足500万；竞价额未达到昨日1.5倍；未收复昨日回落的一半
B,001211.SZ,双枪科技,昨日下跌至少1%；昨日冲高回落且收于日内下半区,-2.888981,25.14,23.53,23.6,0.297493,691480.0,2826768.0,0.244619,0.031391,0.043478,竞价高开不足1%；竞价额不足500万；竞价额未达到昨日1.5倍；未收复昨日回落的一半
B,000561.SZ,烽火电子,昨日下跌至少1%,-1.383648,7.91,7.84,7.85,0.127551,1559010.0,6378250.0,0.244426,0.025585,0.142857,竞价高开不足1%；竞价额不足500万；竞价额未达到昨日1.5倍；未收复昨日回落的一半
B,600152.SH,维科技术,昨日下跌至少1%,-1.730532,8.15,7.95,8.04,1.132075,140700.0,582725.0,0.241452,0.003308,0.45,竞价额不足500万；竞价额未达到昨日1.5倍；未收复昨日回落的一半
B,002064.SZ,华峰化学,昨日下跌至少1%,-1.596806,10.15,9.86,9.95,0.912779,288550.0,1196000.0,0.241263,0.000586,0.310345,竞价高开不足1%；竞价额不足500万；竞价额未达到昨日1.5倍；未收复昨日回落的一半
B,000600.SZ,建投能源,昨日下跌至少1%,-1.904762,7.36,7.21,7.25,0.554785,680050.0,2847480.0,0.238825,0.008605,0.266667,竞价高开不足1%；竞价额不足500万；竞价额未达到昨日1.5倍；未收复昨日回落的一半
B,002500.SZ,山西证券,昨日下跌至少1%,-1.330798,5.26,5.19,5.21,0.385356,133897.0,561204.0,0.238589,0.000716,0.285714,竞价高开不足1%；竞价额不足500万；竞价额未达到昨日1.5倍；未收复昨日回落的一半
B,001289.SZ,龙源电力,昨日下跌至少1%,-1.848185,15.2,14.87,14.92,0.336247,138756.0,582144.0,0.238353,0.000184,0.151515,竞价高开不足1%；竞价额不足500万；竞价额未达到昨日1.5倍；未收复昨日回落的一半
B,000830.SZ,鲁西化工,昨日下跌至少1%,-2.768456,11.92,11.59,11.62,0.258844,407862.0,1718355.0,0.237356,0.001843,0.090909,竞价高开不足1%；竞价额不足500万；竞价额未达到昨日1.5倍；未收复昨日回落的一半
B,603213.SH,镇洋发展,昨日下跌至少1%,-1.234568,13.74,13.6,13.64,0.294118,53196.0,224352.0,0.23711,0.000877,0.285714,竞价高开不足1%；竞价额不足500万；竞价额未达到昨日1.5倍；未收复昨日回落的一半
B,002845.SZ,同兴达,昨日下跌至少1%,-1.067616,14.15,13.9,13.95,0.359712,129735.0,551628.0,0.235186,0.003717,0.2,竞价高开不足1%；竞价额不足500万；竞价额未达到昨日1.5倍；未收复昨日回落的一半
B,000670.SZ,盈方微,昨日下跌至少1%；昨日冲高回落且收于日内下半区,-4.020101,7.96,7.64,7.76,1.570681,5336552.0,22729608.0,0.234784,0.082811,0.375,竞价额未达到昨日1.5倍；未收复昨日回落的一半
A,603159.SH,上海亚虹,昨日炸板未封住,-3.327717,26.11,22.95,22.11,-3.660131,12180399.0,51956289.0,0.234436,0.3935,-0.265823,竞价高开不足1%；竞价额未达到昨日1.5倍；未收复昨日回落的一半
B,600500.SH,中化国际,昨日下跌至少1%；昨日冲高回落且收于日内下半区,-3.31675,6.1,5.83,5.88,0.857633,5368440.0,22954800.0,0.23387,0.025444,0.185185,竞价高开不足1%；竞价额未达到昨日1.5倍；未收复昨日回落的一半
B,600897.SH,厦门空港,昨日下跌至少1%,-1.208054,14.84,14.72,14.74,0.13587,33902.0,145138.0,0.233585,0.000552,0.166667,竞价高开不足1%；竞价额不足500万；竞价额未达到昨日1.5倍；未收复昨日回落的一半
B,600501.SH,航天晨光,昨日下跌至少1%,-1.676727,14.95,14.66,14.7,0.272851,83790.0,360580.0,0.232376,0.001332,0.137931,竞价高开不足1%；竞价额不足500万；竞价额未达到昨日1.5倍；未收复昨日回落的一半
B,002383.SZ,合众思壮,昨日下跌至少1%,-3.676471,8.02,7.86,7.86,0.0,3488268.0,15108039.0,0.230888,0.059944,0.0,竞价高开不足1%；竞价额不足500万；竞价额未达到昨日1.5倍；未收复昨日回落的一半
B,002879.SZ,长缆科技,昨日下跌至少1%,-1.399027,16.49,16.21,16.36,0.925355,107976.0,468316.0,0.230562,0.004813,0.535714,竞价高开不足1%；竞价额不足500万；竞价额未达到昨日1.5倍
B,000547.SZ,航天发展,昨日下跌至少1%,-2.094595,14.89,14.49,14.54,0.345066,1448184.0,6337266.0,0.228519,0.006268,0.125,竞价高开不足1%；竞价额不足500万；竞价额未达到昨日1.5倍；未收复昨日回落的一半
B,603703.SH,盛洋科技,昨日下跌至少1%；昨日冲高回落且收于日内下半区,-2.318841,10.54,10.11,10.24,1.285856,407552.0,1784525.0,0.228381,0.009591,0.302326,竞价额不足500万；竞价额未达到昨日1.5倍；未收复昨日回落的一半
B,600744.SH,华银电力,昨日下跌至少1%,-5.62963,6.62,6.37,6.3,-1.098901,3553200.0,15627645.0,0.227366,0.027768,-0.28,竞价高开不足1%；竞价额不足500万；竞价额未达到昨日1.5倍；未收复昨日回落的一半
B,002911.SZ,佛燃能源,昨日下跌至少1%,-1.671064,11.34,11.18,11.18,0.0,50310.0,221676.0,0.226953,0.000355,0.0,竞价高开不足1%；竞价额不足500万；竞价额未达到昨日1.5倍；未收复昨日回落的一半
B,600644.SH,乐山电力,昨日下跌至少1%；昨日冲高回落且收于日内下半区,-5.491329,10.12,9.81,9.71,-1.019368,4983172.0,22038324.0,0.226114,0.08874,-0.322581,竞价高开不足1%；竞价额不足500万；竞价额未达到昨日1.5倍；未收复昨日回落的一半
B,002912.SZ,中新赛克,昨日下跌至少1%；昨日冲高回落且收于日内下半区,-8.629442,24.28,23.4,23.76,1.538462,10827432.0,48319446.0,0.22408,0.28091,0.409091,竞价额未达到昨日1.5倍；未收复昨日回落的一半
B,002788.SZ,鹭燕医药,昨日下跌至少1%,-1.948052,10.85,10.57,10.65,0.756859,490965.0,2205476.0,0.222612,0.012073,0.285714,竞价高开不足1%；竞价额不足500万；竞价额未达到昨日1.5倍；未收复昨日回落的一半
B,600545.SH,卓郎智能,昨日下跌至少1%,-3.177966,4.65,4.57,4.62,1.094092,4285050.0,19368882.0,0.221234,0.051876,0.625,竞价额不足500万；竞价额未达到昨日1.5倍
B,002583.SZ,海能达,昨日下跌至少1%；昨日冲高回落且收于日内下半区,-1.20048,8.5,8.23,8.23,0.0,77362.0,353154.0,0.21906,0.000733,0.0,竞价高开不足1%；竞价额不足500万；竞价额未达到昨日1.5倍；未收复昨日回落的一半
B,002795.SZ,永和智控,昨日下跌至少1%；昨日冲高回落且收于日内下半区,-6.580645,7.8,7.24,7.27,0.414365,728454.0,3341456.0,0.218005,0.023089,0.053571,竞价高开不足1%；竞价额不足500万；竞价额未达到昨日1.5倍；未收复昨日回落的一半
B,600868.SH,梅雁吉祥,昨日下跌至少1%,-3.082192,2.89,2.83,2.83,0.0,325167.0,1494144.0,0.217628,0.006053,0.0,竞价高开不足1%；竞价额不足500万；竞价额未达到昨日1.5倍；未收复昨日回落的一半
B,002651.SZ,利君股份,昨日下跌至少1%,-1.545779,8.48,8.28,8.35,0.845411,563625.0,2629602.0,0.214339,0.011937,0.35,竞价高开不足1%；竞价额不足500万；竞价额未达到昨日1.5倍；未收复昨日回落的一半
B,600343.SH,航天动力,昨日下跌至少1%,-1.598402,20.18,19.7,19.85,0.761421,1069915.0,5096259.0,0.209941,0.008446,0.3125,竞价高开不足1%；竞价额不足500万；竞价额未达到昨日1.5倍；未收复昨日回落的一半
B,002935.SZ,天奥电子,昨日下跌至少1%；昨日冲高回落且收于日内下半区,-2.408894,16.29,15.8,15.85,0.316456,142650.0,682125.0,0.209126,0.002168,0.102041,竞价高开不足1%；竞价额不足500万；竞价额未达到昨日1.5倍；未收复昨日回落的一半
B,002632.SZ,道明光学,昨日下跌至少1%；昨日冲高回落且收于日内下半区,-1.198257,9.39,9.07,9.11,0.441014,841764.0,4039207.0,0.208398,0.016083,0.125,竞价高开不足1%；竞价额不足500万；竞价额未达到昨日1.5倍；未收复昨日回落的一半
B,001324.SZ,长青科技,昨日下跌至少1%,-1.812689,20.07,19.5,19.53,0.153846,130851.0,630513.0,0.207531,0.004855,0.052632,竞价高开不足1%；竞价额不足500万；竞价额未达到昨日1.5倍；未收复昨日回落的一半
B,601377.SH,兴业证券,昨日下跌至少1%,-1.015228,5.91,5.85,5.87,0.34188,559998.0,2730084.0,0.205121,0.001105,0.333333,竞价高开不足1%；竞价额不足500万；竞价额未达到昨日1.5倍；未收复昨日回落的一半
B,605080.SH,浙江自然,昨日下跌至少1%,-1.437908,22.85,22.62,22.75,0.574713,6825.0,34275.0,0.199125,0.000214,0.565217,竞价高开不足1%；竞价额不足500万；竞价额未达到昨日1.5倍
B,000726.SZ,鲁泰A,昨日下跌至少1%,-1.298701,6.19,6.08,6.09,0.164474,217413.0,1097775.0,0.198049,0.006058,0.090909,竞价高开不足1%；竞价额不足500万；竞价额未达到昨日1.5倍；未收复昨日回落的一半
B,002875.SZ,安奈儿,昨日下跌至少1%,-1.251956,12.77,12.62,12.75,1.030111,29325.0,148707.0,0.1972,0.001083,0.866667,竞价额不足500万；竞价额未达到昨日1.5倍
B,002190.SZ,成飞集成,昨日下跌至少1%,-1.222992,24.84,24.23,24.46,0.949236,577256.0,2978010.0,0.19384,0.006579,0.377049,竞价高开不足1%；竞价额不足500万；竞价额未达到昨日1.5倍；未收复昨日回落的一半
B,600623.SH,华谊集团,昨日下跌至少1%,-1.168224,8.57,8.46,8.46,0.0,85446.0,443700.0,0.192576,0.000538,0.0,竞价高开不足1%；竞价额不足500万；竞价额未达到昨日1.5倍；未收复昨日回落的一半
B,002362.SZ,汉王科技,昨日下跌至少1%,-1.891253,16.94,16.6,16.52,-0.481928,1630524.0,8527356.0,0.191211,0.047527,-0.235294,竞价高开不足1%；竞价额不足500万；竞价额未达到昨日1.5倍；未收复昨日回落的一半
B,600101.SH,明星电力,昨日下跌至少1%,-3.071253,8.08,7.89,7.87,-0.253485,295912.0,1574792.0,0.187905,0.006863,-0.105263,竞价高开不足1%；竞价额不足500万；竞价额未达到昨日1.5倍；未收复昨日回落的一半
B,603956.SH,威派格,昨日下跌至少1%；昨日冲高回落且收于日内下半区,-2.288984,7.07,6.83,6.86,0.439239,1565452.0,8345550.0,0.187579,0.040042,0.125,竞价高开不足1%；竞价额不足500万；竞价额未达到昨日1.5倍；未收复昨日回落的一半
B,600199.SH,金种子酒,昨日下跌至少1%,-1.008646,6.93,6.87,6.88,0.14556,99760.0,531908.0,0.187551,0.002204,0.166667,竞价高开不足1%；竞价额不足500万；竞价额未达到昨日1.5倍；未收复昨日回落的一半
B,600076.SH,康欣新材,昨日下跌至少1%；昨日冲高回落且收于日内下半区,-2.678571,2.25,2.18,2.18,0.0,304982.0,1666800.0,0.182975,0.010405,0.0,竞价高开不足1%；竞价额不足500万；竞价额未达到昨日1.5倍；未收复昨日回落的一半
B,603120.SH,肯特催化,昨日冲高回落且收于日内下半区,-0.682657,57.3,53.83,54.29,0.854542,1259528.0,6952374.0,0.181165,0.061214,0.132565,竞价高开不足1%；竞价额不足500万；竞价额未达到昨日1.5倍；未收复昨日回落的一半
B,002413.SZ,雷科防务,昨日下跌至少1%,-2.40096,8.32,8.13,8.18,0.615006,741108.0,4102725.0,0.180638,0.006994,0.263158,竞价高开不足1%；竞价额不足500万；竞价额未达到昨日1.5倍；未收复昨日回落的一半
B,000708.SZ,中信特钢,昨日下跌至少1%,-1.132075,13.33,13.1,13.04,-0.458015,217768.0,1253418.0,0.173739,0.000331,-0.26087,竞价高开不足1%；竞价额不足500万；竞价额未达到昨日1.5倍；未收复昨日回落的一半
B,600777.SH,新潮能源,昨日下跌至少1%,-1.231527,4.06,4.01,4.0,-0.249377,346800.0,2048190.0,0.16932,0.001362,-0.2,竞价高开不足1%；竞价额不足500万；竞价额未达到昨日1.5倍；未收复昨日回落的一半
B,002753.SZ,永东股份,昨日下跌至少1%,-1.622419,6.84,6.67,6.68,0.149925,1091512.0,6461775.0,0.168918,0.055242,0.058824,竞价高开不足1%；竞价额不足500万；竞价额未达到昨日1.5倍；未收复昨日回落的一半
B,002057.SZ,中钢天源,昨日下跌至少1%,-1.021566,8.85,8.72,8.78,0.688073,120286.0,716625.0,0.167851,0.001819,0.461538,竞价高开不足1%；竞价额不足500万；竞价额未达到昨日1.5倍；未收复昨日回落的一半
B,603090.SH,宏盛股份,昨日下跌至少1%,-2.040302,39.96,38.89,39.0,0.282849,1731600.0,10433724.0,0.165962,0.0444,0.102804,竞价高开不足1%；竞价额不足500万；竞价额未达到昨日1.5倍；未收复昨日回落的一半
B,002451.SZ,摩恩电气,昨日下跌至少1%,-2.094241,7.63,7.48,7.48,0.0,393448.0,2435832.0,0.161525,0.011978,0.0,竞价高开不足1%；竞价额不足500万；竞价额未达到昨日1.5倍；未收复昨日回落的一半
B,600505.SH,西昌电力,昨日下跌至少1%；昨日冲高回落且收于日内下半区,-4.663677,11.08,10.63,10.53,-0.940734,409617.0,2548400.0,0.160735,0.01067,-0.222222,竞价高开不足1%；竞价额不足500万；竞价额未达到昨日1.5倍；未收复昨日回落的一半
B,600203.SH,福日电子,昨日下跌至少1%；昨日冲高回落且收于日内下半区,-2.918288,10.3,9.98,10.06,0.801603,427550.0,2696274.0,0.158571,0.007167,0.25,竞价高开不足1%；竞价额不足500万；竞价额未达到昨日1.5倍；未收复昨日回落的一半
B,603010.SH,万盛股份,昨日下跌至少1%；昨日冲高回落且收于日内下半区,-1.545972,12.5,12.1,12.11,0.082645,90825.0,576975.0,0.157416,0.001314,0.025,竞价高开不足1%；竞价额不足500万；竞价额未达到昨日1.5倍；未收复昨日回落的一半
B,603777.SH,来伊份,昨日下跌至少1%；昨日冲高回落且收于日内下半区,-4.249084,13.86,13.07,13.08,0.076511,73248.0,468872.0,0.156222,0.001675,0.012658,竞价高开不足1%；竞价额不足500万；竞价额未达到昨日1.5倍；未收复昨日回落的一半
B,002882.SZ,金龙羽,昨日下跌至少1%,-2.908938,23.36,23.03,23.0,-0.130265,5165800.0,33457620.0,0.154398,0.090935,-0.090909,竞价高开不足1%；竞价额未达到昨日1.5倍；未收复昨日回落的一半
B,002725.SZ,跃岭股份,昨日下跌至少1%,-1.079137,11.1,11.0,11.0,0.0,72600.0,481137.0,0.150893,0.002651,0.0,竞价高开不足1%；竞价额不足500万；竞价额未达到昨日1.5倍；未收复昨日回落的一半
B,603919.SH,金徽酒,昨日下跌至少1%,-1.464308,16.46,16.15,16.16,0.06192,84032.0,572460.0,0.146791,0.001025,0.032258,竞价高开不足1%；竞价额不足500万；竞价额未达到昨日1.5倍；未收复昨日回落的一半
B,600027.SH,华电国际,昨日下跌至少1%,-2.249489,4.86,4.78,4.78,0.0,304964.0,2083482.0,0.146372,0.000692,0.0,竞价高开不足1%；竞价额不足500万；竞价额未达到昨日1.5倍；未收复昨日回落的一半
B,605366.SH,宏柏新材,昨日下跌至少1%；昨日冲高回落且收于日内下半区,-3.233256,8.79,8.38,8.38,0.0,470118.0,3276078.0,0.1435,0.007259,0.0,竞价高开不足1%；竞价额不足500万；竞价额未达到昨日1.5倍；未收复昨日回落的一半
B,600595.SH,中孚实业,昨日下跌至少1%,-1.967213,6.1,5.98,6.07,1.505017,3476289.0,25471800.0,0.136476,0.014289,0.75,竞价额不足500万；竞价额未达到昨日1.5倍
B,600864.SH,哈投股份,昨日下跌至少1%,-2.348993,5.95,5.82,5.83,0.171821,1926815.0,14166770.0,0.136009,0.015885,0.076923,竞价高开不足1%；竞价额不足500万；竞价额未达到昨日1.5倍；未收复昨日回落的一半
B,600388.SH,紫金龙净,昨日下跌至少1%,-1.410039,17.89,17.48,17.58,0.572082,56256.0,414775.0,0.13563,0.000252,0.243902,竞价高开不足1%；竞价额不足500万；竞价额未达到昨日1.5倍；未收复昨日回落的一半
B,001306.SZ,夏厦精密,昨日下跌至少1%,-1.668211,54.62,53.05,53.03,-0.0377,530300.0,3957200.0,0.134009,0.064516,-0.012739,竞价高开不足1%；竞价额不足500万；竞价额未达到昨日1.5倍；未收复昨日回落的一半
B,600844.SH,金煤科技,昨日下跌至少1%,-2.011494,3.45,3.41,3.4,-0.293255,308380.0,2319356.0,0.132959,0.011024,-0.25,竞价高开不足1%；竞价额不足500万；竞价额未达到昨日1.5倍；未收复昨日回落的一半
B,001223.SZ,欧克科技,昨日下跌至少1%,-4.075372,44.99,43.78,44.03,0.571037,1184407.0,9673335.0,0.12244,0.038519,0.206612,竞价高开不足1%；竞价额不足500万；竞价额未达到昨日1.5倍；未收复昨日回落的一半
B,603032.SH,德新科技,昨日下跌至少1%,-1.007423,19.04,18.67,18.85,0.964114,58435.0,480000.0,0.12174,0.001331,0.486486,竞价高开不足1%；竞价额不足500万；竞价额未达到昨日1.5倍；未收复昨日回落的一半
B,600612.SH,老凤祥,昨日下跌至少1%,-1.538945,31.88,31.35,31.38,0.095694,65898.0,544208.0,0.12109,0.000662,0.056604,竞价高开不足1%；竞价额不足500万；竞价额未达到昨日1.5倍；未收复昨日回落的一半
B,001358.SZ,兴欣新材,昨日下跌至少1%,-2.404238,24.5,23.95,23.99,0.167015,405431.0,3385830.0,0.119743,0.033153,0.072727,竞价高开不足1%；竞价额不足500万；竞价额未达到昨日1.5倍；未收复昨日回落的一半
B,000532.SZ,华金资本,昨日下跌至少1%；昨日冲高回落且收于日内下半区,-3.521704,12.16,11.78,11.84,0.509338,808672.0,6780124.0,0.119271,0.019881,0.157895,竞价高开不足1%；竞价额不足500万；竞价额未达到昨日1.5倍；未收复昨日回落的一半
B,603727.SH,博迈科,昨日下跌至少1%,-1.845444,17.27,17.02,17.02,0.0,56166.0,478438.0,0.117395,0.001171,0.0,竞价高开不足1%；竞价额不足500万；竞价额未达到昨日1.5倍；未收复昨日回落的一半
B,002218.SZ,拓日新能,昨日下跌至少1%,-2.941176,4.42,4.29,4.26,-0.699301,3012246.0,26818000.0,0.112322,0.050956,-0.230769,竞价高开不足1%；竞价额不足500万；竞价额未达到昨日1.5倍；未收复昨日回落的一半
B,002997.SZ,瑞鹄模具,昨日下跌至少1%；昨日冲高回落且收于日内下半区,-8.476321,27.53,26.67,26.87,0.749906,1077487.0,9790020.0,0.11006,0.019157,0.232558,竞价高开不足1%；竞价额不足500万；竞价额未达到昨日1.5倍；未收复昨日回落的一半
B,603200.SH,上海洗霸,昨日下跌至少1%,-1.530109,40.4,39.9,39.98,0.200501,1255372.0,11562672.0,0.108571,0.017894,0.16,竞价高开不足1%；竞价额不足500万；竞价额未达到昨日1.5倍；未收复昨日回落的一半
B,600755.SH,厦门国贸,昨日下跌至少1%,-1.25448,5.58,5.51,5.53,0.362976,84609.0,830053.0,0.101932,0.000718,0.285714,竞价高开不足1%；竞价额不足500万；竞价额未达到昨日1.5倍；未收复昨日回落的一半
B,605399.SH,晨光新材,昨日下跌至少1%,-1.478261,11.57,11.33,11.35,0.176523,17025.0,167765.0,0.101481,0.000482,0.083333,竞价高开不足1%；竞价额不足500万；竞价额未达到昨日1.5倍；未收复昨日回落的一半
B,603871.SH,嘉友国际,昨日下跌至少1%,-1.352426,12.68,12.4,12.43,0.241935,42262.0,422500.0,0.100028,0.000249,0.107143,竞价高开不足1%；竞价额不足500万；竞价额未达到昨日1.5倍；未收复昨日回落的一半
B,600167.SH,联美控股,昨日下跌至少1%,-1.408451,5.66,5.6,5.61,0.178571,19074.0,197534.0,0.096561,0.00015,0.166667,竞价高开不足1%；竞价额不足500万；竞价额未达到昨日1.5倍；未收复昨日回落的一半
B,000825.SZ,太钢不锈,昨日下跌至少1%,-1.15942,3.46,3.41,3.41,0.0,27621.0,289492.0,0.095412,0.000142,0.0,竞价高开不足1%；竞价额不足500万；竞价额未达到昨日1.5倍；未收复昨日回落的一半
B,001388.SZ,信通电子,昨日下跌至少1%,-2.05379,20.45,20.03,20.07,0.1997,116406.0,1353790.0,0.085985,0.004636,0.095238,竞价高开不足1%；竞价额不足500万；竞价额未达到昨日1.5倍；未收复昨日回落的一半
B,600052.SH,东望时代,昨日下跌至少1%,-1.06383,3.72,3.72,3.7,-0.537634,250120.0,3037944.0,0.082332,0.008008,,竞价高开不足1%；竞价额不足500万；竞价额未达到昨日1.5倍；未收复昨日回落的一半
A,603139.SH,康惠股份,昨日炸板未封住,-2.928766,44.32,39.11,37.77,-3.426234,9121455.0,114642544.0,0.079564,0.24179,-0.257198,竞价高开不足1%；竞价额未达到昨日1.5倍；未收复昨日回落的一半
B,001288.SZ,运机集团,昨日下跌至少1%；昨日冲高回落且收于日内下半区,-2.251223,30.9,29.96,30.08,0.400534,261696.0,3782240.0,0.069191,0.005728,0.12766,竞价高开不足1%；竞价额不足500万；竞价额未达到昨日1.5倍；未收复昨日回落的一半
B,601827.SH,三峰环境,昨日下跌至少1%,-1.490683,8.05,7.93,7.95,0.252207,6360.0,115920.0,0.054865,4.8e-05,0.166667,竞价高开不足1%；竞价额不足500万；竞价额未达到昨日1.5倍；未收复昨日回落的一半
B,603291.SH,联合水务,昨日下跌至少1%；昨日冲高回落且收于日内下半区,-2.310231,9.16,8.88,8.88,0.0,15096.0,1266048.0,0.011924,0.000402,0.0,竞价高开不足1%；竞价额不足500万；竞价额未达到昨日1.5倍；未收复昨日回落的一半
B,603815.SH,交建股份,昨日下跌至少1%,-1.335878,5.24,5.17,5.18,0.193424,28490.0,0.0,,0.000889,0.142857,竞价高开不足1%；竞价额不足500万；竞价额未达到昨日1.5倍；未收复昨日回落的一半
