2026-09-18 14:08:14,868 INFO tradex.data_sources register_all_sources: 已注册 106 个数据类型, 146 个数据源
2026-09-18 14:08:17,355 WARNING astock_signals.smart_router SmartRouter: limit_events via ths FAILED: 同花顺涨停池 info[0] 缺少必需字段 reason_type（第 1 页）
2026-09-18 14:08:17,356 WARNING tradex.dashboard.risk_service risk appetite component leadership_pool failed: All sources for 'limit_events' failed: ths: 同花顺涨停池 info[0] 缺少必需字段 reason_type（第 1 页）
2026-09-18 14:08:17,810 WARNING astock_signals.smart_router SmartRouter: limit_events via ths FAILED: 同花顺涨停池 info[0] 缺少必需字段 reason_type（第 1 页）
2026-09-18 14:08:21,485 INFO __main__ live limit-up catalog pool ready revision=ba42142ea705f34ea3b828ca125b031c8e3814612af9cebc159e1987ee752b11 total=73
2026-09-18 14:08:23,654 INFO astock_signals.smart_router SmartRouter: board_leaders via eastmoney skipped for this request: Eastmoney request queue is busy
2026-09-18 14:08:23,658 INFO astock_signals.smart_router SmartRouter: board_leaders via eastmoney skipped for this request: Eastmoney request queue is busy
2026-09-18 14:08:23,660 INFO astock_signals.smart_router SmartRouter: board_leaders via eastmoney skipped for this request: Eastmoney request queue is busy
2026-09-18 14:08:23,663 INFO astock_signals.smart_router SmartRouter: board_leaders via eastmoney skipped for this request: Eastmoney request queue is busy
2026-09-18 14:08:23,665 INFO astock_signals.smart_router SmartRouter: board_leaders via eastmoney skipped for this request: Eastmoney request queue is busy
2026-09-18 14:08:23,668 INFO astock_signals.smart_router SmartRouter: board_leaders via eastmoney skipped for this request: Eastmoney request queue is busy
2026-09-18 14:08:23,670 INFO astock_signals.smart_router SmartRouter: board_leaders via eastmoney skipped for this request: Eastmoney request queue is busy
2026-09-18 14:08:23,672 INFO astock_signals.smart_router SmartRouter: board_leaders via eastmoney skipped for this request: Eastmoney request queue is busy
2026-09-18 14:08:23,693 INFO astock_signals.smart_router SmartRouter: board_leaders via eastmoney skipped for this request: Eastmoney request queue is busy
2026-09-18 14:08:23,695 INFO astock_signals.smart_router SmartRouter: board_leaders via eastmoney skipped for this request: Eastmoney request queue is busy
2026-09-18 14:08:23,698 INFO astock_signals.smart_router SmartRouter: board_leaders via eastmoney skipped for this request: Eastmoney request queue is busy
2026-09-18 14:08:23,700 INFO astock_signals.smart_router SmartRouter: board_leaders via eastmoney skipped for this request: Eastmoney request queue is busy
2026-09-18 14:08:23,702 INFO astock_signals.smart_router SmartRouter: board_leaders via eastmoney skipped for this request: Eastmoney request queue is busy
2026-09-18 14:08:23,704 INFO astock_signals.smart_router SmartRouter: board_leaders via eastmoney skipped for this request: Eastmoney request queue is busy
2026-09-18 14:08:23,706 INFO astock_signals.smart_router SmartRouter: board_leaders via eastmoney skipped for this request: Eastmoney request queue is busy
2026-09-18 14:08:25,503 INFO __main__ intraday sector resonance ready revision=202162dbf7c569de22276c2c868a3253aae55896b245aa0879b80673580c36c9 entries=16
2026-09-18 14:08:29,086 INFO __main__ manual portfolio market ready revision=885648b7ec7cf89683fcd946128ea749c52a5a13398b42809e02db9974d37d5e items=1 alerts=0
2026-09-18 14:08:37,092 INFO __main__ review official announcements ready revision=365c8922abe31b922b0d6adcb3f69a08adebf67ef8bf54f2cf39ce4ce02e6992 candidates=3 announcements=2 rematerialize=post_market_review:505a4427e39c48dfa4b3c70466b06e83
2026-09-18 14:08:38,393 WARNING tradex.http fetch_board_leaders BK1646 https://push2.eastmoney.com failed: Failed to perform, curl: (56) Connection closed abruptly. See https://curl.se/libcurl/c/libcurl-errors.html first for more details.
2026-09-18 14:08:38,394 WARNING astock_signals.smart_router SmartRouter: board_leaders via eastmoney FAILED: fetch_board_leaders BK1646 all sources failed: push2: Failed to perform, curl: (56) Connection closed abruptly. See https://curl.se/libcurl/c/libcurl-errors.html first for more details.
2026-09-18 14:08:38,394 WARNING tradex.dashboard.risk_service board leader enrichment BK1646 failed: All sources for 'board_leaders' failed: eastmoney: fetch_board_leaders BK1646 all sources failed: push2: Failed to perform, curl: (56) Connection closed abruptly. See https://curl.se/libcurl/c/libcurl-errors.html first for more details.
2026-09-18 14:08:39,599 WARNING tradex.http fetch_board_leaders BK0998 https://push2.eastmoney.com failed: Failed to perform, curl: (56) Connection closed abruptly. See https://curl.se/libcurl/c/libcurl-errors.html first for more details.
2026-09-18 14:08:39,599 WARNING astock_signals.smart_router SmartRouter: board_leaders via eastmoney FAILED: fetch_board_leaders BK0998 all sources failed: push2: Failed to perform, curl: (56) Connection closed abruptly. See https://curl.se/libcurl/c/libcurl-errors.html first for more details.
2026-09-18 14:08:39,599 WARNING tradex.dashboard.risk_service board leader enrichment BK0998 failed: All sources for 'board_leaders' failed: eastmoney: fetch_board_leaders BK0998 all sources failed: push2: Failed to perform, curl: (56) Connection closed abruptly. See https://curl.se/libcurl/c/libcurl-errors.html first for more details.
2026-09-18 14:08:41,119 WARNING tradex.http fetch_board_leaders BK0884 https://push2.eastmoney.com failed: Failed to perform, curl: (56) Connection closed abruptly. See https://curl.se/libcurl/c/libcurl-errors.html first for more details.
2026-09-18 14:08:41,167 WARNING astock_signals.smart_router SmartRouter: board_leaders via eastmoney FAILED: fetch_board_leaders BK0884 all sources failed: push2: Failed to perform, curl: (56) Connection closed abruptly. See https://curl.se/libcurl/c/libcurl-errors.html first for more details.
2026-09-18 14:08:41,183 WARNING tradex.dashboard.risk_service board leader enrichment BK0884 failed: All sources for 'board_leaders' failed: eastmoney: fetch_board_leaders BK0884 all sources failed: push2: Failed to perform, curl: (56) Connection closed abruptly. See https://curl.se/libcurl/c/libcurl-errors.html first for more details.
2026-09-18 14:08:42,462 WARNING tradex.http fetch_board_leaders BK1097 https://push2.eastmoney.com failed: Failed to perform, curl: (56) Connection closed abruptly. See https://curl.se/libcurl/c/libcurl-errors.html first for more details.
2026-09-18 14:08:42,692 WARNING astock_signals.smart_router SmartRouter: board_leaders via eastmoney FAILED: fetch_board_leaders BK1097 all sources failed: push2: Failed to perform, curl: (56) Connection closed abruptly. See https://curl.se/libcurl/c/libcurl-errors.html first for more details.
2026-09-18 14:08:42,732 WARNING tradex.dashboard.risk_service board leader enrichment BK1097 failed: All sources for 'board_leaders' failed: eastmoney: fetch_board_leaders BK1097 all sources failed: push2: Failed to perform, curl: (56) Connection closed abruptly. See https://curl.se/libcurl/c/libcurl-errors.html first for more details.
2026-09-18 14:08:43,680 WARNING tradex.http fetch_board_leaders BK0666 https://push2.eastmoney.com failed: Failed to perform, curl: (56) Connection closed abruptly. See https://curl.se/libcurl/c/libcurl-errors.html first for more details.
2026-09-18 14:08:43,727 WARNING astock_signals.smart_router SmartRouter: board_leaders via eastmoney FAILED: fetch_board_leaders BK0666 all sources failed: push2: Failed to perform, curl: (56) Connection closed abruptly. See https://curl.se/libcurl/c/libcurl-errors.html first for more details.
2026-09-18 14:08:43,743 WARNING tradex.dashboard.risk_service board leader enrichment BK0666 failed: All sources for 'board_leaders' failed: eastmoney: fetch_board_leaders BK0666 all sources failed: push2: Failed to perform, curl: (56) Connection closed abruptly. See https://curl.se/libcurl/c/libcurl-errors.html first for more details.
2026-09-18 14:08:45,040 WARNING tradex.http fetch_board_leaders BK0922 https://push2.eastmoney.com failed: Failed to perform, curl: (56) Connection closed abruptly. See https://curl.se/libcurl/c/libcurl-errors.html first for more details.
2026-09-18 14:08:45,087 WARNING astock_signals.smart_router SmartRouter: board_leaders via eastmoney FAILED: fetch_board_leaders BK0922 all sources failed: push2: Failed to perform, curl: (56) Connection closed abruptly. See https://curl.se/libcurl/c/libcurl-errors.html first for more details.
2026-09-18 14:08:45,102 WARNING tradex.dashboard.risk_service board leader enrichment BK0922 failed: All sources for 'board_leaders' failed: eastmoney: fetch_board_leaders BK0922 all sources failed: push2: Failed to perform, curl: (56) Connection closed abruptly. See https://curl.se/libcurl/c/libcurl-errors.html first for more details.
2026-09-18 14:08:45,844 WARNING tradex.http fetch_board_leaders BK1031 https://push2.eastmoney.com failed: Failed to perform, curl: (56) Connection closed abruptly. See https://curl.se/libcurl/c/libcurl-errors.html first for more details.
2026-09-18 14:08:45,844 WARNING astock_signals.smart_router SmartRouter: board_leaders via eastmoney FAILED: fetch_board_leaders BK1031 all sources failed: push2: Failed to perform, curl: (56) Connection closed abruptly. See https://curl.se/libcurl/c/libcurl-errors.html first for more details.
2026-09-18 14:08:45,844 WARNING tradex.dashboard.risk_service board leader enrichment BK1031 failed: All sources for 'board_leaders' failed: eastmoney: fetch_board_leaders BK1031 all sources failed: push2: Failed to perform, curl: (56) Connection closed abruptly. See https://curl.se/libcurl/c/libcurl-errors.html first for more details.
2026-09-18 14:08:46,897 WARNING tradex.http fetch_board_leaders BK1134 https://push2.eastmoney.com failed: Failed to perform, curl: (56) Connection closed abruptly. See https://curl.se/libcurl/c/libcurl-errors.html first for more details.
2026-09-18 14:08:46,898 WARNING astock_signals.smart_router SmartRouter: board_leaders via eastmoney FAILED: fetch_board_leaders BK1134 all sources failed: push2: Failed to perform, curl: (56) Connection closed abruptly. See https://curl.se/libcurl/c/libcurl-errors.html first for more details.
2026-09-18 14:08:46,898 WARNING tradex.dashboard.risk_service board leader enrichment BK1134 failed: All sources for 'board_leaders' failed: eastmoney: fetch_board_leaders BK1134 all sources failed: push2: Failed to perform, curl: (56) Connection closed abruptly. See https://curl.se/libcurl/c/libcurl-errors.html first for more details.
2026-09-18 14:08:48,027 WARNING tradex.http fetch_board_leaders BK1237 https://push2.eastmoney.com failed: Failed to perform, curl: (56) Connection closed abruptly. See https://curl.se/libcurl/c/libcurl-errors.html first for more details.
2026-09-18 14:08:48,028 WARNING astock_signals.smart_router SmartRouter: board_leaders via eastmoney FAILED: fetch_board_leaders BK1237 all sources failed: push2: Failed to perform, curl: (56) Connection closed abruptly. See https://curl.se/libcurl/c/libcurl-errors.html first for more details.
2026-09-18 14:08:48,028 WARNING tradex.dashboard.risk_service board leader enrichment BK1237 failed: All sources for 'board_leaders' failed: eastmoney: fetch_board_leaders BK1237 all sources failed: push2: Failed to perform, curl: (56) Connection closed abruptly. See https://curl.se/libcurl/c/libcurl-errors.html first for more details.
2026-09-18 14:08:49,451 WARNING tradex.http fetch_board_leaders BK0448 https://push2.eastmoney.com failed: Failed to perform, curl: (56) Connection closed abruptly. See https://curl.se/libcurl/c/libcurl-errors.html first for more details.
2026-09-18 14:08:49,452 WARNING astock_signals.smart_router SmartRouter: board_leaders via eastmoney FAILED: fetch_board_leaders BK0448 all sources failed: push2: Failed to perform, curl: (56) Connection closed abruptly. See https://curl.se/libcurl/c/libcurl-errors.html first for more details.
2026-09-18 14:08:49,452 WARNING tradex.dashboard.risk_service board leader enrichment BK0448 failed: All sources for 'board_leaders' failed: eastmoney: fetch_board_leaders BK0448 all sources failed: push2: Failed to perform, curl: (56) Connection closed abruptly. See https://curl.se/libcurl/c/libcurl-errors.html first for more details.
2026-09-18 14:08:50,803 WARNING tradex.http fetch_board_leaders BK1037 https://push2.eastmoney.com failed: Failed to perform, curl: (56) Connection closed abruptly. See https://curl.se/libcurl/c/libcurl-errors.html first for more details.
2026-09-18 14:08:50,803 WARNING astock_signals.smart_router SmartRouter: board_leaders via eastmoney FAILED: fetch_board_leaders BK1037 all sources failed: push2: Failed to perform, curl: (56) Connection closed abruptly. See https://curl.se/libcurl/c/libcurl-errors.html first for more details.
2026-09-18 14:08:50,803 WARNING tradex.dashboard.risk_service board leader enrichment BK1037 failed: All sources for 'board_leaders' failed: eastmoney: fetch_board_leaders BK1037 all sources failed: push2: Failed to perform, curl: (56) Connection closed abruptly. See https://curl.se/libcurl/c/libcurl-errors.html first for more details.
2026-09-18 14:08:52,279 WARNING tradex.http fetch_board_leaders BK0641 https://push2.eastmoney.com failed: Failed to perform, curl: (56) Connection closed abruptly. See https://curl.se/libcurl/c/libcurl-errors.html first for more details.
2026-09-18 14:08:52,279 WARNING astock_signals.smart_router SmartRouter: board_leaders via eastmoney FAILED: fetch_board_leaders BK0641 all sources failed: push2: Failed to perform, curl: (56) Connection closed abruptly. See https://curl.se/libcurl/c/libcurl-errors.html first for more details.
2026-09-18 14:08:52,279 WARNING tradex.dashboard.risk_service board leader enrichment BK0641 failed: All sources for 'board_leaders' failed: eastmoney: fetch_board_leaders BK0641 all sources failed: push2: Failed to perform, curl: (56) Connection closed abruptly. See https://curl.se/libcurl/c/libcurl-errors.html first for more details.
2026-09-18 14:08:53,565 WARNING tradex.http fetch_board_leaders BK0969 https://push2.eastmoney.com failed: Failed to perform, curl: (56) Connection closed abruptly. See https://curl.se/libcurl/c/libcurl-errors.html first for more details.
2026-09-18 14:08:53,565 WARNING astock_signals.smart_router SmartRouter: board_leaders via eastmoney FAILED: fetch_board_leaders BK0969 all sources failed: push2: Failed to perform, curl: (56) Connection closed abruptly. See https://curl.se/libcurl/c/libcurl-errors.html first for more details.
2026-09-18 14:08:53,565 WARNING tradex.dashboard.risk_service board leader enrichment BK0969 failed: All sources for 'board_leaders' failed: eastmoney: fetch_board_leaders BK0969 all sources failed: push2: Failed to perform, curl: (56) Connection closed abruptly. See https://curl.se/libcurl/c/libcurl-errors.html first for more details.
2026-09-18 14:08:54,917 WARNING tradex.http fetch_board_leaders BK1128 https://push2.eastmoney.com failed: Failed to perform, curl: (56) Connection closed abruptly. See https://curl.se/libcurl/c/libcurl-errors.html first for more details.
2026-09-18 14:08:54,917 WARNING astock_signals.smart_router SmartRouter: board_leaders via eastmoney FAILED: fetch_board_leaders BK1128 all sources failed: push2: Failed to perform, curl: (56) Connection closed abruptly. See https://curl.se/libcurl/c/libcurl-errors.html first for more details.
2026-09-18 14:08:54,918 WARNING tradex.dashboard.risk_service board leader enrichment BK1128 failed: All sources for 'board_leaders' failed: eastmoney: fetch_board_leaders BK1128 all sources failed: push2: Failed to perform, curl: (56) Connection closed abruptly. See https://curl.se/libcurl/c/libcurl-errors.html first for more details.
2026-09-18 14:09:00,879 WARNING astock_signals.smart_router SmartRouter: limit_events via ths FAILED: 同花顺涨停池 info[0] 缺少必需字段 reason_type（第 1 页）
2026-09-18 14:09:00,879 WARNING tradex.dashboard.risk_service risk appetite component leadership_pool failed: All sources for 'limit_events' failed: ths: 同花顺涨停池 info[0] 缺少必需字段 reason_type（第 1 页）
2026-09-18 14:09:21,688 WARNING tradex.http fetch_board_leaders BK1646 https://push2.eastmoney.com failed: Failed to perform, curl: (56) Connection closed abruptly. See https://curl.se/libcurl/c/libcurl-errors.html first for more details.
2026-09-18 14:09:21,690 WARNING astock_signals.smart_router SmartRouter: board_leaders via eastmoney FAILED: fetch_board_leaders BK1646 all sources failed: push2: Failed to perform, curl: (56) Connection closed abruptly. See https://curl.se/libcurl/c/libcurl-errors.html first for more details.
2026-09-18 14:09:21,690 WARNING tradex.dashboard.risk_service board leader enrichment BK1646 failed: All sources for 'board_leaders' failed: eastmoney: fetch_board_leaders BK1646 all sources failed: push2: Failed to perform, curl: (56) Connection closed abruptly. See https://curl.se/libcurl/c/libcurl-errors.html first for more details.
2026-09-18 14:09:26,275 WARNING tradex.http fetch_board_leaders BK1178 https://push2.eastmoney.com failed: Failed to perform, curl: (56) Connection closed abruptly. See https://curl.se/libcurl/c/libcurl-errors.html first for more details.
2026-09-18 14:09:26,307 WARNING astock_signals.smart_router SmartRouter: board_leaders via eastmoney FAILED: fetch_board_leaders BK1178 all sources failed: push2: Failed to perform, curl: (56) Connection closed abruptly. See https://curl.se/libcurl/c/libcurl-errors.html first for more details.
2026-09-18 14:09:26,324 WARNING tradex.dashboard.risk_service board leader enrichment BK1178 failed: All sources for 'board_leaders' failed: eastmoney: fetch_board_leaders BK1178 all sources failed: push2: Failed to perform, curl: (56) Connection closed abruptly. See https://curl.se/libcurl/c/libcurl-errors.html first for more details.
2026-09-18 14:09:27,383 WARNING tradex.http fetch_board_leaders BK0666 https://push2.eastmoney.com failed: Failed to perform, curl: (56) Connection closed abruptly. See https://curl.se/libcurl/c/libcurl-errors.html first for more details.
2026-09-18 14:09:27,430 WARNING astock_signals.smart_router SmartRouter: board_leaders via eastmoney FAILED: fetch_board_leaders BK0666 all sources failed: push2: Failed to perform, curl: (56) Connection closed abruptly. See https://curl.se/libcurl/c/libcurl-errors.html first for more details.
2026-09-18 14:09:27,448 WARNING tradex.dashboard.risk_service board leader enrichment BK0666 failed: All sources for 'board_leaders' failed: eastmoney: fetch_board_leaders BK0666 all sources failed: push2: Failed to perform, curl: (56) Connection closed abruptly. See https://curl.se/libcurl/c/libcurl-errors.html first for more details.
2026-09-18 14:09:29,114 WARNING tradex.http fetch_board_leaders BK1031 https://push2.eastmoney.com failed: Failed to perform, curl: (56) Connection closed abruptly. See https://curl.se/libcurl/c/libcurl-errors.html first for more details.
2026-09-18 14:09:29,213 WARNING astock_signals.smart_router SmartRouter: board_leaders via eastmoney FAILED: fetch_board_leaders BK1031 all sources failed: push2: Failed to perform, curl: (56) Connection closed abruptly. See https://curl.se/libcurl/c/libcurl-errors.html first for more details.
2026-09-18 14:09:29,217 WARNING tradex.dashboard.risk_service board leader enrichment BK1031 failed: All sources for 'board_leaders' failed: eastmoney: fetch_board_leaders BK1031 all sources failed: push2: Failed to perform, curl: (56) Connection closed abruptly. See https://curl.se/libcurl/c/libcurl-errors.html first for more details.
2026-09-18 14:09:29,405 WARNING tradex.http fetch_board_leaders BK0952 https://push2.eastmoney.com failed: Failed to perform, curl: (56) Connection closed abruptly. See https://curl.se/libcurl/c/libcurl-errors.html first for more details.
2026-09-18 14:09:29,450 WARNING astock_signals.smart_router SmartRouter: board_leaders via eastmoney FAILED: fetch_board_leaders BK0952 all sources failed: push2: Failed to perform, curl: (56) Connection closed abruptly. See https://curl.se/libcurl/c/libcurl-errors.html first for more details.
2026-09-18 14:09:29,466 WARNING tradex.dashboard.risk_service board leader enrichment BK0952 failed: All sources for 'board_leaders' failed: eastmoney: fetch_board_leaders BK0952 all sources failed: push2: Failed to perform, curl: (56) Connection closed abruptly. See https://curl.se/libcurl/c/libcurl-errors.html first for more details.
2026-09-18 14:09:30,960 WARNING tradex.http fetch_board_leaders BK1237 https://push2.eastmoney.com failed: Failed to perform, curl: (56) Connection closed abruptly. See https://curl.se/libcurl/c/libcurl-errors.html first for more details.
2026-09-18 14:09:30,960 WARNING astock_signals.smart_router SmartRouter: board_leaders via eastmoney FAILED: fetch_board_leaders BK1237 all sources failed: push2: Failed to perform, curl: (56) Connection closed abruptly. See https://curl.se/libcurl/c/libcurl-errors.html first for more details.
2026-09-18 14:09:30,960 WARNING tradex.dashboard.risk_service board leader enrichment BK1237 failed: All sources for 'board_leaders' failed: eastmoney: fetch_board_leaders BK1237 all sources failed: push2: Failed to perform, curl: (56) Connection closed abruptly. See https://curl.se/libcurl/c/libcurl-errors.html first for more details.
2026-09-18 14:09:30,962 INFO astock_signals.smart_router SmartRouter: board_leaders via eastmoney skipped for this request: Eastmoney request queue is busy
2026-09-18 14:09:30,963 WARNING tradex.dashboard.risk_service board leader enrichment BK0448 failed: All sources for 'board_leaders' failed: eastmoney: Eastmoney request queue is busy
2026-09-18 14:09:30,965 INFO astock_signals.smart_router SmartRouter: board_leaders via eastmoney skipped for this request: Eastmoney request queue is busy
2026-09-18 14:09:30,965 WARNING tradex.dashboard.risk_service board leader enrichment BK1037 failed: All sources for 'board_leaders' failed: eastmoney: Eastmoney request queue is busy
2026-09-18 14:09:30,967 INFO astock_signals.smart_router SmartRouter: board_leaders via eastmoney skipped for this request: Eastmoney request queue is busy
2026-09-18 14:09:30,967 WARNING tradex.dashboard.risk_service board leader enrichment BK1097 failed: All sources for 'board_leaders' failed: eastmoney: Eastmoney request queue is busy
2026-09-18 14:09:30,969 INFO astock_signals.smart_router SmartRouter: board_leaders via eastmoney skipped for this request: Eastmoney request queue is busy
2026-09-18 14:09:30,970 WARNING tradex.dashboard.risk_service board leader enrichment BK0641 failed: All sources for 'board_leaders' failed: eastmoney: Eastmoney request queue is busy
2026-09-18 14:09:49,440 WARNING astock_signals.smart_router SmartRouter: limit_events via ths FAILED: 同花顺涨停池 info[0] 缺少必需字段 reason_type（第 1 页）
2026-09-18 14:09:49,480 INFO __main__ live limit-up catalog pool ready revision=7f83a7536b51d88b58db22e117512ee0f7002c8cb22a33c83de4713bcbed5cc3 total=73
2026-09-18 14:10:01,415 WARNING astock_signals.smart_router SmartRouter: market_overview via biying FAILED: 沪深成交额更新时间不一致
2026-09-18 14:10:01,509 WARNING astock_signals.smart_router SmartRouter: market_overview via tencent_http FAILED: 沪深成交额更新时间不一致
  0%|          | 0/8 [00:00<?, ?it/s] 12%|█▎        | 1/8 [00:00<00:00,  9.78it/s] 38%|███▊      | 3/8 [00:00<00:00, 10.12it/s] 62%|██████▎   | 5/8 [00:00<00:00,  9.60it/s] 75%|███████▌  | 6/8 [00:00<00:00,  9.61it/s] 88%|████████▊ | 7/8 [00:00<00:00,  8.94it/s]                                             2026-09-18 14:10:02,404 WARNING astock_signals.smart_router SmartRouter: market_overview via akshare FAILED: 沪深成交额更新时间暂缺
2026-09-18 14:10:03,400 WARNING tradex.http fetch_board_leaders BK1646 https://push2.eastmoney.com failed: Failed to perform, curl: (56) Connection closed abruptly. See https://curl.se/libcurl/c/libcurl-errors.html first for more details.
2026-09-18 14:10:05,618 WARNING tradex.http fetch_board_leaders BK0922 https://push2.eastmoney.com failed: Failed to perform, curl: (56) Connection closed abruptly. See https://curl.se/libcurl/c/libcurl-errors.html first for more details.
2026-09-18 14:10:08,224 WARNING tradex.http fetch_board_leaders BK1134 https://push2.eastmoney.com failed: Failed to perform, curl: (56) Connection closed abruptly. See https://curl.se/libcurl/c/libcurl-errors.html first for more details.
2026-09-18 14:10:10,823 WARNING tradex.http fetch_board_leaders BK0641 https://push2.eastmoney.com failed: Failed to perform, curl: (56) Connection closed abruptly. See https://curl.se/libcurl/c/libcurl-errors.html first for more details.
2026-09-18 14:10:13,083 WARNING astock_signals.smart_router SmartRouter: limit_events via ths FAILED: 同花顺涨停池 info[0] 缺少必需字段 reason_type（第 1 页）
2026-09-18 14:10:13,083 WARNING tradex.dashboard.risk_service risk appetite component leadership_pool failed: All sources for 'limit_events' failed: ths: 同花顺涨停池 info[0] 缺少必需字段 reason_type（第 1 页）
2026-09-18 14:10:13,096 WARNING astock_signals.smart_router SmartRouter: market_breadth via ths_fuyao FAILED: 同花顺扶摇 API HTTP 请求失败: 429 Client Error: Too Many Requests for url: https://fuyao.aicubes.cn/api/a-share/prices/snapshot?limit=10000&offset=0
2026-09-18 14:10:13,534 WARNING tradex.http fetch_board_leaders BK1178 https://push2.eastmoney.com failed: Failed to perform, curl: (56) Connection closed abruptly. See https://curl.se/libcurl/c/libcurl-errors.html first for more details.
2026-09-18 14:10:13,536 INFO astock_signals.smart_router SmartRouter: board_leaders via eastmoney skipped for this request: Eastmoney request queue is busy
2026-09-18 14:10:13,539 INFO astock_signals.smart_router SmartRouter: board_leaders via eastmoney skipped for this request: Eastmoney request queue is busy
2026-09-18 14:10:15,984 WARNING tradex.http fetch_industry_quotes https://push2.eastmoney.com failed: Failed to perform, curl: (56) Connection closed abruptly. See https://curl.se/libcurl/c/libcurl-errors.html first for more details.
2026-09-18 14:10:17,377 INFO __main__ intraday sector resonance ready revision=8690aed452e740ad6ac7db5b7e56c2b0c6ae84fd4c6f2b1e3647726071deb85f entries=16
2026-09-18 14:10:20,706 INFO __main__ manual portfolio market ready revision=343a32424f76e593efa03090c69f007e00eaa5710b9b85756192d1354e59366f items=1 alerts=0
2026-09-18 14:10:23,913 WARNING tradex.http fetch_industry_quotes https://push2.eastmoney.com failed: Failed to perform, curl: (56) Connection closed abruptly. See https://curl.se/libcurl/c/libcurl-errors.html first for more details.
2026-09-18 14:11:00,312 WARNING astock_signals.smart_router SmartRouter: limit_events via ths FAILED: 同花顺涨停池 info[0] 缺少必需字段 reason_type（第 1 页）
2026-09-18 14:11:00,315 WARNING tradex.dashboard.risk_service risk appetite component leadership_pool failed: All sources for 'limit_events' failed: ths: 同花顺涨停池 info[0] 缺少必需字段 reason_type（第 1 页）
2026-09-18 14:11:00,794 WARNING tradex.http fetch_industry_quotes https://push2.eastmoney.com failed: Failed to perform, curl: (56) Connection closed abruptly. See https://curl.se/libcurl/c/libcurl-errors.html first for more details.
2026-09-18 14:11:03,267 WARNING astock_signals.smart_router SmartRouter: limit_events via ths FAILED: 同花顺涨停池 info[0] 缺少必需字段 reason_type（第 1 页）
2026-09-18 14:11:03,314 INFO __main__ live limit-up catalog pool ready revision=76559d86ab7ba6a3f2a7ff1bf4d8ca7443ae9d44e29865bad760e0105fba9449 total=74
2026-09-18 14:11:06,180 WARNING tradex.http fetch_board_leaders BK0494 https://push2.eastmoney.com failed: Failed to perform, curl: (56) Connection closed abruptly. See https://curl.se/libcurl/c/libcurl-errors.html first for more details.
2026-09-18 14:11:06,182 INFO astock_signals.smart_router SmartRouter: board_leaders via eastmoney skipped for this request: Eastmoney request queue is busy
2026-09-18 14:11:06,185 INFO astock_signals.smart_router SmartRouter: board_leaders via eastmoney skipped for this request: Eastmoney request queue is busy
2026-09-18 14:11:06,187 INFO astock_signals.smart_router SmartRouter: board_leaders via eastmoney skipped for this request: Eastmoney request queue is busy
2026-09-18 14:11:06,189 INFO astock_signals.smart_router SmartRouter: board_leaders via eastmoney skipped for this request: Eastmoney request queue is busy
2026-09-18 14:11:06,191 INFO astock_signals.smart_router SmartRouter: board_leaders via eastmoney skipped for this request: Eastmoney request queue is busy
2026-09-18 14:11:06,193 INFO astock_signals.smart_router SmartRouter: board_leaders via eastmoney skipped for this request: Eastmoney request queue is busy
2026-09-18 14:11:06,194 INFO astock_signals.smart_router SmartRouter: board_leaders via eastmoney skipped for this request: Eastmoney request queue is busy
2026-09-18 14:11:06,196 INFO astock_signals.smart_router SmartRouter: board_leaders via eastmoney skipped for this request: Eastmoney request queue is busy
2026-09-18 14:11:06,198 INFO astock_signals.smart_router SmartRouter: board_leaders via eastmoney skipped for this request: Eastmoney request queue is busy
2026-09-18 14:11:06,199 INFO astock_signals.smart_router SmartRouter: board_leaders via eastmoney skipped for this request: Eastmoney request queue is busy
2026-09-18 14:11:06,202 INFO astock_signals.smart_router SmartRouter: board_leaders via eastmoney skipped for this request: Eastmoney request queue is busy
2026-09-18 14:11:06,203 INFO astock_signals.smart_router SmartRouter: board_leaders via eastmoney skipped for this request: Eastmoney request queue is busy
2026-09-18 14:11:06,205 INFO astock_signals.smart_router SmartRouter: board_leaders via eastmoney skipped for this request: Eastmoney request queue is busy
2026-09-18 14:11:06,206 INFO astock_signals.smart_router SmartRouter: board_leaders via eastmoney skipped for this request: Eastmoney request queue is busy
2026-09-18 14:11:06,208 INFO astock_signals.smart_router SmartRouter: board_leaders via eastmoney skipped for this request: Eastmoney request queue is busy
2026-09-18 14:11:06,209 INFO astock_signals.smart_router SmartRouter: board_leaders via eastmoney skipped for this request: Eastmoney request queue is busy
2026-09-18 14:11:06,218 INFO __main__ intraday sector resonance ready revision=03e869df53a689b64aa200edd40251b009cb4aa594f75cb43b8a9e3398d2b83d entries=16
2026-09-18 14:11:11,593 INFO __main__ manual portfolio market ready revision=1ae7937cb8ad49c586a6aaa0e114520c4fb23d51ec1bbe63d7ee01c8d04353c5 items=1 alerts=0
2026-09-18 14:11:53,884 WARNING astock_signals.smart_router SmartRouter: limit_events via ths FAILED: 同花顺涨停池 info[0] 缺少必需字段 reason_type（第 1 页）
2026-09-18 14:11:53,923 INFO __main__ live limit-up catalog pool ready revision=3d11261dba145a35fd067fd2be154f333f3eec649b17e5988b2ed0f66fff330e total=74
2026-09-18 14:11:54,988 WARNING tradex.http fetch_board_leaders BK0494 https://push2.eastmoney.com failed: Failed to perform, curl: (56) Connection closed abruptly. See https://curl.se/libcurl/c/libcurl-errors.html first for more details.
2026-09-18 14:11:57,820 WARNING tradex.http fetch_board_leaders BK0668 https://push2.eastmoney.com failed: Failed to perform, curl: (56) Connection closed abruptly. See https://curl.se/libcurl/c/libcurl-errors.html first for more details.
2026-09-18 14:12:01,346 WARNING astock_signals.smart_router SmartRouter: market_overview via biying FAILED: 沪深成交额更新时间不一致
2026-09-18 14:12:01,445 WARNING astock_signals.smart_router SmartRouter: market_overview via tencent_http FAILED: 沪深成交额更新时间不一致
  0%|          | 0/8 [00:00<?, ?it/s] 12%|█▎        | 1/8 [00:00<00:00,  9.76it/s] 25%|██▌       | 2/8 [00:00<00:00,  9.81it/s] 38%|███▊      | 3/8 [00:00<00:00,  9.52it/s] 62%|██████▎   | 5/8 [00:00<00:00,  9.69it/s] 75%|███████▌  | 6/8 [00:00<00:00,  9.77it/s]100%|██████████| 8/8 [00:00<00:00, 11.01it/s]                                             2026-09-18 14:12:02,283 WARNING astock_signals.smart_router SmartRouter: market_overview via akshare FAILED: 沪深成交额更新时间暂缺
2026-09-18 14:12:12,983 WARNING astock_signals.smart_router SmartRouter: limit_events via ths FAILED: 同花顺涨停池 info[0] 缺少必需字段 reason_type（第 1 页）
2026-09-18 14:12:12,984 WARNING tradex.dashboard.risk_service risk appetite component leadership_pool failed: All sources for 'limit_events' failed: ths: 同花顺涨停池 info[0] 缺少必需字段 reason_type（第 1 页）
2026-09-18 14:12:13,643 WARNING tradex.http fetch_board_leaders BK1134 https://push2.eastmoney.com failed: Failed to perform, curl: (56) Connection closed abruptly. See https://curl.se/libcurl/c/libcurl-errors.html first for more details.
2026-09-18 14:12:13,645 INFO astock_signals.smart_router SmartRouter: board_leaders via eastmoney skipped for this request: Eastmoney request queue is busy
2026-09-18 14:12:13,647 INFO astock_signals.smart_router SmartRouter: board_leaders via eastmoney skipped for this request: Eastmoney request queue is busy
2026-09-18 14:12:13,649 INFO astock_signals.smart_router SmartRouter: board_leaders via eastmoney skipped for this request: Eastmoney request queue is busy
2026-09-18 14:12:13,651 INFO astock_signals.smart_router SmartRouter: board_leaders via eastmoney skipped for this request: Eastmoney request queue is busy
2026-09-18 14:12:15,072 WARNING tradex.http fetch_industry_quotes https://push2.eastmoney.com failed: Failed to perform, curl: (56) Connection closed abruptly. See https://curl.se/libcurl/c/libcurl-errors.html first for more details.
2026-09-18 14:12:22,685 WARNING tradex.http fetch_industry_quotes https://push2.eastmoney.com failed: Failed to perform, curl: (56) Connection closed abruptly. See https://curl.se/libcurl/c/libcurl-errors.html first for more details.
2026-09-18 14:12:25,514 INFO __main__ intraday sector resonance ready revision=141798aaf0a17a2b07f9e7ccb9cbaac981725c20e334c487fa15cc46f6034827 entries=16
2026-09-18 14:12:41,143 INFO __main__ manual portfolio market ready revision=4c828316588cee218b5c6c3ca51dfab22cd1bf8144dd0161dd0c38f2359f2216 items=1 alerts=0
2026-09-18 14:13:00,251 WARNING astock_signals.smart_router SmartRouter: limit_events via ths FAILED: 同花顺涨停池 info[0] 缺少必需字段 reason_type（第 1 页）
2026-09-18 14:13:00,252 WARNING tradex.dashboard.risk_service risk appetite component leadership_pool failed: All sources for 'limit_events' failed: ths: 同花顺涨停池 info[0] 缺少必需字段 reason_type（第 1 页）
2026-09-18 14:13:00,730 WARNING tradex.http fetch_industry_quotes https://push2.eastmoney.com failed: Failed to perform, curl: (56) Connection closed abruptly. See https://curl.se/libcurl/c/libcurl-errors.html first for more details.
2026-09-18 14:13:08,660 WARNING tradex.http fetch_industry_quotes https://push2.eastmoney.com failed: Failed to perform, curl: (56) Connection closed abruptly. See https://curl.se/libcurl/c/libcurl-errors.html first for more details.
2026-09-18 14:13:49,803 WARNING astock_signals.smart_router SmartRouter: limit_events via ths FAILED: 同花顺涨停池 info[0] 缺少必需字段 reason_type（第 1 页）
2026-09-18 14:13:49,845 INFO __main__ live limit-up catalog pool ready revision=80e14ca323831b966d2cde2b5d5cc462f15dca8f2ac7cd54bf20bcf78f2709c0 total=74
2026-09-18 14:13:50,803 WARNING tradex.http fetch_board_leaders BK0494 https://push2.eastmoney.com failed: Failed to perform, curl: (56) Connection closed abruptly. See https://curl.se/libcurl/c/libcurl-errors.html first for more details.
2026-09-18 14:13:53,379 WARNING tradex.http fetch_board_leaders BK0668 https://push2.eastmoney.com failed: Failed to perform, curl: (56) Connection closed abruptly. See https://curl.se/libcurl/c/libcurl-errors.html first for more details.
2026-09-18 14:13:55,962 WARNING tradex.http fetch_board_leaders BK0547 https://push2.eastmoney.com failed: Failed to perform, curl: (56) Connection closed abruptly. See https://curl.se/libcurl/c/libcurl-errors.html first for more details.
2026-09-18 14:13:58,683 WARNING tradex.http fetch_board_leaders BK0825 https://push2.eastmoney.com failed: Failed to perform, curl: (56) Connection closed abruptly. See https://curl.se/libcurl/c/libcurl-errors.html first for more details.
2026-09-18 14:14:01,097 WARNING astock_signals.smart_router SmartRouter: limit_events via ths FAILED: 同花顺涨停池 info[0] 缺少必需字段 reason_type（第 1 页）
2026-09-18 14:14:01,098 WARNING tradex.dashboard.risk_service risk appetite component leadership_pool failed: All sources for 'limit_events' failed: ths: 同花顺涨停池 info[0] 缺少必需字段 reason_type（第 1 页）
2026-09-18 14:14:01,236 WARNING tradex.http fetch_board_leaders BK0615 https://push2.eastmoney.com failed: Failed to perform, curl: (56) Connection closed abruptly. See https://curl.se/libcurl/c/libcurl-errors.html first for more details.
2026-09-18 14:14:03,106 INFO astock_signals.smart_router SmartRouter: board_leaders via eastmoney skipped for this request: Eastmoney request queue is busy
2026-09-18 14:14:03,108 INFO astock_signals.smart_router SmartRouter: board_leaders via eastmoney skipped for this request: Eastmoney request queue is busy
2026-09-18 14:14:03,110 INFO astock_signals.smart_router SmartRouter: board_leaders via eastmoney skipped for this request: Eastmoney request queue is busy
2026-09-18 14:14:03,112 INFO astock_signals.smart_router SmartRouter: board_leaders via eastmoney skipped for this request: Eastmoney request queue is busy
2026-09-18 14:14:03,113 INFO astock_signals.smart_router SmartRouter: board_leaders via eastmoney skipped for this request: Eastmoney request queue is busy
2026-09-18 14:14:03,115 INFO astock_signals.smart_router SmartRouter: board_leaders via eastmoney skipped for this request: Eastmoney request queue is busy
2026-09-18 14:14:03,117 INFO astock_signals.smart_router SmartRouter: board_leaders via eastmoney skipped for this request: Eastmoney request queue is busy
2026-09-18 14:14:03,118 INFO astock_signals.smart_router SmartRouter: board_leaders via eastmoney skipped for this request: Eastmoney request queue is busy
2026-09-18 14:14:03,120 INFO astock_signals.smart_router SmartRouter: board_leaders via eastmoney skipped for this request: Eastmoney request queue is busy
2026-09-18 14:14:03,122 INFO astock_signals.smart_router SmartRouter: board_leaders via eastmoney skipped for this request: Eastmoney request queue is busy
2026-09-18 14:14:03,124 INFO astock_signals.smart_router SmartRouter: board_leaders via eastmoney skipped for this request: Eastmoney request queue is busy
2026-09-18 14:14:04,029 WARNING tradex.http fetch_industry_quotes https://push2.eastmoney.com failed: Failed to perform, curl: (56) Connection closed abruptly. See https://curl.se/libcurl/c/libcurl-errors.html first for more details.
2026-09-18 14:14:04,553 INFO __main__ intraday sector resonance ready revision=500b98fecbdf51403ce30b57f921bbf79e8e9dceb81b63f188f4deeeb1113c2c entries=16
2026-09-18 14:14:08,173 INFO __main__ manual portfolio market ready revision=013b6f1cd233a04424ca685bfd6d80459e59880bdae6c069a302f39622a92ffc items=1 alerts=0
2026-09-18 14:14:23,563 WARNING tradex.http fetch_board_leaders BK1128 https://push2.eastmoney.com failed: Failed to perform, curl: (56) Connection closed abruptly. See https://curl.se/libcurl/c/libcurl-errors.html first for more details.
2026-09-18 14:14:23,563 WARNING astock_signals.smart_router SmartRouter: board_leaders via eastmoney FAILED: fetch_board_leaders BK1128 all sources failed: push2: Failed to perform, curl: (56) Connection closed abruptly. See https://curl.se/libcurl/c/libcurl-errors.html first for more details.
2026-09-18 14:14:23,563 WARNING tradex.dashboard.risk_service board leader enrichment BK1128 failed: All sources for 'board_leaders' failed: eastmoney: fetch_board_leaders BK1128 all sources failed: push2: Failed to perform, curl: (56) Connection closed abruptly. See https://curl.se/libcurl/c/libcurl-errors.html first for more details.
2026-09-18 14:14:25,057 WARNING tradex.http fetch_board_leaders BK0891 https://push2.eastmoney.com failed: Failed to perform, curl: (56) Connection closed abruptly. See https://curl.se/libcurl/c/libcurl-errors.html first for more details.
2026-09-18 14:14:25,058 WARNING astock_signals.smart_router SmartRouter: board_leaders via eastmoney FAILED: fetch_board_leaders BK0891 all sources failed: push2: Failed to perform, curl: (56) Connection closed abruptly. See https://curl.se/libcurl/c/libcurl-errors.html first for more details.
2026-09-18 14:14:25,058 WARNING tradex.dashboard.risk_service board leader enrichment BK0891 failed: All sources for 'board_leaders' failed: eastmoney: fetch_board_leaders BK0891 all sources failed: push2: Failed to perform, curl: (56) Connection closed abruptly. See https://curl.se/libcurl/c/libcurl-errors.html first for more details.
2026-09-18 14:14:26,231 WARNING tradex.http fetch_board_leaders BK1097 https://push2.eastmoney.com failed: Failed to perform, curl: (56) Connection closed abruptly. See https://curl.se/libcurl/c/libcurl-errors.html first for more details.
2026-09-18 14:14:26,232 WARNING astock_signals.smart_router SmartRouter: board_leaders via eastmoney FAILED: fetch_board_leaders BK1097 all sources failed: push2: Failed to perform, curl: (56) Connection closed abruptly. See https://curl.se/libcurl/c/libcurl-errors.html first for more details.
2026-09-18 14:14:26,232 WARNING tradex.dashboard.risk_service board leader enrichment BK1097 failed: All sources for 'board_leaders' failed: eastmoney: fetch_board_leaders BK1097 all sources failed: push2: Failed to perform, curl: (56) Connection closed abruptly. See https://curl.se/libcurl/c/libcurl-errors.html first for more details.
2026-09-18 14:14:27,800 WARNING tradex.http fetch_board_leaders BK0666 https://push2.eastmoney.com failed: Failed to perform, curl: (56) Connection closed abruptly. See https://curl.se/libcurl/c/libcurl-errors.html first for more details.
2026-09-18 14:14:27,848 WARNING astock_signals.smart_router SmartRouter: board_leaders via eastmoney FAILED: fetch_board_leaders BK0666 all sources failed: push2: Failed to perform, curl: (56) Connection closed abruptly. See https://curl.se/libcurl/c/libcurl-errors.html first for more details.
2026-09-18 14:14:27,863 WARNING tradex.dashboard.risk_service board leader enrichment BK0666 failed: All sources for 'board_leaders' failed: eastmoney: fetch_board_leaders BK0666 all sources failed: push2: Failed to perform, curl: (56) Connection closed abruptly. See https://curl.se/libcurl/c/libcurl-errors.html first for more details.
2026-09-18 14:14:30,219 WARNING tradex.http fetch_board_leaders BK0922 https://push2.eastmoney.com failed: Failed to perform, curl: (56) Connection closed abruptly. See https://curl.se/libcurl/c/libcurl-errors.html first for more details.
2026-09-18 14:14:30,265 WARNING astock_signals.smart_router SmartRouter: board_leaders via eastmoney FAILED: fetch_board_leaders BK0922 all sources failed: push2: Failed to perform, curl: (56) Connection closed abruptly. See https://curl.se/libcurl/c/libcurl-errors.html first for more details.
2026-09-18 14:14:30,281 WARNING tradex.dashboard.risk_service board leader enrichment BK0922 failed: All sources for 'board_leaders' failed: eastmoney: fetch_board_leaders BK0922 all sources failed: push2: Failed to perform, curl: (56) Connection closed abruptly. See https://curl.se/libcurl/c/libcurl-errors.html first for more details.
2026-09-18 14:14:34,257 WARNING tradex.http fetch_board_leaders BK0641 https://push2.eastmoney.com failed: Failed to perform, curl: (56) Connection closed abruptly. See https://curl.se/libcurl/c/libcurl-errors.html first for more details.
2026-09-18 14:14:34,258 WARNING astock_signals.smart_router SmartRouter: board_leaders via eastmoney FAILED: fetch_board_leaders BK0641 all sources failed: push2: Failed to perform, curl: (56) Connection closed abruptly. See https://curl.se/libcurl/c/libcurl-errors.html first for more details.
2026-09-18 14:14:34,258 WARNING tradex.dashboard.risk_service board leader enrichment BK0641 failed: All sources for 'board_leaders' failed: eastmoney: fetch_board_leaders BK0641 all sources failed: push2: Failed to perform, curl: (56) Connection closed abruptly. See https://curl.se/libcurl/c/libcurl-errors.html first for more details.
2026-09-18 14:14:35,543 WARNING tradex.http fetch_board_leaders BK0969 https://push2.eastmoney.com failed: Failed to perform, curl: (56) Connection closed abruptly. See https://curl.se/libcurl/c/libcurl-errors.html first for more details.
2026-09-18 14:14:35,543 WARNING astock_signals.smart_router SmartRouter: board_leaders via eastmoney FAILED: fetch_board_leaders BK0969 all sources failed: push2: Failed to perform, curl: (56) Connection closed abruptly. See https://curl.se/libcurl/c/libcurl-errors.html first for more details.
2026-09-18 14:14:35,543 WARNING tradex.dashboard.risk_service board leader enrichment BK0969 failed: All sources for 'board_leaders' failed: eastmoney: fetch_board_leaders BK0969 all sources failed: push2: Failed to perform, curl: (56) Connection closed abruptly. See https://curl.se/libcurl/c/libcurl-errors.html first for more details.
2026-09-18 14:14:36,742 WARNING tradex.http fetch_board_leaders BK1128 https://push2.eastmoney.com failed: Failed to perform, curl: (56) Connection closed abruptly. See https://curl.se/libcurl/c/libcurl-errors.html first for more details.
2026-09-18 14:14:36,742 WARNING astock_signals.smart_router SmartRouter: board_leaders via eastmoney FAILED: fetch_board_leaders BK1128 all sources failed: push2: Failed to perform, curl: (56) Connection closed abruptly. See https://curl.se/libcurl/c/libcurl-errors.html first for more details.
2026-09-18 14:14:36,742 WARNING tradex.dashboard.risk_service board leader enrichment BK1128 failed: All sources for 'board_leaders' failed: eastmoney: fetch_board_leaders BK1128 all sources failed: push2: Failed to perform, curl: (56) Connection closed abruptly. See https://curl.se/libcurl/c/libcurl-errors.html first for more details.
2026-09-18 14:14:50,806 WARNING astock_signals.smart_router SmartRouter: limit_events via ths FAILED: 同花顺涨停池 info[0] 缺少必需字段 reason_type（第 1 页）
2026-09-18 14:14:50,852 INFO __main__ live limit-up catalog pool ready revision=819e13c62b50f4363bbbbdbfbd6e435fa162a2c7fed65cfcb56b28d838c07ab9 total=74
2026-09-18 14:14:53,183 WARNING tradex.http fetch_board_leaders BK0668 https://push2.eastmoney.com failed: Failed to perform, curl: (56) Connection closed abruptly. See https://curl.se/libcurl/c/libcurl-errors.html first for more details.
2026-09-18 14:15:01,192 WARNING astock_signals.smart_router SmartRouter: limit_events via ths FAILED: 同花顺涨停池 info[0] 缺少必需字段 reason_type（第 1 页）
2026-09-18 14:15:01,193 WARNING tradex.dashboard.risk_service risk appetite component leadership_pool failed: All sources for 'limit_events' failed: ths: 同花顺涨停池 info[0] 缺少必需字段 reason_type（第 1 页）
2026-09-18 14:15:01,421 WARNING astock_signals.smart_router SmartRouter: market_breadth via ths_fuyao FAILED: 同花顺扶摇 API HTTP 请求失败: 429 Client Error: Too Many Requests for url: https://fuyao.aicubes.cn/api/a-share/special-data/limit-up-pool?size=200&page=1
2026-09-18 14:15:02,265 INFO astock_signals.smart_router SmartRouter: board_leaders via eastmoney skipped for this request: Eastmoney request queue is busy
2026-09-18 14:15:02,267 INFO astock_signals.smart_router SmartRouter: board_leaders via eastmoney skipped for this request: Eastmoney request queue is busy
2026-09-18 14:15:02,269 INFO astock_signals.smart_router SmartRouter: board_leaders via eastmoney skipped for this request: Eastmoney request queue is busy
2026-09-18 14:15:02,271 INFO astock_signals.smart_router SmartRouter: board_leaders via eastmoney skipped for this request: Eastmoney request queue is busy
2026-09-18 14:15:02,272 INFO astock_signals.smart_router SmartRouter: board_leaders via eastmoney skipped for this request: Eastmoney request queue is busy
2026-09-18 14:15:02,274 INFO astock_signals.smart_router SmartRouter: board_leaders via eastmoney skipped for this request: Eastmoney request queue is busy
2026-09-18 14:15:02,275 INFO astock_signals.smart_router SmartRouter: board_leaders via eastmoney skipped for this request: Eastmoney request queue is busy
2026-09-18 14:15:02,277 INFO astock_signals.smart_router SmartRouter: board_leaders via eastmoney skipped for this request: Eastmoney request queue is busy
2026-09-18 14:15:04,576 INFO __main__ intraday sector resonance ready revision=dd29e01a12635447d87cf258ae33e66f46ad6dc3133d65274b467050e3c25426 entries=16
2026-09-18 14:15:07,344 WARNING tradex.http fetch_industry_quotes https://push2.eastmoney.com failed: Failed to perform, curl: (56) Connection closed abruptly. See https://curl.se/libcurl/c/libcurl-errors.html first for more details.
2026-09-18 14:15:13,399 INFO __main__ manual portfolio market ready revision=28e2630fab4a447c797e9da15123abe1349d99a68bfd934ef02f84aaff7bbd37 items=1 alerts=0
2026-09-18 14:15:15,327 WARNING tradex.http fetch_industry_quotes https://push2.eastmoney.com failed: Failed to perform, curl: (56) Connection closed abruptly. See https://curl.se/libcurl/c/libcurl-errors.html first for more details.
2026-09-18 14:16:00,581 WARNING astock_signals.smart_router SmartRouter: limit_events via ths FAILED: 同花顺涨停池 info[1] 缺少必需字段 reason_type（第 1 页）
2026-09-18 14:16:00,632 INFO __main__ live limit-up catalog pool ready revision=2a42b9cb396e642840c64b3bfa53f53a4ca6ff48d58e436c5deb073658b51665 total=74
2026-09-18 14:16:01,574 WARNING astock_signals.smart_router SmartRouter: market_overview via biying FAILED: 沪深成交额更新时间不一致
2026-09-18 14:16:01,618 WARNING tradex.http fetch_board_leaders BK0494 https://push2.eastmoney.com failed: Failed to perform, curl: (56) Connection closed abruptly. See https://curl.se/libcurl/c/libcurl-errors.html first for more details.
2026-09-18 14:16:01,890 WARNING astock_signals.smart_router SmartRouter: limit_events via ths FAILED: 同花顺涨停池 info[1] 缺少必需字段 reason_type（第 1 页）
2026-09-18 14:16:01,891 WARNING tradex.dashboard.risk_service risk appetite component leadership_pool failed: All sources for 'limit_events' failed: ths: 同花顺涨停池 info[1] 缺少必需字段 reason_type（第 1 页）
2026-09-18 14:16:04,250 WARNING tradex.http fetch_board_leaders BK0668 https://push2.eastmoney.com failed: Failed to perform, curl: (56) Connection closed abruptly. See https://curl.se/libcurl/c/libcurl-errors.html first for more details.
2026-09-18 14:16:04,252 INFO astock_signals.smart_router SmartRouter: board_leaders via eastmoney skipped for this request: Eastmoney request queue is busy
2026-09-18 14:16:04,253 INFO astock_signals.smart_router SmartRouter: board_leaders via eastmoney skipped for this request: Eastmoney request queue is busy
2026-09-18 14:16:04,255 INFO astock_signals.smart_router SmartRouter: board_leaders via eastmoney skipped for this request: Eastmoney request queue is busy
2026-09-18 14:16:04,257 INFO astock_signals.smart_router SmartRouter: board_leaders via eastmoney skipped for this request: Eastmoney request queue is busy
2026-09-18 14:16:04,258 INFO astock_signals.smart_router SmartRouter: board_leaders via eastmoney skipped for this request: Eastmoney request queue is busy
2026-09-18 14:16:04,260 INFO astock_signals.smart_router SmartRouter: board_leaders via eastmoney skipped for this request: Eastmoney request queue is busy
2026-09-18 14:16:04,261 INFO astock_signals.smart_router SmartRouter: board_leaders via eastmoney skipped for this request: Eastmoney request queue is busy
2026-09-18 14:16:04,264 INFO astock_signals.smart_router SmartRouter: board_leaders via eastmoney skipped for this request: Eastmoney request queue is busy
2026-09-18 14:16:04,265 INFO astock_signals.smart_router SmartRouter: board_leaders via eastmoney skipped for this request: Eastmoney request queue is busy
2026-09-18 14:16:04,267 INFO astock_signals.smart_router SmartRouter: board_leaders via eastmoney skipped for this request: Eastmoney request queue is busy
2026-09-18 14:16:04,269 INFO astock_signals.smart_router SmartRouter: board_leaders via eastmoney skipped for this request: Eastmoney request queue is busy
2026-09-18 14:16:04,271 INFO astock_signals.smart_router SmartRouter: board_leaders via eastmoney skipped for this request: Eastmoney request queue is busy
2026-09-18 14:16:04,272 INFO astock_signals.smart_router SmartRouter: board_leaders via eastmoney skipped for this request: Eastmoney request queue is busy
2026-09-18 14:16:04,274 INFO astock_signals.smart_router SmartRouter: board_leaders via eastmoney skipped for this request: Eastmoney request queue is busy
2026-09-18 14:16:04,275 INFO astock_signals.smart_router SmartRouter: board_leaders via eastmoney skipped for this request: Eastmoney request queue is busy
2026-09-18 14:16:05,554 WARNING tradex.http fetch_industry_quotes https://push2.eastmoney.com failed: Failed to perform, curl: (56) Connection closed abruptly. See https://curl.se/libcurl/c/libcurl-errors.html first for more details.
2026-09-18 14:16:06,901 INFO __main__ intraday sector resonance ready revision=f34b7cecaa769717ac739dc1ed6ace8577bfa6a29a81f3b01ee25e45f54692b7 entries=16
2026-09-18 14:16:10,520 INFO __main__ manual portfolio market ready revision=afb32bd2ad4c48d23db7ca437a15bc5d51a9f1f5f8b770a498d6224646260957 items=1 alerts=0
2026-09-18 14:16:13,302 WARNING tradex.http fetch_industry_quotes https://push2.eastmoney.com failed: Failed to perform, curl: (56) Connection closed abruptly. See https://curl.se/libcurl/c/libcurl-errors.html first for more details.
2026-09-18 14:16:52,888 WARNING astock_signals.smart_router SmartRouter: limit_events via ths FAILED: 同花顺涨停池 info[1] 缺少必需字段 reason_type（第 1 页）
2026-09-18 14:16:52,928 INFO __main__ live limit-up catalog pool ready revision=191493be376b2257360d24c7db3775e145553c5645a4f753f69dd6940c56bd00 total=74
2026-09-18 14:16:54,211 WARNING tradex.http fetch_board_leaders BK0494 https://push2.eastmoney.com failed: Failed to perform, curl: (56) Connection closed abruptly. See https://curl.se/libcurl/c/libcurl-errors.html first for more details.
2026-09-18 14:16:56,662 WARNING tradex.http fetch_board_leaders BK0668 https://push2.eastmoney.com failed: Failed to perform, curl: (56) Connection closed abruptly. See https://curl.se/libcurl/c/libcurl-errors.html first for more details.
2026-09-18 14:16:58,895 WARNING tradex.http fetch_board_leaders BK0547 https://push2.eastmoney.com failed: Failed to perform, curl: (56) Connection closed abruptly. See https://curl.se/libcurl/c/libcurl-errors.html first for more details.
2026-09-18 14:17:01,000 WARNING astock_signals.smart_router SmartRouter: market_overview via biying FAILED: 沪深成交额更新时间不一致
2026-09-18 14:17:01,093 WARNING astock_signals.smart_router SmartRouter: market_overview via tencent_http FAILED: 沪深成交额更新时间不一致
  0%|          | 0/8 [00:00<?, ?it/s] 25%|██▌       | 2/8 [00:00<00:00, 10.42it/s] 50%|█████     | 4/8 [00:00<00:00, 10.37it/s] 75%|███████▌  | 6/8 [00:00<00:00, 10.19it/s]100%|██████████| 8/8 [00:00<00:00, 10.85it/s]                                             2026-09-18 14:17:01,936 WARNING astock_signals.smart_router SmartRouter: market_overview via akshare FAILED: 沪深成交额更新时间暂缺
2026-09-18 14:17:07,380 WARNING tradex.http fetch_board_leaders BK0892 https://push2.eastmoney.com failed: Failed to perform, curl: (56) Connection closed abruptly. See https://curl.se/libcurl/c/libcurl-errors.html first for more details.
2026-09-18 14:17:11,511 WARNING astock_signals.smart_router SmartRouter: limit_events via ths FAILED: 同花顺涨停池 info[1] 缺少必需字段 reason_type（第 1 页）
2026-09-18 14:17:11,511 WARNING tradex.dashboard.risk_service risk appetite component leadership_pool failed: All sources for 'limit_events' failed: ths: 同花顺涨停池 info[1] 缺少必需字段 reason_type（第 1 页）
2026-09-18 14:17:12,392 INFO astock_signals.smart_router SmartRouter: board_leaders via eastmoney skipped for this request: Eastmoney request queue is busy
2026-09-18 14:17:12,394 INFO astock_signals.smart_router SmartRouter: board_leaders via eastmoney skipped for this request: Eastmoney request queue is busy
2026-09-18 14:17:12,396 INFO astock_signals.smart_router SmartRouter: board_leaders via eastmoney skipped for this request: Eastmoney request queue is busy
2026-09-18 14:17:12,397 INFO astock_signals.smart_router SmartRouter: board_leaders via eastmoney skipped for this request: Eastmoney request queue is busy
2026-09-18 14:17:12,399 INFO astock_signals.smart_router SmartRouter: board_leaders via eastmoney skipped for this request: Eastmoney request queue is busy
2026-09-18 14:17:16,211 WARNING tradex.http fetch_industry_quotes https://push2.eastmoney.com failed: Failed to perform, curl: (56) Connection closed abruptly. See https://curl.se/libcurl/c/libcurl-errors.html first for more details.
2026-09-18 14:17:16,926 INFO __main__ intraday sector resonance ready revision=11497e2bb1d67243976ae85dc56a10f944c76c340f77a20b5be1c72a385342d2 entries=16
2026-09-18 14:17:23,353 INFO __main__ manual portfolio market ready revision=a3d614eaae9b0c32fc33db48667038809560bf39c84188a92ce469ce49d06d00 items=1 alerts=0
2026-09-18 14:17:23,641 WARNING tradex.http fetch_industry_quotes https://push2.eastmoney.com failed: Failed to perform, curl: (56) Connection closed abruptly. See https://curl.se/libcurl/c/libcurl-errors.html first for more details.
2026-09-18 14:18:01,573 WARNING astock_signals.smart_router SmartRouter: limit_events via ths FAILED: 同花顺涨停池 info[1] 缺少必需字段 reason_type（第 1 页）
2026-09-18 14:18:01,577 WARNING tradex.dashboard.risk_service risk appetite component leadership_pool failed: All sources for 'limit_events' failed: ths: 同花顺涨停池 info[1] 缺少必需字段 reason_type（第 1 页）
2026-09-18 14:18:01,929 WARNING tradex.http fetch_industry_quotes https://push2.eastmoney.com failed: Failed to perform, curl: (56) Connection closed abruptly. See https://curl.se/libcurl/c/libcurl-errors.html first for more details.
2026-09-18 14:18:05,985 WARNING astock_signals.smart_router SmartRouter: limit_events via ths FAILED: 同花顺涨停池 info[1] 缺少必需字段 reason_type（第 1 页）
2026-09-18 14:18:06,027 INFO __main__ live limit-up catalog pool ready revision=bd9887c31752ef00ace6f3d3c3c54563cecafc37c6a1af782de613289e4c98d1 total=74
2026-09-18 14:18:08,511 WARNING tradex.http fetch_board_leaders BK0494 https://push2.eastmoney.com failed: Failed to perform, curl: (56) Connection closed abruptly. See https://curl.se/libcurl/c/libcurl-errors.html first for more details.
2026-09-18 14:18:08,513 INFO astock_signals.smart_router SmartRouter: board_leaders via eastmoney skipped for this request: Eastmoney request queue is busy
2026-09-18 14:18:08,515 INFO astock_signals.smart_router SmartRouter: board_leaders via eastmoney skipped for this request: Eastmoney request queue is busy
2026-09-18 14:18:08,517 INFO astock_signals.smart_router SmartRouter: board_leaders via eastmoney skipped for this request: Eastmoney request queue is busy
2026-09-18 14:18:08,519 INFO astock_signals.smart_router SmartRouter: board_leaders via eastmoney skipped for this request: Eastmoney request queue is busy
2026-09-18 14:18:08,521 INFO astock_signals.smart_router SmartRouter: board_leaders via eastmoney skipped for this request: Eastmoney request queue is busy
2026-09-18 14:18:08,522 INFO astock_signals.smart_router SmartRouter: board_leaders via eastmoney skipped for this request: Eastmoney request queue is busy
2026-09-18 14:18:08,524 INFO astock_signals.smart_router SmartRouter: board_leaders via eastmoney skipped for this request: Eastmoney request queue is busy
2026-09-18 14:18:08,525 INFO astock_signals.smart_router SmartRouter: board_leaders via eastmoney skipped for this request: Eastmoney request queue is busy
2026-09-18 14:18:08,527 INFO astock_signals.smart_router SmartRouter: board_leaders via eastmoney skipped for this request: Eastmoney request queue is busy
2026-09-18 14:18:08,528 INFO astock_signals.smart_router SmartRouter: board_leaders via eastmoney skipped for this request: Eastmoney request queue is busy
2026-09-18 14:18:08,530 INFO astock_signals.smart_router SmartRouter: board_leaders via eastmoney skipped for this request: Eastmoney request queue is busy
2026-09-18 14:18:08,532 INFO astock_signals.smart_router SmartRouter: board_leaders via eastmoney skipped for this request: Eastmoney request queue is busy
2026-09-18 14:18:08,533 INFO astock_signals.smart_router SmartRouter: board_leaders via eastmoney skipped for this request: Eastmoney request queue is busy
2026-09-18 14:18:08,535 INFO astock_signals.smart_router SmartRouter: board_leaders via eastmoney skipped for this request: Eastmoney request queue is busy
2026-09-18 14:18:08,536 INFO astock_signals.smart_router SmartRouter: board_leaders via eastmoney skipped for this request: Eastmoney request queue is busy
2026-09-18 14:18:08,538 INFO astock_signals.smart_router SmartRouter: board_leaders via eastmoney skipped for this request: Eastmoney request queue is busy
2026-09-18 14:18:08,546 INFO __main__ intraday sector resonance ready revision=22cb93c1ffe8a372dce2dcc96f344fd87f1b0c36361f2a1962b4b832a6a8eab7 entries=16
2026-09-18 14:18:11,419 WARNING tradex.http fetch_industry_quotes https://push2.eastmoney.com failed: Failed to perform, curl: (56) Connection closed abruptly. See https://curl.se/libcurl/c/libcurl-errors.html first for more details.
2026-09-18 14:18:18,816 INFO __main__ manual portfolio market ready revision=9530bf242f5c7ec756f9c6dd17240ef3195ccd846f5921e82772f79b55ac46f2 items=1 alerts=0
2026-09-18 14:19:00,652 WARNING astock_signals.smart_router SmartRouter: limit_events via ths FAILED: 同花顺涨停池 info[1] 缺少必需字段 reason_type（第 1 页）
2026-09-18 14:19:00,691 INFO __main__ live limit-up catalog pool ready revision=6489704166bb99d76e37d34bb27fb90e334c20fe1e7cd6ed66fc7ee6de702d26 total=74
2026-09-18 14:19:01,849 WARNING tradex.http fetch_board_leaders BK0494 https://push2.eastmoney.com failed: Failed to perform, curl: (56) Connection closed abruptly. See https://curl.se/libcurl/c/libcurl-errors.html first for more details.
2026-09-18 14:19:02,194 WARNING astock_signals.smart_router SmartRouter: market_overview via biying FAILED: 沪深成交额更新时间不一致
2026-09-18 14:19:02,502 WARNING astock_signals.smart_router SmartRouter: limit_events via ths FAILED: 同花顺涨停池 info[1] 缺少必需字段 reason_type（第 1 页）
2026-09-18 14:19:02,502 WARNING tradex.dashboard.risk_service risk appetite component leadership_pool failed: All sources for 'limit_events' failed: ths: 同花顺涨停池 info[1] 缺少必需字段 reason_type（第 1 页）
2026-09-18 14:19:03,151 INFO astock_signals.smart_router SmartRouter: board_leaders via eastmoney skipped for this request: Eastmoney request queue is busy
2026-09-18 14:19:03,152 INFO astock_signals.smart_router SmartRouter: board_leaders via eastmoney skipped for this request: Eastmoney request queue is busy
2026-09-18 14:19:03,154 INFO astock_signals.smart_router SmartRouter: board_leaders via eastmoney skipped for this request: Eastmoney request queue is busy
2026-09-18 14:19:03,155 INFO astock_signals.smart_router SmartRouter: board_leaders via eastmoney skipped for this request: Eastmoney request queue is busy
2026-09-18 14:19:03,157 INFO astock_signals.smart_router SmartRouter: board_leaders via eastmoney skipped for this request: Eastmoney request queue is busy
2026-09-18 14:19:03,158 INFO astock_signals.smart_router SmartRouter: board_leaders via eastmoney skipped for this request: Eastmoney request queue is busy
2026-09-18 14:19:03,160 INFO astock_signals.smart_router SmartRouter: board_leaders via eastmoney skipped for this request: Eastmoney request queue is busy
2026-09-18 14:19:03,161 INFO astock_signals.smart_router SmartRouter: board_leaders via eastmoney skipped for this request: Eastmoney request queue is busy
2026-09-18 14:19:03,163 INFO astock_signals.smart_router SmartRouter: board_leaders via eastmoney skipped for this request: Eastmoney request queue is busy
2026-09-18 14:19:03,165 INFO astock_signals.smart_router SmartRouter: board_leaders via eastmoney skipped for this request: Eastmoney request queue is busy
2026-09-18 14:19:03,166 INFO astock_signals.smart_router SmartRouter: board_leaders via eastmoney skipped for this request: Eastmoney request queue is busy
2026-09-18 14:19:03,168 INFO astock_signals.smart_router SmartRouter: board_leaders via eastmoney skipped for this request: Eastmoney request queue is busy
2026-09-18 14:19:03,170 INFO astock_signals.smart_router SmartRouter: board_leaders via eastmoney skipped for this request: Eastmoney request queue is busy
2026-09-18 14:19:03,171 INFO astock_signals.smart_router SmartRouter: board_leaders via eastmoney skipped for this request: Eastmoney request queue is busy
2026-09-18 14:19:03,173 INFO astock_signals.smart_router SmartRouter: board_leaders via eastmoney skipped for this request: Eastmoney request queue is busy
2026-09-18 14:19:03,704 INFO __main__ intraday sector resonance ready revision=5c72d631d9185d2e0437b1e6270490835102522e477b5f9d4ce399ce9655311a entries=16
2026-09-18 14:19:04,636 WARNING tradex.http fetch_industry_quotes https://push2.eastmoney.com failed: Failed to perform, curl: (56) Connection closed abruptly. See https://curl.se/libcurl/c/libcurl-errors.html first for more details.
2026-09-18 14:19:09,691 INFO __main__ manual portfolio market ready revision=1daf2b76ab031fb595f34431067760025e5e811378a118d605b7de4854185e9c items=1 alerts=0
2026-09-18 14:19:13,325 WARNING tradex.http fetch_industry_quotes https://push2.eastmoney.com failed: Failed to perform, curl: (56) Connection closed abruptly. See https://curl.se/libcurl/c/libcurl-errors.html first for more details.
2026-09-18 14:19:52,141 WARNING astock_signals.smart_router SmartRouter: limit_events via ths FAILED: 同花顺涨停池 info[1] 缺少必需字段 reason_type（第 1 页）
2026-09-18 14:19:52,362 INFO __main__ live limit-up catalog pool ready revision=4f234e0c6009e9bef2dd77ef4faf965cc526350a2549361eb664d0dc9cf5c98f total=74
2026-09-18 14:19:54,702 WARNING tradex.http fetch_board_leaders BK0668 https://push2.eastmoney.com failed: Failed to perform, curl: (56) Connection closed abruptly. See https://curl.se/libcurl/c/libcurl-errors.html first for more details.
2026-09-18 14:19:57,585 WARNING tradex.http fetch_board_leaders BK0547 https://push2.eastmoney.com failed: Failed to perform, curl: (56) Connection closed abruptly. See https://curl.se/libcurl/c/libcurl-errors.html first for more details.
2026-09-18 14:20:01,225 WARNING astock_signals.smart_router SmartRouter: market_overview via biying FAILED: 沪深成交额更新时间不一致
2026-09-18 14:20:01,334 WARNING astock_signals.smart_router SmartRouter: market_overview via tencent_http FAILED: 沪深成交额更新时间不一致
  0%|          | 0/8 [00:00<?, ?it/s] 25%|██▌       | 2/8 [00:00<00:00,  9.36it/s] 38%|███▊      | 3/8 [00:00<00:00,  9.55it/s] 62%|██████▎   | 5/8 [00:00<00:00, 10.20it/s] 88%|████████▊ | 7/8 [00:00<00:00, 10.43it/s]                                             2026-09-18 14:20:02,137 WARNING astock_signals.smart_router SmartRouter: market_overview via akshare FAILED: 沪深成交额更新时间暂缺
2026-09-18 14:20:12,697 WARNING astock_signals.smart_router SmartRouter: limit_events via ths FAILED: 同花顺涨停池 info[0] 缺少必需字段 reason_type（第 1 页）
2026-09-18 14:20:12,698 WARNING tradex.dashboard.risk_service risk appetite component leadership_pool failed: All sources for 'limit_events' failed: ths: 同花顺涨停池 info[0] 缺少必需字段 reason_type（第 1 页）
2026-09-18 14:20:14,202 INFO astock_signals.smart_router SmartRouter: board_leaders via eastmoney skipped for this request: Eastmoney request queue is busy
2026-09-18 14:20:14,204 INFO astock_signals.smart_router SmartRouter: board_leaders via eastmoney skipped for this request: Eastmoney request queue is busy
2026-09-18 14:20:15,151 WARNING tradex.http fetch_industry_quotes https://push2.eastmoney.com failed: Failed to perform, curl: (56) Connection closed abruptly. See https://curl.se/libcurl/c/libcurl-errors.html first for more details.
2026-09-18 14:20:18,131 INFO __main__ intraday sector resonance ready revision=58efba80e4b8662b0a5b420336a63e2865a90b15ea58f7132020f51778552c72 entries=16
2026-09-18 14:20:23,238 WARNING tradex.http fetch_industry_quotes https://push2.eastmoney.com failed: Failed to perform, curl: (56) Connection closed abruptly. See https://curl.se/libcurl/c/libcurl-errors.html first for more details.
2026-09-18 14:20:26,912 INFO __main__ manual portfolio market ready revision=cc4cc165f67d6c2e0e32679693caeb93fe1a6c5a7d9953ba3d5d23555cffaad4 items=1 alerts=0
2026-09-18 14:20:36,348 WARNING astock_signals.smart_router SmartRouter: etf_quotes via tushare FAILED: 1 validation error for EtfQuoteV1
last
  Input should be greater than 0 [type=greater_than, input_value=0.0, input_type=float]
    For further information visit https://errors.pydantic.dev/2.13/v/greater_than
  0%|          | 0/16 [00:00<?, ?it/s]  6%|▋         | 1/16 [00:01<00:22,  1.47s/it] 12%|█▎        | 2/16 [00:03<00:25,  1.81s/it] 19%|█▉        | 3/16 [00:05<00:23,  1.84s/it] 25%|██▌       | 4/16 [00:06<00:20,  1.68s/it] 31%|███▏      | 5/16 [00:08<00:16,  1.50s/it] 38%|███▊      | 6/16 [00:08<00:13,  1.31s/it] 44%|████▍     | 7/16 [00:10<00:12,  1.35s/it] 50%|█████     | 8/16 [00:11<00:10,  1.27s/it] 56%|█████▋    | 9/16 [00:12<00:07,  1.08s/it] 62%|██████▎   | 10/16 [00:12<00:05,  1.02it/s] 69%|██████▉   | 11/16 [00:13<00:04,  1.01it/s] 75%|███████▌  | 12/16 [00:15<00:04,  1.09s/it] 81%|████████▏ | 13/16 [00:16<00:03,  1.16s/it] 88%|████████▊ | 14/16 [00:17<00:01,  1.01it/s] 94%|█████████▍| 15/16 [00:18<00:01,  1.06s/it]100%|██████████| 16/16 [00:19<00:00,  1.16s/it]                                               2026-09-18 14:20:56,304 WARNING astock_signals.smart_router SmartRouter: etf_quotes via astock_signals FAILED: ETF quote is missing or has invalid last
2026-09-18 14:20:56,305 WARNING tradex.dashboard.risk_service risk appetite component etfs failed: All sources for 'etf_quotes' failed: tushare: 1 validation error for EtfQuoteV1
last
  Input should be greater than 0 [type=greater_than, input_value=0.0, input_type=float]
    For further information visit https://errors.pydantic.dev/2.13/v/greater_than; astock_signals: ETF quote is missing or has invalid last
2026-09-18 14:21:04,037 WARNING astock_signals.smart_router SmartRouter: limit_events via ths FAILED: 同花顺涨停池 info[0] 缺少必需字段 reason_type（第 1 页）
2026-09-18 14:21:04,039 WARNING tradex.dashboard.risk_service risk appetite component leadership_pool failed: All sources for 'limit_events' failed: ths: 同花顺涨停池 info[0] 缺少必需字段 reason_type（第 1 页）
2026-09-18 14:21:04,853 WARNING tradex.http fetch_industry_quotes https://push2.eastmoney.com failed: Failed to perform, curl: (56) Connection closed abruptly. See https://curl.se/libcurl/c/libcurl-errors.html first for more details.
2026-09-18 14:21:09,978 WARNING astock_signals.smart_router SmartRouter: limit_events via ths FAILED: 同花顺涨停池 info[0] 缺少必需字段 reason_type（第 1 页）
2026-09-18 14:21:10,268 INFO __main__ live limit-up catalog pool ready revision=4837d8fbf495fe6c0c2c8f6dc2a20694049cae2b205d564cf8bb9bef0b170c54 total=75
2026-09-18 14:21:12,211 WARNING tradex.http fetch_board_leaders BK0668 https://push2.eastmoney.com failed: Failed to perform, curl: (56) Connection closed abruptly. See https://curl.se/libcurl/c/libcurl-errors.html first for more details.
2026-09-18 14:21:12,213 INFO astock_signals.smart_router SmartRouter: board_leaders via eastmoney skipped for this request: Eastmoney request queue is busy
2026-09-18 14:21:12,215 INFO astock_signals.smart_router SmartRouter: board_leaders via eastmoney skipped for this request: Eastmoney request queue is busy
2026-09-18 14:21:12,217 INFO astock_signals.smart_router SmartRouter: board_leaders via eastmoney skipped for this request: Eastmoney request queue is busy
2026-09-18 14:21:12,219 INFO astock_signals.smart_router SmartRouter: board_leaders via eastmoney skipped for this request: Eastmoney request queue is busy
2026-09-18 14:21:12,221 INFO astock_signals.smart_router SmartRouter: board_leaders via eastmoney skipped for this request: Eastmoney request queue is busy
2026-09-18 14:21:12,222 INFO astock_signals.smart_router SmartRouter: board_leaders via eastmoney skipped for this request: Eastmoney request queue is busy
2026-09-18 14:21:12,224 INFO astock_signals.smart_router SmartRouter: board_leaders via eastmoney skipped for this request: Eastmoney request queue is busy
2026-09-18 14:21:12,226 INFO astock_signals.smart_router SmartRouter: board_leaders via eastmoney skipped for this request: Eastmoney request queue is busy
2026-09-18 14:21:12,228 INFO astock_signals.smart_router SmartRouter: board_leaders via eastmoney skipped for this request: Eastmoney request queue is busy
2026-09-18 14:21:12,229 INFO astock_signals.smart_router SmartRouter: board_leaders via eastmoney skipped for this request: Eastmoney request queue is busy
2026-09-18 14:21:12,230 INFO astock_signals.smart_router SmartRouter: board_leaders via eastmoney skipped for this request: Eastmoney request queue is busy
2026-09-18 14:21:12,232 INFO astock_signals.smart_router SmartRouter: board_leaders via eastmoney skipped for this request: Eastmoney request queue is busy
2026-09-18 14:21:12,233 INFO astock_signals.smart_router SmartRouter: board_leaders via eastmoney skipped for this request: Eastmoney request queue is busy
2026-09-18 14:21:12,235 INFO astock_signals.smart_router SmartRouter: board_leaders via eastmoney skipped for this request: Eastmoney request queue is busy
2026-09-18 14:21:12,236 INFO astock_signals.smart_router SmartRouter: board_leaders via eastmoney skipped for this request: Eastmoney request queue is busy
2026-09-18 14:21:12,238 INFO astock_signals.smart_router SmartRouter: board_leaders via eastmoney skipped for this request: Eastmoney request queue is busy
2026-09-18 14:21:12,246 INFO __main__ intraday sector resonance ready revision=f467b41ec6ec2b915548c8c2f9f08ffc857d68b51f8c8b37ff1cf20144af8daf entries=16
2026-09-18 14:21:13,456 WARNING tradex.http fetch_industry_quotes https://push2.eastmoney.com failed: Failed to perform, curl: (56) Connection closed abruptly. See https://curl.se/libcurl/c/libcurl-errors.html first for more details.
2026-09-18 14:21:17,988 INFO __main__ manual portfolio market ready revision=5aa1a30868e6d6dc944ff7aab0e1ff0ebb928a95afc8b0e2f6d428c05a33d1fd items=1 alerts=0
2026-09-18 14:22:00,585 WARNING astock_signals.smart_router SmartRouter: limit_events via ths FAILED: 同花顺涨停池 info[1] 缺少必需字段 reason_type（第 1 页）
2026-09-18 14:22:00,625 INFO __main__ live limit-up catalog pool ready revision=35641e0847eac6abd6204f18e0564a88294d520cad6f187b9e41ce0bd03cb114 total=75
2026-09-18 14:22:01,727 WARNING tradex.http fetch_board_leaders BK0668 https://push2.eastmoney.com failed: Failed to perform, curl: (56) Connection closed abruptly. See https://curl.se/libcurl/c/libcurl-errors.html first for more details.
2026-09-18 14:22:02,052 WARNING astock_signals.smart_router SmartRouter: market_overview via biying FAILED: 沪深成交额更新时间不一致
2026-09-18 14:22:02,141 WARNING astock_signals.smart_router SmartRouter: market_overview via tencent_http FAILED: 沪深成交额更新时间不一致
  0%|          | 0/8 [00:00<?, ?it/s] 25%|██▌       | 2/8 [00:00<00:00, 10.78it/s] 50%|█████     | 4/8 [00:00<00:00, 10.36it/s] 75%|███████▌  | 6/8 [00:00<00:00, 10.57it/s]100%|██████████| 8/8 [00:00<00:00, 11.91it/s]                                             2026-09-18 14:22:02,920 WARNING astock_signals.smart_router SmartRouter: market_overview via akshare FAILED: 沪深成交额更新时间暂缺
2026-09-18 14:22:05,421 WARNING tradex.http fetch_board_leaders BK0825 https://push2.eastmoney.com failed: Failed to perform, curl: (56) Connection closed abruptly. See https://curl.se/libcurl/c/libcurl-errors.html first for more details.
2026-09-18 14:22:12,620 WARNING astock_signals.smart_router SmartRouter: limit_events via ths FAILED: 同花顺涨停池 info[0] 缺少必需字段 reason_type（第 1 页）
2026-09-18 14:22:12,621 WARNING tradex.dashboard.risk_service risk appetite component leadership_pool failed: All sources for 'limit_events' failed: ths: 同花顺涨停池 info[0] 缺少必需字段 reason_type（第 1 页）
2026-09-18 14:22:14,215 INFO astock_signals.smart_router SmartRouter: board_leaders via eastmoney skipped for this request: Eastmoney request queue is busy
2026-09-18 14:22:14,217 INFO astock_signals.smart_router SmartRouter: board_leaders via eastmoney skipped for this request: Eastmoney request queue is busy
2026-09-18 14:22:14,218 INFO astock_signals.smart_router SmartRouter: board_leaders via eastmoney skipped for this request: Eastmoney request queue is busy
2026-09-18 14:22:14,220 INFO astock_signals.smart_router SmartRouter: board_leaders via eastmoney skipped for this request: Eastmoney request queue is busy
2026-09-18 14:22:14,221 INFO astock_signals.smart_router SmartRouter: board_leaders via eastmoney skipped for this request: Eastmoney request queue is busy
2026-09-18 14:22:14,223 INFO astock_signals.smart_router SmartRouter: board_leaders via eastmoney skipped for this request: Eastmoney request queue is busy
2026-09-18 14:22:14,225 INFO astock_signals.smart_router SmartRouter: board_leaders via eastmoney skipped for this request: Eastmoney request queue is busy
2026-09-18 14:22:16,303 INFO __main__ intraday sector resonance ready revision=069e507e5c19fe77eb4ee5dd58fe11f5a0d6023c2627a2c35c5ee4af3d018b97 entries=16
2026-09-18 14:22:19,177 WARNING tradex.http fetch_industry_quotes https://push2.eastmoney.com failed: Failed to perform, curl: (56) Connection closed abruptly. See https://curl.se/libcurl/c/libcurl-errors.html first for more details.
2026-09-18 14:22:21,906 INFO __main__ manual portfolio market ready revision=55eb011a9f9d4001acc446b4b2400dbb69003c59df643bff82c3018e71cd518f items=1 alerts=0
2026-09-18 14:22:26,714 WARNING tradex.http fetch_industry_quotes https://push2.eastmoney.com failed: Failed to perform, curl: (56) Connection closed abruptly. See https://curl.se/libcurl/c/libcurl-errors.html first for more details.
2026-09-18 14:23:00,862 WARNING astock_signals.smart_router SmartRouter: limit_events via ths FAILED: 同花顺涨停池 info[0] 缺少必需字段 reason_type（第 1 页）
2026-09-18 14:23:00,863 WARNING tradex.dashboard.risk_service risk appetite component leadership_pool failed: All sources for 'limit_events' failed: ths: 同花顺涨停池 info[0] 缺少必需字段 reason_type（第 1 页）
2026-09-18 14:23:04,351 WARNING tradex.http fetch_industry_quotes https://push2.eastmoney.com failed: Failed to perform, curl: (56) Connection closed abruptly. See https://curl.se/libcurl/c/libcurl-errors.html first for more details.
2026-09-18 14:23:04,915 WARNING astock_signals.smart_router SmartRouter: limit_events via ths FAILED: 同花顺涨停池 info[0] 缺少必需字段 reason_type（第 1 页）
2026-09-18 14:23:04,968 INFO __main__ live limit-up catalog pool ready revision=401bd98a5654bfb4eb28d97ba7f6ec7fec8698d0c5066938068d04a4450b4ca3 total=76
2026-09-18 14:23:05,983 INFO astock_signals.smart_router SmartRouter: board_leaders via eastmoney skipped for this request: Eastmoney request queue is busy
2026-09-18 14:23:05,985 INFO astock_signals.smart_router SmartRouter: board_leaders via eastmoney skipped for this request: Eastmoney request queue is busy
2026-09-18 14:23:05,986 INFO astock_signals.smart_router SmartRouter: board_leaders via eastmoney skipped for this request: Eastmoney request queue is busy
2026-09-18 14:23:05,988 INFO astock_signals.smart_router SmartRouter: board_leaders via eastmoney skipped for this request: Eastmoney request queue is busy
2026-09-18 14:23:05,990 INFO astock_signals.smart_router SmartRouter: board_leaders via eastmoney skipped for this request: Eastmoney request queue is busy
2026-09-18 14:23:05,991 INFO astock_signals.smart_router SmartRouter: board_leaders via eastmoney skipped for this request: Eastmoney request queue is busy
2026-09-18 14:23:05,993 INFO astock_signals.smart_router SmartRouter: board_leaders via eastmoney skipped for this request: Eastmoney request queue is busy
2026-09-18 14:23:05,994 INFO astock_signals.smart_router SmartRouter: board_leaders via eastmoney skipped for this request: Eastmoney request queue is busy
2026-09-18 14:23:05,996 INFO astock_signals.smart_router SmartRouter: board_leaders via eastmoney skipped for this request: Eastmoney request queue is busy
2026-09-18 14:23:05,998 INFO astock_signals.smart_router SmartRouter: board_leaders via eastmoney skipped for this request: Eastmoney request queue is busy
2026-09-18 14:23:06,001 INFO astock_signals.smart_router SmartRouter: board_leaders via eastmoney skipped for this request: Eastmoney request queue is busy
2026-09-18 14:23:06,003 INFO astock_signals.smart_router SmartRouter: board_leaders via eastmoney skipped for this request: Eastmoney request queue is busy
2026-09-18 14:23:06,004 INFO astock_signals.smart_router SmartRouter: board_leaders via eastmoney skipped for this request: Eastmoney request queue is busy
2026-09-18 14:23:06,006 INFO astock_signals.smart_router SmartRouter: board_leaders via eastmoney skipped for this request: Eastmoney request queue is busy
2026-09-18 14:23:06,008 INFO astock_signals.smart_router SmartRouter: board_leaders via eastmoney skipped for this request: Eastmoney request queue is busy
2026-09-18 14:23:06,009 INFO astock_signals.smart_router SmartRouter: board_leaders via eastmoney skipped for this request: Eastmoney request queue is busy
2026-09-18 14:23:06,019 INFO __main__ intraday sector resonance ready revision=8cf80cf0a6fb921602d7074984c40000ddfb101847e235181387601e66b4b818 entries=16
2026-09-18 14:23:12,143 WARNING tradex.http fetch_industry_quotes https://push2.eastmoney.com failed: Failed to perform, curl: (56) Connection closed abruptly. See https://curl.se/libcurl/c/libcurl-errors.html first for more details.
2026-09-18 14:23:18,806 INFO __main__ manual portfolio market ready revision=9ba9a4200d835067ddc1fb84f4c26e91f0081fddfbf9de98ae9414ffd62fb9d9 items=1 alerts=0
2026-09-18 14:24:02,204 WARNING astock_signals.smart_router SmartRouter: limit_events via ths FAILED: 同花顺涨停池 info[0] 缺少必需字段 reason_type（第 1 页）
2026-09-18 14:24:02,204 WARNING tradex.dashboard.risk_service risk appetite component leadership_pool failed: All sources for 'limit_events' failed: ths: 同花顺涨停池 info[0] 缺少必需字段 reason_type（第 1 页）
2026-09-18 14:24:02,578 WARNING tradex.http fetch_industry_quotes https://push2.eastmoney.com failed: Failed to perform, curl: (56) Connection closed abruptly. See https://curl.se/libcurl/c/libcurl-errors.html first for more details.
2026-09-18 14:24:02,723 WARNING astock_signals.smart_router SmartRouter: limit_events via ths FAILED: 同花顺涨停池 info[0] 缺少必需字段 reason_type（第 1 页）
2026-09-18 14:24:02,755 INFO __main__ live limit-up catalog pool ready revision=e8b02106fa516509c0e5fff4b639971fb15e18ea257ca2893c5ff69d9fdb62d6 total=76
2026-09-18 14:24:05,255 WARNING tradex.http fetch_board_leaders BK0668 https://push2.eastmoney.com failed: Failed to perform, curl: (56) Connection closed abruptly. See https://curl.se/libcurl/c/libcurl-errors.html first for more details.
2026-09-18 14:24:05,258 INFO astock_signals.smart_router SmartRouter: board_leaders via eastmoney skipped for this request: Eastmoney request queue is busy
2026-09-18 14:24:05,260 INFO astock_signals.smart_router SmartRouter: board_leaders via eastmoney skipped for this request: Eastmoney request queue is busy
2026-09-18 14:24:05,262 INFO astock_signals.smart_router SmartRouter: board_leaders via eastmoney skipped for this request: Eastmoney request queue is busy
2026-09-18 14:24:05,264 INFO astock_signals.smart_router SmartRouter: board_leaders via eastmoney skipped for this request: Eastmoney request queue is busy
2026-09-18 14:24:05,267 INFO astock_signals.smart_router SmartRouter: board_leaders via eastmoney skipped for this request: Eastmoney request queue is busy
2026-09-18 14:24:05,270 INFO astock_signals.smart_router SmartRouter: board_leaders via eastmoney skipped for this request: Eastmoney request queue is busy
2026-09-18 14:24:05,272 INFO astock_signals.smart_router SmartRouter: board_leaders via eastmoney skipped for this request: Eastmoney request queue is busy
2026-09-18 14:24:05,274 INFO astock_signals.smart_router SmartRouter: board_leaders via eastmoney skipped for this request: Eastmoney request queue is busy
2026-09-18 14:24:05,275 INFO astock_signals.smart_router SmartRouter: board_leaders via eastmoney skipped for this request: Eastmoney request queue is busy
2026-09-18 14:24:05,278 INFO astock_signals.smart_router SmartRouter: board_leaders via eastmoney skipped for this request: Eastmoney request queue is busy
2026-09-18 14:24:05,281 INFO astock_signals.smart_router SmartRouter: board_leaders via eastmoney skipped for this request: Eastmoney request queue is busy
2026-09-18 14:24:05,283 INFO astock_signals.smart_router SmartRouter: board_leaders via eastmoney skipped for this request: Eastmoney request queue is busy
2026-09-18 14:24:05,284 INFO astock_signals.smart_router SmartRouter: board_leaders via eastmoney skipped for this request: Eastmoney request queue is busy
2026-09-18 14:24:05,286 INFO astock_signals.smart_router SmartRouter: board_leaders via eastmoney skipped for this request: Eastmoney request queue is busy
2026-09-18 14:24:05,288 INFO astock_signals.smart_router SmartRouter: board_leaders via eastmoney skipped for this request: Eastmoney request queue is busy
2026-09-18 14:24:05,290 INFO astock_signals.smart_router SmartRouter: board_leaders via eastmoney skipped for this request: Eastmoney request queue is busy
2026-09-18 14:24:05,301 INFO __main__ intraday sector resonance ready revision=ca8eb3494cd15e154d73adab3d37aeba0f38815dc74336e50998315196e26e06 entries=16
2026-09-18 14:24:11,270 INFO __main__ manual portfolio market ready revision=1b2000acb298ac31eb36d90e36ae411bd13edf85d1ff95d1a58386e36e2f554c items=1 alerts=0
2026-09-18 14:24:54,196 WARNING astock_signals.smart_router SmartRouter: limit_events via ths FAILED: 同花顺涨停池 info[1] 缺少必需字段 reason_type（第 1 页）
2026-09-18 14:24:54,261 INFO __main__ live limit-up catalog pool ready revision=f28956bf86ca0ee1bcb28abb4c8ed752f1e45950d8e0eb2983181ee72d68340f total=77
2026-09-18 14:24:57,985 WARNING tradex.http fetch_board_leaders BK0547 https://push2.eastmoney.com failed: Failed to perform, curl: (56) Connection closed abruptly. See https://curl.se/libcurl/c/libcurl-errors.html first for more details.
2026-09-18 14:25:01,345 WARNING astock_signals.smart_router SmartRouter: market_overview via biying FAILED: 沪深成交额更新时间不一致
2026-09-18 14:25:01,489 WARNING astock_signals.smart_router SmartRouter: market_breadth via ths_fuyao FAILED: 同花顺扶摇 API HTTP 请求失败: 429 Client Error: Too Many Requests for url: https://fuyao.aicubes.cn/api/a-share/prices/snapshot?limit=10000&offset=0
2026-09-18 14:25:01,544 WARNING astock_signals.smart_router SmartRouter: limit_events via ths FAILED: 同花顺涨停池 info[1] 缺少必需字段 reason_type（第 1 页）
2026-09-18 14:25:01,544 WARNING tradex.dashboard.risk_service risk appetite component leadership_pool failed: All sources for 'limit_events' failed: ths: 同花顺涨停池 info[1] 缺少必需字段 reason_type（第 1 页）
2026-09-18 14:25:02,240 INFO astock_signals.smart_router SmartRouter: board_leaders via eastmoney skipped for this request: Eastmoney request queue is busy
2026-09-18 14:25:02,242 INFO astock_signals.smart_router SmartRouter: board_leaders via eastmoney skipped for this request: Eastmoney request queue is busy
2026-09-18 14:25:02,244 INFO astock_signals.smart_router SmartRouter: board_leaders via eastmoney skipped for this request: Eastmoney request queue is busy
2026-09-18 14:25:02,245 INFO astock_signals.smart_router SmartRouter: board_leaders via eastmoney skipped for this request: Eastmoney request queue is busy
2026-09-18 14:25:02,247 INFO astock_signals.smart_router SmartRouter: board_leaders via eastmoney skipped for this request: Eastmoney request queue is busy
2026-09-18 14:25:02,249 INFO astock_signals.smart_router SmartRouter: board_leaders via eastmoney skipped for this request: Eastmoney request queue is busy
2026-09-18 14:25:02,250 INFO astock_signals.smart_router SmartRouter: board_leaders via eastmoney skipped for this request: Eastmoney request queue is busy
2026-09-18 14:25:02,252 INFO astock_signals.smart_router SmartRouter: board_leaders via eastmoney skipped for this request: Eastmoney request queue is busy
2026-09-18 14:25:02,253 INFO astock_signals.smart_router SmartRouter: board_leaders via eastmoney skipped for this request: Eastmoney request queue is busy
2026-09-18 14:25:02,255 INFO astock_signals.smart_router SmartRouter: board_leaders via eastmoney skipped for this request: Eastmoney request queue is busy
2026-09-18 14:25:02,257 INFO astock_signals.smart_router SmartRouter: board_leaders via eastmoney skipped for this request: Eastmoney request queue is busy
2026-09-18 14:25:05,886 INFO __main__ intraday sector resonance ready revision=f11b907c49526a982943f7567f2934b8fdc51df0d2b42c07d4858373fcc08ea2 entries=16
2026-09-18 14:25:10,724 WARNING tradex.http fetch_industry_quotes https://push2.eastmoney.com failed: Failed to perform, curl: (56) Connection closed abruptly. See https://curl.se/libcurl/c/libcurl-errors.html first for more details.
2026-09-18 14:25:10,817 INFO __main__ manual portfolio market ready revision=9704532c7d25337c5d7694e5bb2551ad6cc0f2c2edc8257eca0f7c9740983e7f items=1 alerts=0
2026-09-18 14:25:17,823 WARNING tradex.http fetch_industry_quotes https://push2.eastmoney.com failed: Failed to perform, curl: (56) Connection closed abruptly. See https://curl.se/libcurl/c/libcurl-errors.html first for more details.
2026-09-18 14:25:54,017 WARNING astock_signals.smart_router SmartRouter: limit_events via ths FAILED: 同花顺涨停池 info[1] 缺少必需字段 reason_type（第 1 页）
2026-09-18 14:25:54,070 INFO __main__ live limit-up catalog pool ready revision=a5dd3302d93dc163001f3b75b2eb0e1c95eaf4b8eed2e1e4707bbc780f9afa9e total=77
2026-09-18 14:25:55,165 WARNING tradex.http fetch_board_leaders BK0494 https://push2.eastmoney.com failed: Failed to perform, curl: (56) Connection closed abruptly. See https://curl.se/libcurl/c/libcurl-errors.html first for more details.
2026-09-18 14:25:57,463 WARNING tradex.http fetch_board_leaders BK0668 https://push2.eastmoney.com failed: Failed to perform, curl: (56) Connection closed abruptly. See https://curl.se/libcurl/c/libcurl-errors.html first for more details.
2026-09-18 14:26:00,009 WARNING tradex.http fetch_board_leaders BK0547 https://push2.eastmoney.com failed: Failed to perform, curl: (56) Connection closed abruptly. See https://curl.se/libcurl/c/libcurl-errors.html first for more details.
2026-09-18 14:26:00,779 WARNING astock_signals.smart_router SmartRouter: limit_events via ths FAILED: 同花顺涨停池 info[1] 缺少必需字段 reason_type（第 1 页）
2026-09-18 14:26:00,779 WARNING tradex.dashboard.risk_service risk appetite component leadership_pool failed: All sources for 'limit_events' failed: ths: 同花顺涨停池 info[1] 缺少必需字段 reason_type（第 1 页）
2026-09-18 14:26:01,357 INFO astock_signals.smart_router SmartRouter: board_leaders via eastmoney skipped for this request: Eastmoney request queue is busy
2026-09-18 14:26:01,359 INFO astock_signals.smart_router SmartRouter: board_leaders via eastmoney skipped for this request: Eastmoney request queue is busy
2026-09-18 14:26:01,361 INFO astock_signals.smart_router SmartRouter: board_leaders via eastmoney skipped for this request: Eastmoney request queue is busy
2026-09-18 14:26:01,362 INFO astock_signals.smart_router SmartRouter: board_leaders via eastmoney skipped for this request: Eastmoney request queue is busy
2026-09-18 14:26:01,364 INFO astock_signals.smart_router SmartRouter: board_leaders via eastmoney skipped for this request: Eastmoney request queue is busy
2026-09-18 14:26:01,366 INFO astock_signals.smart_router SmartRouter: board_leaders via eastmoney skipped for this request: Eastmoney request queue is busy
2026-09-18 14:26:01,367 INFO astock_signals.smart_router SmartRouter: board_leaders via eastmoney skipped for this request: Eastmoney request queue is busy
2026-09-18 14:26:01,369 INFO astock_signals.smart_router SmartRouter: board_leaders via eastmoney skipped for this request: Eastmoney request queue is busy
2026-09-18 14:26:01,371 INFO astock_signals.smart_router SmartRouter: board_leaders via eastmoney skipped for this request: Eastmoney request queue is busy
2026-09-18 14:26:01,373 INFO astock_signals.smart_router SmartRouter: board_leaders via eastmoney skipped for this request: Eastmoney request queue is busy
2026-09-18 14:26:01,374 INFO astock_signals.smart_router SmartRouter: board_leaders via eastmoney skipped for this request: Eastmoney request queue is busy
2026-09-18 14:26:01,376 INFO astock_signals.smart_router SmartRouter: board_leaders via eastmoney skipped for this request: Eastmoney request queue is busy
2026-09-18 14:26:01,377 INFO astock_signals.smart_router SmartRouter: board_leaders via eastmoney skipped for this request: Eastmoney request queue is busy
2026-09-18 14:26:02,796 WARNING tradex.http fetch_industry_quotes https://push2.eastmoney.com failed: Failed to perform, curl: (56) Connection closed abruptly. See https://curl.se/libcurl/c/libcurl-errors.html first for more details.
2026-09-18 14:26:04,227 INFO __main__ intraday sector resonance ready revision=dacd3a733014c84f9d8ad2de15afd3b59ae9525ac3e31d9457b24d52b5b43724 entries=16
2026-09-18 14:26:10,890 WARNING tradex.http fetch_industry_quotes https://push2.eastmoney.com failed: Failed to perform, curl: (56) Connection closed abruptly. See https://curl.se/libcurl/c/libcurl-errors.html first for more details.
2026-09-18 14:26:10,924 INFO __main__ manual portfolio market ready revision=a75a46c6494875136f6f61907955b0e9468ab57623d90ce2466c7b0e8d84f1c9 items=1 alerts=0
2026-09-18 14:26:54,746 WARNING astock_signals.smart_router SmartRouter: limit_events via ths FAILED: 同花顺涨停池 info[1] 缺少必需字段 reason_type（第 1 页）
2026-09-18 14:26:54,795 INFO __main__ live limit-up catalog pool ready revision=5e7a51e96b9cb1b3189c7d400e5c5deae222443ec7a5c5fe1832fa9410475231 total=77
2026-09-18 14:26:55,862 WARNING tradex.http fetch_board_leaders BK0494 https://push2.eastmoney.com failed: Failed to perform, curl: (56) Connection closed abruptly. See https://curl.se/libcurl/c/libcurl-errors.html first for more details.
2026-09-18 14:26:58,213 WARNING tradex.http fetch_board_leaders BK0668 https://push2.eastmoney.com failed: Failed to perform, curl: (56) Connection closed abruptly. See https://curl.se/libcurl/c/libcurl-errors.html first for more details.
2026-09-18 14:27:00,751 WARNING tradex.http fetch_board_leaders BK0547 https://push2.eastmoney.com failed: Failed to perform, curl: (56) Connection closed abruptly. See https://curl.se/libcurl/c/libcurl-errors.html first for more details.
2026-09-18 14:27:01,223 WARNING astock_signals.smart_router SmartRouter: market_overview via biying FAILED: 沪深成交额更新时间不一致
2026-09-18 14:27:01,324 WARNING astock_signals.smart_router SmartRouter: market_overview via tencent_http FAILED: 沪深成交额更新时间不一致
  0%|          | 0/8 [00:00<?, ?it/s] 25%|██▌       | 2/8 [00:00<00:00, 10.54it/s] 50%|█████     | 4/8 [00:00<00:00, 10.63it/s] 75%|███████▌  | 6/8 [00:00<00:00, 10.10it/s]100%|██████████| 8/8 [00:00<00:00, 11.22it/s]                                             2026-09-18 14:27:02,125 WARNING astock_signals.smart_router SmartRouter: market_overview via akshare FAILED: 沪深成交额更新时间暂缺
2026-09-18 14:27:03,280 WARNING tradex.http fetch_board_leaders BK0825 https://push2.eastmoney.com failed: Failed to perform, curl: (56) Connection closed abruptly. See https://curl.se/libcurl/c/libcurl-errors.html first for more details.
2026-09-18 14:27:08,193 WARNING tradex.http fetch_board_leaders BK0603 https://push2.eastmoney.com failed: Failed to perform, curl: (56) Connection closed abruptly. See https://curl.se/libcurl/c/libcurl-errors.html first for more details.
2026-09-18 14:27:12,899 WARNING astock_signals.smart_router SmartRouter: limit_events via ths FAILED: 同花顺涨停池 info[1] 缺少必需字段 reason_type（第 1 页）
2026-09-18 14:27:12,900 WARNING tradex.dashboard.risk_service risk appetite component leadership_pool failed: All sources for 'limit_events' failed: ths: 同花顺涨停池 info[1] 缺少必需字段 reason_type（第 1 页）
2026-09-18 14:27:13,273 INFO astock_signals.smart_router SmartRouter: board_leaders via eastmoney skipped for this request: Eastmoney request queue is busy
2026-09-18 14:27:13,275 INFO astock_signals.smart_router SmartRouter: board_leaders via eastmoney skipped for this request: Eastmoney request queue is busy
2026-09-18 14:27:13,278 INFO astock_signals.smart_router SmartRouter: board_leaders via eastmoney skipped for this request: Eastmoney request queue is busy
2026-09-18 14:27:13,281 INFO astock_signals.smart_router SmartRouter: board_leaders via eastmoney skipped for this request: Eastmoney request queue is busy
2026-09-18 14:27:13,283 INFO astock_signals.smart_router SmartRouter: board_leaders via eastmoney skipped for this request: Eastmoney request queue is busy
2026-09-18 14:27:13,285 INFO astock_signals.smart_router SmartRouter: board_leaders via eastmoney skipped for this request: Eastmoney request queue is busy
2026-09-18 14:27:15,769 INFO __main__ intraday sector resonance ready revision=4b34b4212dbed55a364a56058c12b2138e3d86f80d2e392381c67036f37bbc35 entries=16
2026-09-18 14:27:21,945 WARNING tradex.http fetch_industry_quotes https://push2.eastmoney.com failed: Failed to perform, curl: (56) Connection closed abruptly. See https://curl.se/libcurl/c/libcurl-errors.html first for more details.
2026-09-18 14:27:34,462 INFO __main__ manual portfolio market ready revision=aeaf084486b804bb8cf18e9931e0027ee2145db823753ac2b21bdd7da6aa8587 items=1 alerts=0
2026-09-18 14:27:40,163 WARNING tradex.http fetch_board_leaders BK1031 https://push2.eastmoney.com failed: Failed to perform, curl: (56) Connection closed abruptly. See https://curl.se/libcurl/c/libcurl-errors.html first for more details.
2026-09-18 14:27:40,210 WARNING astock_signals.smart_router SmartRouter: board_leaders via eastmoney FAILED: fetch_board_leaders BK1031 all sources failed: push2: Failed to perform, curl: (56) Connection closed abruptly. See https://curl.se/libcurl/c/libcurl-errors.html first for more details.
2026-09-18 14:27:40,226 WARNING tradex.dashboard.risk_service board leader enrichment BK1031 failed: All sources for 'board_leaders' failed: eastmoney: fetch_board_leaders BK1031 all sources failed: push2: Failed to perform, curl: (56) Connection closed abruptly. See https://curl.se/libcurl/c/libcurl-errors.html first for more details.
2026-09-18 14:27:42,116 WARNING tradex.http fetch_board_leaders BK1237 https://push2.eastmoney.com failed: Failed to perform, curl: (56) Connection closed abruptly. See https://curl.se/libcurl/c/libcurl-errors.html first for more details.
2026-09-18 14:27:42,354 WARNING astock_signals.smart_router SmartRouter: board_leaders via eastmoney FAILED: fetch_board_leaders BK1237 all sources failed: push2: Failed to perform, curl: (56) Connection closed abruptly. See https://curl.se/libcurl/c/libcurl-errors.html first for more details.
2026-09-18 14:27:42,369 WARNING tradex.dashboard.risk_service board leader enrichment BK1237 failed: All sources for 'board_leaders' failed: eastmoney: fetch_board_leaders BK1237 all sources failed: push2: Failed to perform, curl: (56) Connection closed abruptly. See https://curl.se/libcurl/c/libcurl-errors.html first for more details.
2026-09-18 14:27:43,074 WARNING tradex.http fetch_board_leaders BK0448 https://push2.eastmoney.com failed: Failed to perform, curl: (56) Connection closed abruptly. See https://curl.se/libcurl/c/libcurl-errors.html first for more details.
2026-09-18 14:27:43,074 WARNING astock_signals.smart_router SmartRouter: board_leaders via eastmoney FAILED: fetch_board_leaders BK0448 all sources failed: push2: Failed to perform, curl: (56) Connection closed abruptly. See https://curl.se/libcurl/c/libcurl-errors.html first for more details.
2026-09-18 14:27:43,074 WARNING tradex.dashboard.risk_service board leader enrichment BK0448 failed: All sources for 'board_leaders' failed: eastmoney: fetch_board_leaders BK0448 all sources failed: push2: Failed to perform, curl: (56) Connection closed abruptly. See https://curl.se/libcurl/c/libcurl-errors.html first for more details.
2026-09-18 14:27:44,715 WARNING tradex.http fetch_board_leaders BK1037 https://push2.eastmoney.com failed: Failed to perform, curl: (56) Connection closed abruptly. See https://curl.se/libcurl/c/libcurl-errors.html first for more details.
2026-09-18 14:27:44,715 WARNING astock_signals.smart_router SmartRouter: board_leaders via eastmoney FAILED: fetch_board_leaders BK1037 all sources failed: push2: Failed to perform, curl: (56) Connection closed abruptly. See https://curl.se/libcurl/c/libcurl-errors.html first for more details.
2026-09-18 14:27:44,715 WARNING tradex.dashboard.risk_service board leader enrichment BK1037 failed: All sources for 'board_leaders' failed: eastmoney: fetch_board_leaders BK1037 all sources failed: push2: Failed to perform, curl: (56) Connection closed abruptly. See https://curl.se/libcurl/c/libcurl-errors.html first for more details.
2026-09-18 14:28:00,798 WARNING astock_signals.smart_router SmartRouter: limit_events via ths FAILED: 同花顺涨停池 info[1] 缺少必需字段 reason_type（第 1 页）
2026-09-18 14:28:00,798 WARNING tradex.dashboard.risk_service risk appetite component leadership_pool failed: All sources for 'limit_events' failed: ths: 同花顺涨停池 info[1] 缺少必需字段 reason_type（第 1 页）
2026-09-18 14:28:03,991 WARNING tradex.http fetch_industry_quotes https://push2.eastmoney.com failed: Failed to perform, curl: (56) Connection closed abruptly. See https://curl.se/libcurl/c/libcurl-errors.html first for more details.
2026-09-18 14:28:12,475 WARNING tradex.http fetch_industry_quotes https://push2.eastmoney.com failed: Failed to perform, curl: (56) Connection closed abruptly. See https://curl.se/libcurl/c/libcurl-errors.html first for more details.
2026-09-18 14:28:18,339 WARNING astock_signals.smart_router SmartRouter: limit_events via ths FAILED: 同花顺涨停池 info[1] 缺少必需字段 reason_type（第 1 页）
2026-09-18 14:28:18,381 INFO __main__ live limit-up catalog pool ready revision=a534f0d03d4eaeec9b05ef993c85438f83c393a6709074700ac0ed4215e62252 total=77
2026-09-18 14:28:20,575 WARNING tradex.http fetch_board_leaders BK0494 https://push2.eastmoney.com failed: Failed to perform, curl: (56) Connection closed abruptly. See https://curl.se/libcurl/c/libcurl-errors.html first for more details.
2026-09-18 14:28:20,577 INFO astock_signals.smart_router SmartRouter: board_leaders via eastmoney skipped for this request: Eastmoney request queue is busy
2026-09-18 14:28:20,580 INFO astock_signals.smart_router SmartRouter: board_leaders via eastmoney skipped for this request: Eastmoney request queue is busy
2026-09-18 14:28:20,582 INFO astock_signals.smart_router SmartRouter: board_leaders via eastmoney skipped for this request: Eastmoney request queue is busy
2026-09-18 14:28:20,583 INFO astock_signals.smart_router SmartRouter: board_leaders via eastmoney skipped for this request: Eastmoney request queue is busy
2026-09-18 14:28:20,585 INFO astock_signals.smart_router SmartRouter: board_leaders via eastmoney skipped for this request: Eastmoney request queue is busy
2026-09-18 14:28:20,587 INFO astock_signals.smart_router SmartRouter: board_leaders via eastmoney skipped for this request: Eastmoney request queue is busy
2026-09-18 14:28:20,588 INFO astock_signals.smart_router SmartRouter: board_leaders via eastmoney skipped for this request: Eastmoney request queue is busy
2026-09-18 14:28:20,590 INFO astock_signals.smart_router SmartRouter: board_leaders via eastmoney skipped for this request: Eastmoney request queue is busy
2026-09-18 14:28:20,592 INFO astock_signals.smart_router SmartRouter: board_leaders via eastmoney skipped for this request: Eastmoney request queue is busy
2026-09-18 14:28:20,594 INFO astock_signals.smart_router SmartRouter: board_leaders via eastmoney skipped for this request: Eastmoney request queue is busy
2026-09-18 14:28:20,596 INFO astock_signals.smart_router SmartRouter: board_leaders via eastmoney skipped for this request: Eastmoney request queue is busy
2026-09-18 14:28:20,598 INFO astock_signals.smart_router SmartRouter: board_leaders via eastmoney skipped for this request: Eastmoney request queue is busy
2026-09-18 14:28:20,599 INFO astock_signals.smart_router SmartRouter: board_leaders via eastmoney skipped for this request: Eastmoney request queue is busy
2026-09-18 14:28:20,601 INFO astock_signals.smart_router SmartRouter: board_leaders via eastmoney skipped for this request: Eastmoney request queue is busy
2026-09-18 14:28:20,602 INFO astock_signals.smart_router SmartRouter: board_leaders via eastmoney skipped for this request: Eastmoney request queue is busy
2026-09-18 14:28:20,604 INFO astock_signals.smart_router SmartRouter: board_leaders via eastmoney skipped for this request: Eastmoney request queue is busy
2026-09-18 14:28:20,613 INFO __main__ intraday sector resonance ready revision=0260598224c4a1ce556cb5983ff1814cf1ed6a07f5334bac4682f96859586302 entries=16
2026-09-18 14:28:32,776 INFO __main__ manual portfolio market ready revision=f597be406b7773ba4d69fff5c43257c466fe85450479d8462bfa62eec0ba06e6 items=1 alerts=0
2026-09-18 14:29:00,992 WARNING astock_signals.smart_router SmartRouter: market_overview via biying FAILED: 沪深成交额更新时间不一致
2026-09-18 14:29:01,292 WARNING astock_signals.smart_router SmartRouter: limit_events via ths FAILED: 同花顺涨停池 info[1] 缺少必需字段 reason_type（第 1 页）
2026-09-18 14:29:01,293 WARNING tradex.dashboard.risk_service risk appetite component leadership_pool failed: All sources for 'limit_events' failed: ths: 同花顺涨停池 info[1] 缺少必需字段 reason_type（第 1 页）
2026-09-18 14:29:01,983 WARNING tradex.http fetch_industry_quotes https://push2.eastmoney.com failed: Failed to perform, curl: (56) Connection closed abruptly. See https://curl.se/libcurl/c/libcurl-errors.html first for more details.
2026-09-18 14:29:10,936 WARNING tradex.http fetch_industry_quotes https://push2.eastmoney.com failed: Failed to perform, curl: (56) Connection closed abruptly. See https://curl.se/libcurl/c/libcurl-errors.html first for more details.
2026-09-18 14:29:17,451 WARNING astock_signals.smart_router SmartRouter: limit_events via ths FAILED: 同花顺涨停池 info[1] 缺少必需字段 reason_type（第 1 页）
2026-09-18 14:29:17,492 INFO __main__ live limit-up catalog pool ready revision=ce2796598f19cc47da4e701163b8c863ed9b52a2e9c6bad6c2f00336ed2b5f36 total=76
2026-09-18 14:29:23,856 INFO astock_signals.smart_router SmartRouter: board_leaders via eastmoney skipped for this request: Eastmoney request queue is busy
2026-09-18 14:29:23,858 INFO astock_signals.smart_router SmartRouter: board_leaders via eastmoney skipped for this request: Eastmoney request queue is busy
2026-09-18 14:29:23,860 INFO astock_signals.smart_router SmartRouter: board_leaders via eastmoney skipped for this request: Eastmoney request queue is busy
2026-09-18 14:29:23,862 INFO astock_signals.smart_router SmartRouter: board_leaders via eastmoney skipped for this request: Eastmoney request queue is busy
2026-09-18 14:29:23,864 INFO astock_signals.smart_router SmartRouter: board_leaders via eastmoney skipped for this request: Eastmoney request queue is busy
2026-09-18 14:29:23,865 INFO astock_signals.smart_router SmartRouter: board_leaders via eastmoney skipped for this request: Eastmoney request queue is busy
2026-09-18 14:29:23,869 INFO astock_signals.smart_router SmartRouter: board_leaders via eastmoney skipped for this request: Eastmoney request queue is busy
2026-09-18 14:29:23,885 INFO astock_signals.smart_router SmartRouter: board_leaders via eastmoney skipped for this request: Eastmoney request queue is busy
2026-09-18 14:29:23,888 INFO astock_signals.smart_router SmartRouter: board_leaders via eastmoney skipped for this request: Eastmoney request queue is busy
2026-09-18 14:29:23,890 INFO astock_signals.smart_router SmartRouter: board_leaders via eastmoney skipped for this request: Eastmoney request queue is busy
2026-09-18 14:29:23,892 INFO astock_signals.smart_router SmartRouter: board_leaders via eastmoney skipped for this request: Eastmoney request queue is busy
2026-09-18 14:29:23,893 INFO astock_signals.smart_router SmartRouter: board_leaders via eastmoney skipped for this request: Eastmoney request queue is busy
2026-09-18 14:29:23,895 INFO astock_signals.smart_router SmartRouter: board_leaders via eastmoney skipped for this request: Eastmoney request queue is busy
2026-09-18 14:29:27,294 INFO __main__ intraday sector resonance ready revision=65ba4bf001e79deb87fca3d7691f614c3318711e63e3902bec1384366608155d entries=16
2026-09-18 14:29:36,001 INFO __main__ manual portfolio market ready revision=d570bb8d8734cc48f12aacd82ec2b93123308020c74111ab96f4909b15391634 items=1 alerts=0
2026-09-18 14:30:00,846 WARNING astock_signals.smart_router SmartRouter: limit_events via ths FAILED: 同花顺涨停池 info[0] 缺少必需字段 reason_type（第 1 页）
2026-09-18 14:30:00,847 WARNING tradex.dashboard.risk_service risk appetite component leadership_pool failed: All sources for 'limit_events' failed: ths: 同花顺涨停池 info[0] 缺少必需字段 reason_type（第 1 页）
2026-09-18 14:30:15,658 WARNING tradex.http fetch_industry_quotes https://push2.eastmoney.com failed: Failed to perform, curl: (56) Connection closed abruptly. See https://curl.se/libcurl/c/libcurl-errors.html first for more details.
2026-09-18 14:30:30,830 WARNING astock_signals.smart_router SmartRouter: limit_events via ths FAILED: 同花顺涨停池 info[0] 缺少必需字段 reason_type（第 1 页）
2026-09-18 14:30:30,859 INFO __main__ live limit-up catalog pool ready revision=26bacd1cb319497986dff2ba06c9b7d8b6e1e72493343315e0963299ebd0dcb8 total=77
2026-09-18 14:30:33,402 WARNING tradex.http fetch_board_leaders BK0494 https://push2.eastmoney.com failed: Failed to perform, curl: (56) Connection closed abruptly. See https://curl.se/libcurl/c/libcurl-errors.html first for more details.
2026-09-18 14:30:39,205 WARNING tradex.http fetch_board_leaders BK0448 https://push2.eastmoney.com failed: Failed to perform, curl: (56) Connection closed abruptly. See https://curl.se/libcurl/c/libcurl-errors.html first for more details.
2026-09-18 14:30:39,206 WARNING astock_signals.smart_router SmartRouter: board_leaders via eastmoney FAILED: fetch_board_leaders BK0448 all sources failed: push2: Failed to perform, curl: (56) Connection closed abruptly. See https://curl.se/libcurl/c/libcurl-errors.html first for more details.
2026-09-18 14:30:39,206 WARNING tradex.dashboard.risk_service board leader enrichment BK0448 failed: All sources for 'board_leaders' failed: eastmoney: fetch_board_leaders BK0448 all sources failed: push2: Failed to perform, curl: (56) Connection closed abruptly. See https://curl.se/libcurl/c/libcurl-errors.html first for more details.
2026-09-18 14:30:39,208 INFO astock_signals.smart_router SmartRouter: board_leaders via eastmoney skipped for this request: Eastmoney request queue is busy
2026-09-18 14:30:39,208 WARNING tradex.dashboard.risk_service board leader enrichment BK1037 failed: All sources for 'board_leaders' failed: eastmoney: Eastmoney request queue is busy
2026-09-18 14:30:40,448 WARNING tradex.http fetch_board_leaders BK0547 https://push2.eastmoney.com failed: Failed to perform, curl: (56) Connection closed abruptly. See https://curl.se/libcurl/c/libcurl-errors.html first for more details.
2026-09-18 14:30:45,982 WARNING tradex.http fetch_board_leaders BK0474 https://push2.eastmoney.com failed: Failed to perform, curl: (56) Connection closed abruptly. See https://curl.se/libcurl/c/libcurl-errors.html first for more details.
2026-09-18 14:30:57,424 WARNING tradex.http fetch_board_leaders BK1646 https://push2.eastmoney.com failed: Failed to perform, curl: (56) Connection closed abruptly. See https://curl.se/libcurl/c/libcurl-errors.html first for more details.
2026-09-18 14:31:00,337 WARNING tradex.http fetch_board_leaders BK1101 https://push2.eastmoney.com failed: Failed to perform, curl: (56) Connection closed abruptly. See https://curl.se/libcurl/c/libcurl-errors.html first for more details.
2026-09-18 14:31:01,128 WARNING astock_signals.smart_router SmartRouter: market_overview via biying FAILED: 沪深成交额更新时间不一致
2026-09-18 14:31:01,337 WARNING astock_signals.smart_router SmartRouter: limit_events via ths FAILED: 同花顺涨停池 info[0] 缺少必需字段 reason_type（第 1 页）
2026-09-18 14:31:01,337 WARNING tradex.dashboard.risk_service risk appetite component leadership_pool failed: All sources for 'limit_events' failed: ths: 同花顺涨停池 info[0] 缺少必需字段 reason_type（第 1 页）
2026-09-18 14:31:02,826 WARNING tradex.http fetch_board_leaders BK0922 https://push2.eastmoney.com failed: Failed to perform, curl: (56) Connection closed abruptly. See https://curl.se/libcurl/c/libcurl-errors.html first for more details.
2026-09-18 14:31:02,828 INFO astock_signals.smart_router SmartRouter: board_leaders via eastmoney skipped for this request: Eastmoney request queue is busy
2026-09-18 14:31:04,094 WARNING tradex.http fetch_industry_quotes https://push2.eastmoney.com failed: Failed to perform, curl: (56) Connection closed abruptly. See https://curl.se/libcurl/c/libcurl-errors.html first for more details.
2026-09-18 14:31:06,922 INFO __main__ intraday sector resonance ready revision=aead396d22a36246493cdecb16c150e5c796de72026aed73e18067e2fb9a1d55 entries=16
2026-09-18 14:31:11,442 INFO __main__ manual portfolio market ready revision=1587dd3e8a2dee651c34e66be0e01fb40773d657f9341819c0c61fff8525ee0f items=1 alerts=0
2026-09-18 14:31:12,004 WARNING tradex.http fetch_industry_quotes https://push2.eastmoney.com failed: Failed to perform, curl: (56) Connection closed abruptly. See https://curl.se/libcurl/c/libcurl-errors.html first for more details.
2026-09-18 14:31:54,894 WARNING astock_signals.smart_router SmartRouter: limit_events via ths FAILED: 同花顺涨停池 info[0] 缺少必需字段 reason_type（第 1 页）
2026-09-18 14:31:54,939 INFO __main__ live limit-up catalog pool ready revision=6bbfb307a197f70dc8c429ea00664dc3c330c7f81e0768eaef82ea97500cdeb3 total=77
2026-09-18 14:31:56,204 WARNING tradex.http fetch_board_leaders BK0494 https://push2.eastmoney.com failed: Failed to perform, curl: (56) Connection closed abruptly. See https://curl.se/libcurl/c/libcurl-errors.html first for more details.
2026-09-18 14:32:01,212 WARNING astock_signals.smart_router SmartRouter: market_overview via biying FAILED: 沪深成交额更新时间不一致
2026-09-18 14:32:01,307 WARNING astock_signals.smart_router SmartRouter: market_overview via tencent_http FAILED: 沪深成交额更新时间不一致
  0%|          | 0/8 [00:00<?, ?it/s] 12%|█▎        | 1/8 [00:00<00:00,  9.33it/s] 25%|██▌       | 2/8 [00:00<00:00,  9.60it/s] 38%|███▊      | 3/8 [00:00<00:00,  9.69it/s] 50%|█████     | 4/8 [00:00<00:00,  9.67it/s] 62%|██████▎   | 5/8 [00:00<00:00,  9.38it/s] 88%|████████▊ | 7/8 [00:00<00:00,  9.68it/s]                                             2026-09-18 14:32:02,185 WARNING astock_signals.smart_router SmartRouter: market_overview via akshare FAILED: 沪深成交额更新时间暂缺
2026-09-18 14:32:12,767 WARNING astock_signals.smart_router SmartRouter: limit_events via ths FAILED: 同花顺涨停池 info[0] 缺少必需字段 reason_type（第 1 页）
2026-09-18 14:32:12,771 WARNING tradex.dashboard.risk_service risk appetite component leadership_pool failed: All sources for 'limit_events' failed: ths: 同花顺涨停池 info[0] 缺少必需字段 reason_type（第 1 页）
2026-09-18 14:32:13,117 INFO astock_signals.smart_router SmartRouter: board_leaders via eastmoney skipped for this request: Eastmoney request queue is busy
2026-09-18 14:32:13,118 INFO astock_signals.smart_router SmartRouter: board_leaders via eastmoney skipped for this request: Eastmoney request queue is busy
2026-09-18 14:32:13,120 INFO astock_signals.smart_router SmartRouter: board_leaders via eastmoney skipped for this request: Eastmoney request queue is busy
2026-09-18 14:32:14,243 WARNING tradex.http fetch_industry_quotes https://push2.eastmoney.com failed: Failed to perform, curl: (56) Connection closed abruptly. See https://curl.se/libcurl/c/libcurl-errors.html first for more details.
2026-09-18 14:32:21,786 WARNING tradex.http fetch_industry_quotes https://push2.eastmoney.com failed: Failed to perform, curl: (56) Connection closed abruptly. See https://curl.se/libcurl/c/libcurl-errors.html first for more details.
2026-09-18 14:32:23,880 INFO __main__ intraday sector resonance ready revision=de05b30e8e8e58da83d201363204791a596e6fbdba9c837a2a0111dc17116117 entries=16
2026-09-18 14:32:28,952 INFO __main__ manual portfolio market ready revision=d44eb01fa4d1cc8e474b609b721823aeeb98bf0cbb247358c44db60a093f0bca items=1 alerts=0
2026-09-18 14:33:02,404 WARNING astock_signals.smart_router SmartRouter: limit_events via ths FAILED: 同花顺涨停池 info[0] 缺少必需字段 reason_type（第 1 页）
2026-09-18 14:33:02,419 WARNING tradex.dashboard.risk_service risk appetite component leadership_pool failed: All sources for 'limit_events' failed: ths: 同花顺涨停池 info[0] 缺少必需字段 reason_type（第 1 页）
2026-09-18 14:33:07,408 WARNING tradex.http fetch_industry_quotes https://push2.eastmoney.com failed: Failed to perform, curl: (56) Connection closed abruptly. See https://curl.se/libcurl/c/libcurl-errors.html first for more details.
2026-09-18 14:33:13,696 WARNING astock_signals.smart_router SmartRouter: limit_events via ths FAILED: 同花顺涨停池 info[0] 缺少必需字段 reason_type（第 1 页）
2026-09-18 14:33:13,747 INFO __main__ live limit-up catalog pool ready revision=7a0cd6f23bb05c9f8bce3059b201ffbdf1753d01c89b4ad782d968f3dbb260cf total=76
2026-09-18 14:33:15,532 WARNING tradex.http fetch_industry_quotes https://push2.eastmoney.com failed: Failed to perform, curl: (56) Connection closed abruptly. See https://curl.se/libcurl/c/libcurl-errors.html first for more details.
2026-09-18 14:33:16,966 INFO astock_signals.smart_router SmartRouter: board_leaders via eastmoney skipped for this request: Eastmoney request queue is busy
2026-09-18 14:33:16,969 INFO astock_signals.smart_router SmartRouter: board_leaders via eastmoney skipped for this request: Eastmoney request queue is busy
2026-09-18 14:33:16,972 INFO astock_signals.smart_router SmartRouter: board_leaders via eastmoney skipped for this request: Eastmoney request queue is busy
2026-09-18 14:33:16,974 INFO astock_signals.smart_router SmartRouter: board_leaders via eastmoney skipped for this request: Eastmoney request queue is busy
2026-09-18 14:33:16,976 INFO astock_signals.smart_router SmartRouter: board_leaders via eastmoney skipped for this request: Eastmoney request queue is busy
2026-09-18 14:33:16,978 INFO astock_signals.smart_router SmartRouter: board_leaders via eastmoney skipped for this request: Eastmoney request queue is busy
2026-09-18 14:33:16,980 INFO astock_signals.smart_router SmartRouter: board_leaders via eastmoney skipped for this request: Eastmoney request queue is busy
2026-09-18 14:33:16,981 INFO astock_signals.smart_router SmartRouter: board_leaders via eastmoney skipped for this request: Eastmoney request queue is busy
2026-09-18 14:33:16,983 INFO astock_signals.smart_router SmartRouter: board_leaders via eastmoney skipped for this request: Eastmoney request queue is busy
2026-09-18 14:33:16,986 INFO astock_signals.smart_router SmartRouter: board_leaders via eastmoney skipped for this request: Eastmoney request queue is busy
2026-09-18 14:33:16,988 INFO astock_signals.smart_router SmartRouter: board_leaders via eastmoney skipped for this request: Eastmoney request queue is busy
2026-09-18 14:33:16,989 INFO astock_signals.smart_router SmartRouter: board_leaders via eastmoney skipped for this request: Eastmoney request queue is busy
2026-09-18 14:33:16,991 INFO astock_signals.smart_router SmartRouter: board_leaders via eastmoney skipped for this request: Eastmoney request queue is busy
2026-09-18 14:33:16,993 INFO astock_signals.smart_router SmartRouter: board_leaders via eastmoney skipped for this request: Eastmoney request queue is busy
2026-09-18 14:33:16,995 INFO astock_signals.smart_router SmartRouter: board_leaders via eastmoney skipped for this request: Eastmoney request queue is busy
2026-09-18 14:33:18,473 INFO __main__ intraday sector resonance ready revision=c434a7cf07021e73b583cb8fe15d351de80f7d1c857aaf6fd1d9f917c0d32f4b entries=16
2026-09-18 14:33:30,667 INFO __main__ manual portfolio market ready revision=51a7ec5cbc8ae2126f9838f75df6febeb099ec91b0092c4b0dd6069a48016a7d items=1 alerts=0
2026-09-18 14:34:01,376 WARNING astock_signals.smart_router SmartRouter: limit_events via ths FAILED: 同花顺涨停池 info[0] 缺少必需字段 reason_type（第 1 页）
2026-09-18 14:34:01,376 WARNING tradex.dashboard.risk_service risk appetite component leadership_pool failed: All sources for 'limit_events' failed: ths: 同花顺涨停池 info[0] 缺少必需字段 reason_type（第 1 页）
2026-09-18 14:34:14,675 WARNING tradex.http fetch_industry_quotes https://push2.eastmoney.com failed: Failed to perform, curl: (56) Connection closed abruptly. See https://curl.se/libcurl/c/libcurl-errors.html first for more details.
2026-09-18 14:34:15,544 WARNING astock_signals.smart_router SmartRouter: limit_events via ths FAILED: 同花顺涨停池 info[0] 缺少必需字段 reason_type（第 1 页）
2026-09-18 14:34:15,590 INFO __main__ live limit-up catalog pool ready revision=1501c5f274a65c52e2650bfd6c79511713cd951d14e2aeb66f00ad79517c539c total=77
2026-09-18 14:34:18,005 WARNING tradex.http fetch_board_leaders BK0494 https://push2.eastmoney.com failed: Failed to perform, curl: (56) Connection closed abruptly. See https://curl.se/libcurl/c/libcurl-errors.html first for more details.
2026-09-18 14:34:18,007 INFO astock_signals.smart_router SmartRouter: board_leaders via eastmoney skipped for this request: Eastmoney request queue is busy
2026-09-18 14:34:18,009 INFO astock_signals.smart_router SmartRouter: board_leaders via eastmoney skipped for this request: Eastmoney request queue is busy
2026-09-18 14:34:18,011 INFO astock_signals.smart_router SmartRouter: board_leaders via eastmoney skipped for this request: Eastmoney request queue is busy
2026-09-18 14:34:18,013 INFO astock_signals.smart_router SmartRouter: board_leaders via eastmoney skipped for this request: Eastmoney request queue is busy
2026-09-18 14:34:18,014 INFO astock_signals.smart_router SmartRouter: board_leaders via eastmoney skipped for this request: Eastmoney request queue is busy
2026-09-18 14:34:18,016 INFO astock_signals.smart_router SmartRouter: board_leaders via eastmoney skipped for this request: Eastmoney request queue is busy
2026-09-18 14:34:18,018 INFO astock_signals.smart_router SmartRouter: board_leaders via eastmoney skipped for this request: Eastmoney request queue is busy
2026-09-18 14:34:18,020 INFO astock_signals.smart_router SmartRouter: board_leaders via eastmoney skipped for this request: Eastmoney request queue is busy
2026-09-18 14:34:18,021 INFO astock_signals.smart_router SmartRouter: board_leaders via eastmoney skipped for this request: Eastmoney request queue is busy
2026-09-18 14:34:18,023 INFO astock_signals.smart_router SmartRouter: board_leaders via eastmoney skipped for this request: Eastmoney request queue is busy
2026-09-18 14:34:18,025 INFO astock_signals.smart_router SmartRouter: board_leaders via eastmoney skipped for this request: Eastmoney request queue is busy
2026-09-18 14:34:18,027 INFO astock_signals.smart_router SmartRouter: board_leaders via eastmoney skipped for this request: Eastmoney request queue is busy
2026-09-18 14:34:18,029 INFO astock_signals.smart_router SmartRouter: board_leaders via eastmoney skipped for this request: Eastmoney request queue is busy
2026-09-18 14:34:18,031 INFO astock_signals.smart_router SmartRouter: board_leaders via eastmoney skipped for this request: Eastmoney request queue is busy
2026-09-18 14:34:18,033 INFO astock_signals.smart_router SmartRouter: board_leaders via eastmoney skipped for this request: Eastmoney request queue is busy
2026-09-18 14:34:18,035 INFO astock_signals.smart_router SmartRouter: board_leaders via eastmoney skipped for this request: Eastmoney request queue is busy
2026-09-18 14:34:18,044 INFO __main__ intraday sector resonance ready revision=c48cabd671e6d8cef0b443eeaa8d91eca0b486f250c07471e5b98f79e7587c86 entries=16
2026-09-18 14:34:21,053 INFO __main__ manual portfolio market ready revision=0a8c53da51e9b360049c9a13ae7e460df3370a1ad9830f15e8ad228db3964063 items=1 alerts=0
2026-09-18 14:34:31,581 WARNING tradex.http fetch_board_leaders BK1036 https://push2.eastmoney.com failed: Failed to perform, curl: (56) Connection closed abruptly. See https://curl.se/libcurl/c/libcurl-errors.html first for more details.
2026-09-18 14:34:31,627 WARNING astock_signals.smart_router SmartRouter: board_leaders via eastmoney FAILED: fetch_board_leaders BK1036 all sources failed: push2: Failed to perform, curl: (56) Connection closed abruptly. See https://curl.se/libcurl/c/libcurl-errors.html first for more details.
2026-09-18 14:34:31,643 WARNING tradex.dashboard.risk_service board leader enrichment BK1036 failed: All sources for 'board_leaders' failed: eastmoney: fetch_board_leaders BK1036 all sources failed: push2: Failed to perform, curl: (56) Connection closed abruptly. See https://curl.se/libcurl/c/libcurl-errors.html first for more details.
2026-09-18 14:34:35,259 WARNING tradex.http fetch_board_leaders BK1237 https://push2.eastmoney.com failed: Failed to perform, curl: (56) Connection closed abruptly. See https://curl.se/libcurl/c/libcurl-errors.html first for more details.
2026-09-18 14:34:35,306 WARNING astock_signals.smart_router SmartRouter: board_leaders via eastmoney FAILED: fetch_board_leaders BK1237 all sources failed: push2: Failed to perform, curl: (56) Connection closed abruptly. See https://curl.se/libcurl/c/libcurl-errors.html first for more details.
2026-09-18 14:34:35,322 WARNING tradex.dashboard.risk_service board leader enrichment BK1237 failed: All sources for 'board_leaders' failed: eastmoney: fetch_board_leaders BK1237 all sources failed: push2: Failed to perform, curl: (56) Connection closed abruptly. See https://curl.se/libcurl/c/libcurl-errors.html first for more details.
2026-09-18 14:35:01,154 WARNING astock_signals.smart_router SmartRouter: limit_events via ths FAILED: 同花顺涨停池 info[0] 缺少必需字段 reason_type（第 1 页）
2026-09-18 14:35:01,156 WARNING tradex.dashboard.risk_service risk appetite component leadership_pool failed: All sources for 'limit_events' failed: ths: 同花顺涨停池 info[0] 缺少必需字段 reason_type（第 1 页）
2026-09-18 14:35:01,892 WARNING tradex.http fetch_industry_quotes https://push2.eastmoney.com failed: Failed to perform, curl: (56) Connection closed abruptly. See https://curl.se/libcurl/c/libcurl-errors.html first for more details.
2026-09-18 14:35:09,720 WARNING tradex.http fetch_industry_quotes https://push2.eastmoney.com failed: Failed to perform, curl: (56) Connection closed abruptly. See https://curl.se/libcurl/c/libcurl-errors.html first for more details.
2026-09-18 14:35:48,787 WARNING astock_signals.smart_router SmartRouter: limit_events via ths FAILED: 同花顺涨停池 info[0] 缺少必需字段 reason_type（第 1 页）
2026-09-18 14:35:48,833 INFO __main__ live limit-up catalog pool ready revision=f28820d67828a8efde3798d2280d1ed36a4891f3c4ebeeb5dc6c00190097a882 total=77
2026-09-18 14:35:50,091 WARNING tradex.http fetch_board_leaders BK0494 https://push2.eastmoney.com failed: Failed to perform, curl: (56) Connection closed abruptly. See https://curl.se/libcurl/c/libcurl-errors.html first for more details.
2026-09-18 14:35:52,645 WARNING tradex.http fetch_board_leaders BK0668 https://push2.eastmoney.com failed: Failed to perform, curl: (56) Connection closed abruptly. See https://curl.se/libcurl/c/libcurl-errors.html first for more details.
2026-09-18 14:35:55,208 WARNING tradex.http fetch_board_leaders BK0825 https://push2.eastmoney.com failed: Failed to perform, curl: (56) Connection closed abruptly. See https://curl.se/libcurl/c/libcurl-errors.html first for more details.
2026-09-18 14:35:57,771 WARNING tradex.http fetch_board_leaders BK1216 https://push2.eastmoney.com failed: Failed to perform, curl: (56) Connection closed abruptly. See https://curl.se/libcurl/c/libcurl-errors.html first for more details.
2026-09-18 14:36:00,264 WARNING tradex.http fetch_board_leaders BK0547 https://push2.eastmoney.com failed: Failed to perform, curl: (56) Connection closed abruptly. See https://curl.se/libcurl/c/libcurl-errors.html first for more details.
2026-09-18 14:36:00,896 WARNING astock_signals.smart_router SmartRouter: limit_events via ths FAILED: 同花顺涨停池 info[0] 缺少必需字段 reason_type（第 1 页）
2026-09-18 14:36:00,896 WARNING tradex.dashboard.risk_service risk appetite component leadership_pool failed: All sources for 'limit_events' failed: ths: 同花顺涨停池 info[0] 缺少必需字段 reason_type（第 1 页）
2026-09-18 14:36:02,735 WARNING tradex.http fetch_board_leaders BK0615 https://push2.eastmoney.com failed: Failed to perform, curl: (56) Connection closed abruptly. See https://curl.se/libcurl/c/libcurl-errors.html first for more details.
2026-09-18 14:36:02,737 INFO astock_signals.smart_router SmartRouter: board_leaders via eastmoney skipped for this request: Eastmoney request queue is busy
2026-09-18 14:36:02,739 INFO astock_signals.smart_router SmartRouter: board_leaders via eastmoney skipped for this request: Eastmoney request queue is busy
2026-09-18 14:36:02,740 INFO astock_signals.smart_router SmartRouter: board_leaders via eastmoney skipped for this request: Eastmoney request queue is busy
2026-09-18 14:36:02,743 INFO astock_signals.smart_router SmartRouter: board_leaders via eastmoney skipped for this request: Eastmoney request queue is busy
2026-09-18 14:36:02,744 INFO astock_signals.smart_router SmartRouter: board_leaders via eastmoney skipped for this request: Eastmoney request queue is busy
2026-09-18 14:36:02,746 INFO astock_signals.smart_router SmartRouter: board_leaders via eastmoney skipped for this request: Eastmoney request queue is busy
2026-09-18 14:36:02,748 INFO astock_signals.smart_router SmartRouter: board_leaders via eastmoney skipped for this request: Eastmoney request queue is busy
2026-09-18 14:36:02,750 INFO astock_signals.smart_router SmartRouter: board_leaders via eastmoney skipped for this request: Eastmoney request queue is busy
2026-09-18 14:36:02,751 INFO astock_signals.smart_router SmartRouter: board_leaders via eastmoney skipped for this request: Eastmoney request queue is busy
2026-09-18 14:36:02,753 INFO astock_signals.smart_router SmartRouter: board_leaders via eastmoney skipped for this request: Eastmoney request queue is busy
2026-09-18 14:36:02,755 INFO astock_signals.smart_router SmartRouter: board_leaders via eastmoney skipped for this request: Eastmoney request queue is busy
2026-09-18 14:36:04,040 WARNING tradex.http fetch_industry_quotes https://push2.eastmoney.com failed: Failed to perform, curl: (56) Connection closed abruptly. See https://curl.se/libcurl/c/libcurl-errors.html first for more details.
2026-09-18 14:36:16,180 INFO __main__ intraday sector resonance ready revision=ce43de57cf4db4841a956b747f03140536ef5ca0ef5071f07f550cf73b6bffe7 entries=16
2026-09-18 14:36:18,130 WARNING tradex.http fetch_industry_quotes https://push2.eastmoney.com failed: Failed to perform, curl: (56) Connection closed abruptly. See https://curl.se/libcurl/c/libcurl-errors.html first for more details.
2026-09-18 14:36:24,197 INFO __main__ manual portfolio market ready revision=52441d5a7c38e8529ae9d1e9373b407860669925cae3827c6d0bde3a28b9a260 items=1 alerts=0
2026-09-18 14:37:04,167 WARNING astock_signals.smart_router SmartRouter: limit_events via ths FAILED: 同花顺涨停池 info[0] 缺少必需字段 reason_type（第 1 页）
2026-09-18 14:37:04,168 WARNING tradex.dashboard.risk_service risk appetite component leadership_pool failed: All sources for 'limit_events' failed: ths: 同花顺涨停池 info[0] 缺少必需字段 reason_type（第 1 页）
2026-09-18 14:37:04,749 WARNING tradex.http fetch_industry_quotes https://push2.eastmoney.com failed: Failed to perform, curl: (56) Connection closed abruptly. See https://curl.se/libcurl/c/libcurl-errors.html first for more details.
2026-09-18 14:37:09,236 WARNING astock_signals.smart_router SmartRouter: limit_events via ths FAILED: 同花顺涨停池 info[0] 缺少必需字段 reason_type（第 1 页）
2026-09-18 14:37:09,287 INFO __main__ live limit-up catalog pool ready revision=0150e5c911cf6b2db00dc465d4b70d58198efd492b0d0bf2ccc518254e4718b3 total=77
2026-09-18 14:37:11,384 WARNING tradex.http fetch_board_leaders BK0494 https://push2.eastmoney.com failed: Failed to perform, curl: (56) Connection closed abruptly. See https://curl.se/libcurl/c/libcurl-errors.html first for more details.
2026-09-18 14:37:11,387 INFO astock_signals.smart_router SmartRouter: board_leaders via eastmoney skipped for this request: Eastmoney request queue is busy
2026-09-18 14:37:11,389 INFO astock_signals.smart_router SmartRouter: board_leaders via eastmoney skipped for this request: Eastmoney request queue is busy
2026-09-18 14:37:11,391 INFO astock_signals.smart_router SmartRouter: board_leaders via eastmoney skipped for this request: Eastmoney request queue is busy
2026-09-18 14:37:11,392 INFO astock_signals.smart_router SmartRouter: board_leaders via eastmoney skipped for this request: Eastmoney request queue is busy
2026-09-18 14:37:11,394 INFO astock_signals.smart_router SmartRouter: board_leaders via eastmoney skipped for this request: Eastmoney request queue is busy
2026-09-18 14:37:11,396 INFO astock_signals.smart_router SmartRouter: board_leaders via eastmoney skipped for this request: Eastmoney request queue is busy
2026-09-18 14:37:11,397 INFO astock_signals.smart_router SmartRouter: board_leaders via eastmoney skipped for this request: Eastmoney request queue is busy
2026-09-18 14:37:11,399 INFO astock_signals.smart_router SmartRouter: board_leaders via eastmoney skipped for this request: Eastmoney request queue is busy
2026-09-18 14:37:11,401 INFO astock_signals.smart_router SmartRouter: board_leaders via eastmoney skipped for this request: Eastmoney request queue is busy
2026-09-18 14:37:11,403 INFO astock_signals.smart_router SmartRouter: board_leaders via eastmoney skipped for this request: Eastmoney request queue is busy
2026-09-18 14:37:11,406 INFO astock_signals.smart_router SmartRouter: board_leaders via eastmoney skipped for this request: Eastmoney request queue is busy
2026-09-18 14:37:11,408 INFO astock_signals.smart_router SmartRouter: board_leaders via eastmoney skipped for this request: Eastmoney request queue is busy
2026-09-18 14:37:11,410 INFO astock_signals.smart_router SmartRouter: board_leaders via eastmoney skipped for this request: Eastmoney request queue is busy
2026-09-18 14:37:11,412 INFO astock_signals.smart_router SmartRouter: board_leaders via eastmoney skipped for this request: Eastmoney request queue is busy
2026-09-18 14:37:11,413 INFO astock_signals.smart_router SmartRouter: board_leaders via eastmoney skipped for this request: Eastmoney request queue is busy
2026-09-18 14:37:11,415 INFO astock_signals.smart_router SmartRouter: board_leaders via eastmoney skipped for this request: Eastmoney request queue is busy
2026-09-18 14:37:11,424 INFO __main__ intraday sector resonance ready revision=5eb38a12468d74f0c48dfd1806c1e3adf6aab1b010da1bf78a54d2cdc9b2c742 entries=16
2026-09-18 14:37:14,131 WARNING tradex.http fetch_industry_quotes https://push2.eastmoney.com failed: Failed to perform, curl: (56) Connection closed abruptly. See https://curl.se/libcurl/c/libcurl-errors.html first for more details.
2026-09-18 14:37:18,561 INFO __main__ manual portfolio market ready revision=5cb1100af48ce394b5a013b39ebe0a780fa7b3ccf6a4debf0b37a5494360463e items=1 alerts=0
2026-09-18 14:38:00,628 WARNING astock_signals.smart_router SmartRouter: market_overview via biying FAILED: 沪深成交额更新时间不一致
2026-09-18 14:38:00,781 WARNING astock_signals.smart_router SmartRouter: market_overview via tencent_http FAILED: 沪深成交额更新时间不一致
  0%|          | 0/8 [00:00<?, ?it/s] 12%|█▎        | 1/8 [00:00<00:01,  4.24it/s] 25%|██▌       | 2/8 [00:00<00:02,  2.26it/s] 38%|███▊      | 3/8 [00:01<00:02,  2.48it/s] 50%|█████     | 4/8 [00:01<00:01,  3.47it/s] 62%|██████▎   | 5/8 [00:01<00:00,  4.47it/s]2026-09-18 14:38:02,369 WARNING astock_signals.smart_router SmartRouter: limit_events via ths FAILED: 同花顺涨停池 info[0] 缺少必需字段 reason_type（第 1 页）
2026-09-18 14:38:02,412 INFO __main__ live limit-up catalog pool ready revision=c46b2f6d26707ccd22e0763ad4fcb5d39d098096f45ae826ee7b9752a5dabccd total=77
 75%|███████▌  | 6/8 [00:01<00:00,  5.48it/s] 88%|████████▊ | 7/8 [00:01<00:00,  4.44it/s]100%|██████████| 8/8 [00:02<00:00,  3.53it/s]                                             2026-09-18 14:38:03,243 WARNING astock_signals.smart_router SmartRouter: market_overview via akshare FAILED: 沪深成交额更新时间暂缺
2026-09-18 14:38:03,667 WARNING tradex.http fetch_board_leaders BK0494 https://push2.eastmoney.com failed: Failed to perform, curl: (56) Connection closed abruptly. See https://curl.se/libcurl/c/libcurl-errors.html first for more details.
2026-09-18 14:38:13,739 WARNING astock_signals.smart_router SmartRouter: limit_events via ths FAILED: 同花顺涨停池 info[0] 缺少必需字段 reason_type（第 1 页）
2026-09-18 14:38:13,739 WARNING tradex.dashboard.risk_service risk appetite component leadership_pool failed: All sources for 'limit_events' failed: ths: 同花顺涨停池 info[0] 缺少必需字段 reason_type（第 1 页）
2026-09-18 14:38:15,430 INFO astock_signals.smart_router SmartRouter: board_leaders via eastmoney skipped for this request: Eastmoney request queue is busy
2026-09-18 14:38:15,432 INFO astock_signals.smart_router SmartRouter: board_leaders via eastmoney skipped for this request: Eastmoney request queue is busy
2026-09-18 14:38:15,434 INFO astock_signals.smart_router SmartRouter: board_leaders via eastmoney skipped for this request: Eastmoney request queue is busy
2026-09-18 14:38:15,435 INFO astock_signals.smart_router SmartRouter: board_leaders via eastmoney skipped for this request: Eastmoney request queue is busy
2026-09-18 14:38:15,437 INFO astock_signals.smart_router SmartRouter: board_leaders via eastmoney skipped for this request: Eastmoney request queue is busy
2026-09-18 14:38:15,439 INFO astock_signals.smart_router SmartRouter: board_leaders via eastmoney skipped for this request: Eastmoney request queue is busy
2026-09-18 14:38:15,440 INFO astock_signals.smart_router SmartRouter: board_leaders via eastmoney skipped for this request: Eastmoney request queue is busy
2026-09-18 14:38:21,225 INFO __main__ intraday sector resonance ready revision=d9ea1c74b56ed1a131336a5f1390433b07dcca3273ced297e64932af268fa52c entries=16
2026-09-18 14:38:23,359 WARNING tradex.http fetch_industry_quotes https://push2.eastmoney.com failed: Failed to perform, curl: (56) Connection closed abruptly. See https://curl.se/libcurl/c/libcurl-errors.html first for more details.
2026-09-18 14:38:28,697 INFO __main__ manual portfolio market ready revision=9448aa83f8ade0aef2104b64343bb3d18618ab9659bdc8be3ea2b30d8744f043 items=1 alerts=0
2026-09-18 14:39:02,676 WARNING astock_signals.smart_router SmartRouter: limit_events via ths FAILED: 同花顺涨停池 info[0] 缺少必需字段 reason_type（第 1 页）
2026-09-18 14:39:02,691 WARNING tradex.dashboard.risk_service risk appetite component leadership_pool failed: All sources for 'limit_events' failed: ths: 同花顺涨停池 info[0] 缺少必需字段 reason_type（第 1 页）
2026-09-18 14:39:06,964 WARNING tradex.http fetch_industry_quotes https://push2.eastmoney.com failed: Failed to perform, curl: (56) Connection closed abruptly. See https://curl.se/libcurl/c/libcurl-errors.html first for more details.
2026-09-18 14:39:12,549 WARNING astock_signals.smart_router SmartRouter: limit_events via ths FAILED: 同花顺涨停池 info[0] 缺少必需字段 reason_type（第 1 页）
2026-09-18 14:39:12,590 INFO __main__ live limit-up catalog pool ready revision=2c1cd608bd7c9c8804f89baea7f2aebc74a52c63118161b0025e454b6b6452e7 total=77
2026-09-18 14:39:14,612 WARNING tradex.http fetch_board_leaders BK0494 https://push2.eastmoney.com failed: Failed to perform, curl: (56) Connection closed abruptly. See https://curl.se/libcurl/c/libcurl-errors.html first for more details.
2026-09-18 14:39:14,614 INFO astock_signals.smart_router SmartRouter: board_leaders via eastmoney skipped for this request: Eastmoney request queue is busy
2026-09-18 14:39:14,616 INFO astock_signals.smart_router SmartRouter: board_leaders via eastmoney skipped for this request: Eastmoney request queue is busy
2026-09-18 14:39:14,617 INFO astock_signals.smart_router SmartRouter: board_leaders via eastmoney skipped for this request: Eastmoney request queue is busy
2026-09-18 14:39:14,619 INFO astock_signals.smart_router SmartRouter: board_leaders via eastmoney skipped for this request: Eastmoney request queue is busy
2026-09-18 14:39:14,620 INFO astock_signals.smart_router SmartRouter: board_leaders via eastmoney skipped for this request: Eastmoney request queue is busy
2026-09-18 14:39:14,622 INFO astock_signals.smart_router SmartRouter: board_leaders via eastmoney skipped for this request: Eastmoney request queue is busy
2026-09-18 14:39:14,623 INFO astock_signals.smart_router SmartRouter: board_leaders via eastmoney skipped for this request: Eastmoney request queue is busy
2026-09-18 14:39:14,625 INFO astock_signals.smart_router SmartRouter: board_leaders via eastmoney skipped for this request: Eastmoney request queue is busy
2026-09-18 14:39:14,626 INFO astock_signals.smart_router SmartRouter: board_leaders via eastmoney skipped for this request: Eastmoney request queue is busy
2026-09-18 14:39:14,628 INFO astock_signals.smart_router SmartRouter: board_leaders via eastmoney skipped for this request: Eastmoney request queue is busy
2026-09-18 14:39:14,630 INFO astock_signals.smart_router SmartRouter: board_leaders via eastmoney skipped for this request: Eastmoney request queue is busy
2026-09-18 14:39:14,631 INFO astock_signals.smart_router SmartRouter: board_leaders via eastmoney skipped for this request: Eastmoney request queue is busy
2026-09-18 14:39:14,633 INFO astock_signals.smart_router SmartRouter: board_leaders via eastmoney skipped for this request: Eastmoney request queue is busy
2026-09-18 14:39:14,635 INFO astock_signals.smart_router SmartRouter: board_leaders via eastmoney skipped for this request: Eastmoney request queue is busy
2026-09-18 14:39:14,636 INFO astock_signals.smart_router SmartRouter: board_leaders via eastmoney skipped for this request: Eastmoney request queue is busy
2026-09-18 14:39:14,638 INFO astock_signals.smart_router SmartRouter: board_leaders via eastmoney skipped for this request: Eastmoney request queue is busy
2026-09-18 14:39:14,646 INFO __main__ intraday sector resonance ready revision=33b4b13e4405c96fb8c8e507c276d02fceb99c4e6181dd7f08ec7d2342f51469 entries=16
2026-09-18 14:39:15,825 WARNING tradex.http fetch_industry_quotes https://push2.eastmoney.com failed: Failed to perform, curl: (56) Connection closed abruptly. See https://curl.se/libcurl/c/libcurl-errors.html first for more details.
2026-09-18 14:39:27,262 INFO __main__ manual portfolio market ready revision=8b0f8184458efaebe6264b53062d2475b4e8dba869cb080b43786ec11341d62f items=1 alerts=0
2026-09-18 14:40:07,678 WARNING astock_signals.smart_router SmartRouter: limit_events via ths FAILED: 同花顺涨停池 info[0] 缺少必需字段 reason_type（第 1 页）
2026-09-18 14:40:07,679 WARNING tradex.dashboard.risk_service risk appetite component leadership_pool failed: All sources for 'limit_events' failed: ths: 同花顺涨停池 info[0] 缺少必需字段 reason_type（第 1 页）
2026-09-18 14:40:12,016 WARNING astock_signals.smart_router SmartRouter: limit_events via ths FAILED: 同花顺涨停池 info[0] 缺少必需字段 reason_type（第 1 页）
2026-09-18 14:40:12,065 INFO __main__ live limit-up catalog pool ready revision=a2cbc36c8232d7ef3fc5ba688c7121f454f981d548eedb77fa57ed2c767e29d6 total=77
2026-09-18 14:40:15,172 INFO astock_signals.smart_router SmartRouter: board_leaders via eastmoney skipped for this request: Eastmoney request queue is busy
2026-09-18 14:40:15,174 INFO astock_signals.smart_router SmartRouter: board_leaders via eastmoney skipped for this request: Eastmoney request queue is busy
2026-09-18 14:40:15,176 INFO astock_signals.smart_router SmartRouter: board_leaders via eastmoney skipped for this request: Eastmoney request queue is busy
2026-09-18 14:40:15,177 INFO astock_signals.smart_router SmartRouter: board_leaders via eastmoney skipped for this request: Eastmoney request queue is busy
2026-09-18 14:40:15,179 INFO astock_signals.smart_router SmartRouter: board_leaders via eastmoney skipped for this request: Eastmoney request queue is busy
2026-09-18 14:40:15,180 INFO astock_signals.smart_router SmartRouter: board_leaders via eastmoney skipped for this request: Eastmoney request queue is busy
2026-09-18 14:40:15,182 INFO astock_signals.smart_router SmartRouter: board_leaders via eastmoney skipped for this request: Eastmoney request queue is busy
2026-09-18 14:40:15,183 INFO astock_signals.smart_router SmartRouter: board_leaders via eastmoney skipped for this request: Eastmoney request queue is busy
2026-09-18 14:40:15,185 INFO astock_signals.smart_router SmartRouter: board_leaders via eastmoney skipped for this request: Eastmoney request queue is busy
2026-09-18 14:40:15,187 INFO astock_signals.smart_router SmartRouter: board_leaders via eastmoney skipped for this request: Eastmoney request queue is busy
2026-09-18 14:40:15,190 INFO astock_signals.smart_router SmartRouter: board_leaders via eastmoney skipped for this request: Eastmoney request queue is busy
2026-09-18 14:40:15,192 INFO astock_signals.smart_router SmartRouter: board_leaders via eastmoney skipped for this request: Eastmoney request queue is busy
2026-09-18 14:40:15,194 INFO astock_signals.smart_router SmartRouter: board_leaders via eastmoney skipped for this request: Eastmoney request queue is busy
2026-09-18 14:40:15,195 INFO astock_signals.smart_router SmartRouter: board_leaders via eastmoney skipped for this request: Eastmoney request queue is busy
2026-09-18 14:40:15,197 INFO astock_signals.smart_router SmartRouter: board_leaders via eastmoney skipped for this request: Eastmoney request queue is busy
2026-09-18 14:40:17,120 INFO __main__ intraday sector resonance ready revision=36a66d2f55b91382b53c764cc6a468631378a1d058b408af9ec8441c9388f198 entries=16
2026-09-18 14:40:26,841 INFO __main__ manual portfolio market ready revision=57e9a4d278387fdca89176d5e33826a56cdb19a9c1634f13630ba0b5f2f2a181 items=1 alerts=0
2026-09-18 14:40:29,044 WARNING tradex.http fetch_board_leaders BK1128 https://push2.eastmoney.com failed: Failed to perform, curl: (56) Connection closed abruptly. See https://curl.se/libcurl/c/libcurl-errors.html first for more details.
2026-09-18 14:40:29,044 WARNING astock_signals.smart_router SmartRouter: board_leaders via eastmoney FAILED: fetch_board_leaders BK1128 all sources failed: push2: Failed to perform, curl: (56) Connection closed abruptly. See https://curl.se/libcurl/c/libcurl-errors.html first for more details.
2026-09-18 14:40:29,044 WARNING tradex.dashboard.risk_service board leader enrichment BK1128 failed: All sources for 'board_leaders' failed: eastmoney: fetch_board_leaders BK1128 all sources failed: push2: Failed to perform, curl: (56) Connection closed abruptly. See https://curl.se/libcurl/c/libcurl-errors.html first for more details.
2026-09-18 14:40:30,338 WARNING tradex.http fetch_board_leaders BK1137 https://push2.eastmoney.com failed: Failed to perform, curl: (56) Connection closed abruptly. See https://curl.se/libcurl/c/libcurl-errors.html first for more details.
2026-09-18 14:40:30,339 WARNING astock_signals.smart_router SmartRouter: board_leaders via eastmoney FAILED: fetch_board_leaders BK1137 all sources failed: push2: Failed to perform, curl: (56) Connection closed abruptly. See https://curl.se/libcurl/c/libcurl-errors.html first for more details.
2026-09-18 14:40:30,339 WARNING tradex.dashboard.risk_service board leader enrichment BK1137 failed: All sources for 'board_leaders' failed: eastmoney: fetch_board_leaders BK1137 all sources failed: push2: Failed to perform, curl: (56) Connection closed abruptly. See https://curl.se/libcurl/c/libcurl-errors.html first for more details.
2026-09-18 14:40:31,730 WARNING tradex.http fetch_board_leaders BK0998 https://push2.eastmoney.com failed: Failed to perform, curl: (56) Connection closed abruptly. See https://curl.se/libcurl/c/libcurl-errors.html first for more details.
2026-09-18 14:40:31,780 WARNING astock_signals.smart_router SmartRouter: board_leaders via eastmoney FAILED: fetch_board_leaders BK0998 all sources failed: push2: Failed to perform, curl: (56) Connection closed abruptly. See https://curl.se/libcurl/c/libcurl-errors.html first for more details.
2026-09-18 14:40:31,796 WARNING tradex.dashboard.risk_service board leader enrichment BK0998 failed: All sources for 'board_leaders' failed: eastmoney: fetch_board_leaders BK0998 all sources failed: push2: Failed to perform, curl: (56) Connection closed abruptly. See https://curl.se/libcurl/c/libcurl-errors.html first for more details.
2026-09-18 14:40:33,533 WARNING tradex.http fetch_board_leaders BK1094 https://push2.eastmoney.com failed: Failed to perform, curl: (56) Connection closed abruptly. See https://curl.se/libcurl/c/libcurl-errors.html first for more details.
2026-09-18 14:40:33,804 WARNING astock_signals.smart_router SmartRouter: board_leaders via eastmoney FAILED: fetch_board_leaders BK1094 all sources failed: push2: Failed to perform, curl: (56) Connection closed abruptly. See https://curl.se/libcurl/c/libcurl-errors.html first for more details.
2026-09-18 14:40:33,820 WARNING tradex.dashboard.risk_service board leader enrichment BK1094 failed: All sources for 'board_leaders' failed: eastmoney: fetch_board_leaders BK1094 all sources failed: push2: Failed to perform, curl: (56) Connection closed abruptly. See https://curl.se/libcurl/c/libcurl-errors.html first for more details.
2026-09-18 14:40:34,955 WARNING tradex.http fetch_board_leaders BK1031 https://push2.eastmoney.com failed: Failed to perform, curl: (56) Connection closed abruptly. See https://curl.se/libcurl/c/libcurl-errors.html first for more details.
2026-09-18 14:40:35,003 WARNING astock_signals.smart_router SmartRouter: board_leaders via eastmoney FAILED: fetch_board_leaders BK1031 all sources failed: push2: Failed to perform, curl: (56) Connection closed abruptly. See https://curl.se/libcurl/c/libcurl-errors.html first for more details.
2026-09-18 14:40:35,019 WARNING tradex.dashboard.risk_service board leader enrichment BK1031 failed: All sources for 'board_leaders' failed: eastmoney: fetch_board_leaders BK1031 all sources failed: push2: Failed to perform, curl: (56) Connection closed abruptly. See https://curl.se/libcurl/c/libcurl-errors.html first for more details.
2026-09-18 14:40:36,158 WARNING tradex.http fetch_board_leaders BK1128 https://push2.eastmoney.com failed: Failed to perform, curl: (56) Connection closed abruptly. See https://curl.se/libcurl/c/libcurl-errors.html first for more details.
2026-09-18 14:40:36,221 WARNING astock_signals.smart_router SmartRouter: board_leaders via eastmoney FAILED: fetch_board_leaders BK1128 all sources failed: push2: Failed to perform, curl: (56) Connection closed abruptly. See https://curl.se/libcurl/c/libcurl-errors.html first for more details.
2026-09-18 14:40:36,237 WARNING tradex.dashboard.risk_service board leader enrichment BK1128 failed: All sources for 'board_leaders' failed: eastmoney: fetch_board_leaders BK1128 all sources failed: push2: Failed to perform, curl: (56) Connection closed abruptly. See https://curl.se/libcurl/c/libcurl-errors.html first for more details.
2026-09-18 14:41:05,297 WARNING astock_signals.smart_router SmartRouter: market_overview via biying FAILED: 沪深成交额更新时间不一致
2026-09-18 14:41:07,475 WARNING tradex.http fetch_industry_quotes https://push2.eastmoney.com failed: Failed to perform, curl: (56) Connection closed abruptly. See https://curl.se/libcurl/c/libcurl-errors.html first for more details.
2026-09-18 14:41:11,375 WARNING astock_signals.smart_router SmartRouter: limit_events via ths FAILED: 同花顺涨停池 info[0] 缺少必需字段 reason_type（第 1 页）
2026-09-18 14:41:11,416 INFO __main__ live limit-up catalog pool ready revision=64333bb37aa730d8cba58201b03a67d913531f8d2a2521a3c1648db09f4d141a total=78
2026-09-18 14:41:12,980 WARNING tradex.http fetch_board_leaders BK0494 https://push2.eastmoney.com failed: Failed to perform, curl: (56) Connection closed abruptly. See https://curl.se/libcurl/c/libcurl-errors.html first for more details.
2026-09-18 14:41:12,982 INFO astock_signals.smart_router SmartRouter: board_leaders via eastmoney skipped for this request: Eastmoney request queue is busy
2026-09-18 14:41:12,984 INFO astock_signals.smart_router SmartRouter: board_leaders via eastmoney skipped for this request: Eastmoney request queue is busy
2026-09-18 14:41:12,985 INFO astock_signals.smart_router SmartRouter: board_leaders via eastmoney skipped for this request: Eastmoney request queue is busy
2026-09-18 14:41:12,987 INFO astock_signals.smart_router SmartRouter: board_leaders via eastmoney skipped for this request: Eastmoney request queue is busy
2026-09-18 14:41:12,989 INFO astock_signals.smart_router SmartRouter: board_leaders via eastmoney skipped for this request: Eastmoney request queue is busy
2026-09-18 14:41:12,991 INFO astock_signals.smart_router SmartRouter: board_leaders via eastmoney skipped for this request: Eastmoney request queue is busy
2026-09-18 14:41:12,993 INFO astock_signals.smart_router SmartRouter: board_leaders via eastmoney skipped for this request: Eastmoney request queue is busy
2026-09-18 14:41:12,995 INFO astock_signals.smart_router SmartRouter: board_leaders via eastmoney skipped for this request: Eastmoney request queue is busy
2026-09-18 14:41:12,996 INFO astock_signals.smart_router SmartRouter: board_leaders via eastmoney skipped for this request: Eastmoney request queue is busy
2026-09-18 14:41:12,998 INFO astock_signals.smart_router SmartRouter: board_leaders via eastmoney skipped for this request: Eastmoney request queue is busy
2026-09-18 14:41:13,000 INFO astock_signals.smart_router SmartRouter: board_leaders via eastmoney skipped for this request: Eastmoney request queue is busy
2026-09-18 14:41:13,001 INFO astock_signals.smart_router SmartRouter: board_leaders via eastmoney skipped for this request: Eastmoney request queue is busy
2026-09-18 14:41:13,003 INFO astock_signals.smart_router SmartRouter: board_leaders via eastmoney skipped for this request: Eastmoney request queue is busy
2026-09-18 14:41:13,004 INFO astock_signals.smart_router SmartRouter: board_leaders via eastmoney skipped for this request: Eastmoney request queue is busy
2026-09-18 14:41:13,006 INFO astock_signals.smart_router SmartRouter: board_leaders via eastmoney skipped for this request: Eastmoney request queue is busy
2026-09-18 14:41:13,007 INFO astock_signals.smart_router SmartRouter: board_leaders via eastmoney skipped for this request: Eastmoney request queue is busy
2026-09-18 14:41:13,015 INFO __main__ intraday sector resonance ready revision=4955c26708f029227fa94e1f628d3f8d2b1fbac81453790547b01459a6a7f865 entries=16
2026-09-18 14:41:16,861 WARNING tradex.http fetch_industry_quotes https://push2.eastmoney.com failed: Failed to perform, curl: (56) Connection closed abruptly. See https://curl.se/libcurl/c/libcurl-errors.html first for more details.
2026-09-18 14:41:20,772 INFO __main__ manual portfolio market ready revision=d2914eae02715fd0a04035591013211a202db9fe8ae2f41d89fd53dee643251a items=1 alerts=0
2026-09-18 14:42:00,956 WARNING astock_signals.smart_router SmartRouter: market_overview via biying FAILED: 沪深成交额更新时间不一致
2026-09-18 14:42:01,281 WARNING astock_signals.smart_router SmartRouter: limit_events via ths FAILED: 同花顺涨停池 info[0] 缺少必需字段 reason_type（第 1 页）
2026-09-18 14:42:01,282 WARNING tradex.dashboard.risk_service risk appetite component leadership_pool failed: All sources for 'limit_events' failed: ths: 同花顺涨停池 info[0] 缺少必需字段 reason_type（第 1 页）
2026-09-18 14:42:02,305 WARNING tradex.http fetch_industry_quotes https://push2.eastmoney.com failed: Failed to perform, curl: (56) Connection closed abruptly. See https://curl.se/libcurl/c/libcurl-errors.html first for more details.
2026-09-18 14:42:06,138 WARNING astock_signals.smart_router SmartRouter: limit_events via ths FAILED: 同花顺涨停池 info[0] 缺少必需字段 reason_type（第 1 页）
2026-09-18 14:42:06,182 INFO __main__ live limit-up catalog pool ready revision=552ecb16859c4da3bfadfc4856a0a326f96c7c59c8a900dab446ee2ed97f175e total=78
2026-09-18 14:42:08,916 WARNING tradex.http fetch_board_leaders BK0494 https://push2.eastmoney.com failed: Failed to perform, curl: (56) Connection closed abruptly. See https://curl.se/libcurl/c/libcurl-errors.html first for more details.
2026-09-18 14:42:08,918 INFO astock_signals.smart_router SmartRouter: board_leaders via eastmoney skipped for this request: Eastmoney request queue is busy
2026-09-18 14:42:08,920 INFO astock_signals.smart_router SmartRouter: board_leaders via eastmoney skipped for this request: Eastmoney request queue is busy
2026-09-18 14:42:08,922 INFO astock_signals.smart_router SmartRouter: board_leaders via eastmoney skipped for this request: Eastmoney request queue is busy
2026-09-18 14:42:08,924 INFO astock_signals.smart_router SmartRouter: board_leaders via eastmoney skipped for this request: Eastmoney request queue is busy
2026-09-18 14:42:08,925 INFO astock_signals.smart_router SmartRouter: board_leaders via eastmoney skipped for this request: Eastmoney request queue is busy
2026-09-18 14:42:08,927 INFO astock_signals.smart_router SmartRouter: board_leaders via eastmoney skipped for this request: Eastmoney request queue is busy
2026-09-18 14:42:08,929 INFO astock_signals.smart_router SmartRouter: board_leaders via eastmoney skipped for this request: Eastmoney request queue is busy
2026-09-18 14:42:08,930 INFO astock_signals.smart_router SmartRouter: board_leaders via eastmoney skipped for this request: Eastmoney request queue is busy
2026-09-18 14:42:08,932 INFO astock_signals.smart_router SmartRouter: board_leaders via eastmoney skipped for this request: Eastmoney request queue is busy
2026-09-18 14:42:08,933 INFO astock_signals.smart_router SmartRouter: board_leaders via eastmoney skipped for this request: Eastmoney request queue is busy
2026-09-18 14:42:08,935 INFO astock_signals.smart_router SmartRouter: board_leaders via eastmoney skipped for this request: Eastmoney request queue is busy
2026-09-18 14:42:08,937 INFO astock_signals.smart_router SmartRouter: board_leaders via eastmoney skipped for this request: Eastmoney request queue is busy
2026-09-18 14:42:08,938 INFO astock_signals.smart_router SmartRouter: board_leaders via eastmoney skipped for this request: Eastmoney request queue is busy
2026-09-18 14:42:08,941 INFO astock_signals.smart_router SmartRouter: board_leaders via eastmoney skipped for this request: Eastmoney request queue is busy
2026-09-18 14:42:08,942 INFO astock_signals.smart_router SmartRouter: board_leaders via eastmoney skipped for this request: Eastmoney request queue is busy
2026-09-18 14:42:08,944 INFO astock_signals.smart_router SmartRouter: board_leaders via eastmoney skipped for this request: Eastmoney request queue is busy
2026-09-18 14:42:08,953 INFO __main__ intraday sector resonance ready revision=c175115961cb29b420a1b2bb78d05e6aa41fa46adb07c566d4c45ae13321ab9e entries=16
2026-09-18 14:42:11,233 WARNING tradex.http fetch_industry_quotes https://push2.eastmoney.com failed: Failed to perform, curl: (56) Connection closed abruptly. See https://curl.se/libcurl/c/libcurl-errors.html first for more details.
2026-09-18 14:42:23,283 INFO __main__ manual portfolio market ready revision=c98e1ad8b014fdb276ffb6d1d4c7f13d8737a92bfcb458f44f10b3e104efa101 items=1 alerts=0
2026-09-18 14:42:36,998 WARNING astock_signals.smart_router SmartRouter: limit_events via ths FAILED: 同花顺涨停池 info[0] 缺少必需字段 reason_type（第 1 页）
2026-09-18 14:42:37,000 WARNING tradex.dashboard.risk_service risk appetite component leadership_pool failed: All sources for 'limit_events' failed: ths: 同花顺涨停池 info[0] 缺少必需字段 reason_type（第 1 页）
2026-09-18 14:43:04,351 WARNING astock_signals.smart_router SmartRouter: limit_events via ths FAILED: 同花顺涨停池 info[0] 缺少必需字段 reason_type（第 1 页）
2026-09-18 14:43:04,352 WARNING tradex.dashboard.risk_service risk appetite component leadership_pool failed: All sources for 'limit_events' failed: ths: 同花顺涨停池 info[0] 缺少必需字段 reason_type（第 1 页）
2026-09-18 14:43:09,206 INFO __main__ live limit-up catalog pool ready revision=552ecb16859c4da3bfadfc4856a0a326f96c7c59c8a900dab446ee2ed97f175e total=78
2026-09-18 14:43:10,025 INFO __main__ intraday sector resonance ready revision=c175115961cb29b420a1b2bb78d05e6aa41fa46adb07c566d4c45ae13321ab9e entries=16
2026-09-18 14:43:15,719 INFO __main__ manual portfolio market ready revision=3b548296e4284d3a0954bca833384568b066e1bda01a3cf2a7565f4ddec8958a items=1 alerts=0
2026-09-18 14:43:17,076 WARNING tradex.http fetch_industry_quotes https://push2.eastmoney.com failed: Failed to perform, curl: (56) Connection closed abruptly. See https://curl.se/libcurl/c/libcurl-errors.html first for more details.
2026-09-18 14:43:32,012 INFO astock_signals.smart_router SmartRouter: board_leaders via eastmoney skipped for this request: Eastmoney request queue is busy
2026-09-18 14:43:32,013 WARNING tradex.dashboard.risk_service board leader enrichment BK1128 failed: All sources for 'board_leaders' failed: eastmoney: Eastmoney request queue is busy
2026-09-18 14:43:32,014 INFO astock_signals.smart_router SmartRouter: board_leaders via eastmoney skipped for this request: Eastmoney request queue is busy
2026-09-18 14:43:32,015 WARNING tradex.dashboard.risk_service board leader enrichment BK1646 failed: All sources for 'board_leaders' failed: eastmoney: Eastmoney request queue is busy
2026-09-18 14:43:32,016 INFO astock_signals.smart_router SmartRouter: board_leaders via eastmoney skipped for this request: Eastmoney request queue is busy
2026-09-18 14:43:32,017 WARNING tradex.dashboard.risk_service board leader enrichment BK0891 failed: All sources for 'board_leaders' failed: eastmoney: Eastmoney request queue is busy
2026-09-18 14:43:32,019 INFO astock_signals.smart_router SmartRouter: board_leaders via eastmoney skipped for this request: Eastmoney request queue is busy
2026-09-18 14:43:32,019 WARNING tradex.dashboard.risk_service board leader enrichment BK1137 failed: All sources for 'board_leaders' failed: eastmoney: Eastmoney request queue is busy
2026-09-18 14:43:32,021 INFO astock_signals.smart_router SmartRouter: board_leaders via eastmoney skipped for this request: Eastmoney request queue is busy
2026-09-18 14:43:32,021 WARNING tradex.dashboard.risk_service board leader enrichment BK1036 failed: All sources for 'board_leaders' failed: eastmoney: Eastmoney request queue is busy
2026-09-18 14:43:32,023 INFO astock_signals.smart_router SmartRouter: board_leaders via eastmoney skipped for this request: Eastmoney request queue is busy
2026-09-18 14:43:32,024 WARNING tradex.dashboard.risk_service board leader enrichment BK0884 failed: All sources for 'board_leaders' failed: eastmoney: Eastmoney request queue is busy
2026-09-18 14:43:32,026 INFO astock_signals.smart_router SmartRouter: board_leaders via eastmoney skipped for this request: Eastmoney request queue is busy
2026-09-18 14:43:32,026 WARNING tradex.dashboard.risk_service board leader enrichment BK1237 failed: All sources for 'board_leaders' failed: eastmoney: Eastmoney request queue is busy
2026-09-18 14:43:32,028 INFO astock_signals.smart_router SmartRouter: board_leaders via eastmoney skipped for this request: Eastmoney request queue is busy
2026-09-18 14:43:32,028 WARNING tradex.dashboard.risk_service board leader enrichment BK0448 failed: All sources for 'board_leaders' failed: eastmoney: Eastmoney request queue is busy
2026-09-18 14:43:32,030 INFO astock_signals.smart_router SmartRouter: board_leaders via eastmoney skipped for this request: Eastmoney request queue is busy
2026-09-18 14:43:32,030 WARNING tradex.dashboard.risk_service board leader enrichment BK1037 failed: All sources for 'board_leaders' failed: eastmoney: Eastmoney request queue is busy
2026-09-18 14:43:32,032 INFO astock_signals.smart_router SmartRouter: board_leaders via eastmoney skipped for this request: Eastmoney request queue is busy
2026-09-18 14:43:32,033 WARNING tradex.dashboard.risk_service board leader enrichment BK0969 failed: All sources for 'board_leaders' failed: eastmoney: Eastmoney request queue is busy
2026-09-18 14:43:32,034 INFO astock_signals.smart_router SmartRouter: board_leaders via eastmoney skipped for this request: Eastmoney request queue is busy
2026-09-18 14:43:32,035 WARNING tradex.dashboard.risk_service board leader enrichment BK0998 failed: All sources for 'board_leaders' failed: eastmoney: Eastmoney request queue is busy
2026-09-18 14:43:32,036 INFO astock_signals.smart_router SmartRouter: board_leaders via eastmoney skipped for this request: Eastmoney request queue is busy
2026-09-18 14:43:32,037 WARNING tradex.dashboard.risk_service board leader enrichment BK1094 failed: All sources for 'board_leaders' failed: eastmoney: Eastmoney request queue is busy
2026-09-18 14:43:59,543 WARNING astock_signals.smart_router SmartRouter: limit_events via ths FAILED: 同花顺涨停池 info[0] 缺少必需字段 reason_type（第 1 页）
2026-09-18 14:43:59,584 INFO __main__ live limit-up catalog pool ready revision=48780de1af6430b87af7d302ee732585d8ed03bbf59e530fde3e480001b53429 total=77
2026-09-18 14:44:00,829 WARNING astock_signals.smart_router SmartRouter: limit_events via ths FAILED: 同花顺涨停池 info[0] 缺少必需字段 reason_type（第 1 页）
2026-09-18 14:44:00,830 WARNING tradex.dashboard.risk_service risk appetite component leadership_pool failed: All sources for 'limit_events' failed: ths: 同花顺涨停池 info[0] 缺少必需字段 reason_type（第 1 页）
2026-09-18 14:44:01,178 WARNING astock_signals.smart_router SmartRouter: market_breadth via ths_fuyao FAILED: 同花顺扶摇 API HTTP 请求失败: 429 Client Error: Too Many Requests for url: https://fuyao.aicubes.cn/api/a-share/special-data/limit-up-pool?size=200&page=1
2026-09-18 14:44:02,137 INFO astock_signals.smart_router SmartRouter: board_leaders via eastmoney skipped for this request: Eastmoney request queue is busy
2026-09-18 14:44:02,138 INFO astock_signals.smart_router SmartRouter: board_leaders via eastmoney skipped for this request: Eastmoney request queue is busy
2026-09-18 14:44:02,140 INFO astock_signals.smart_router SmartRouter: board_leaders via eastmoney skipped for this request: Eastmoney request queue is busy
2026-09-18 14:44:02,142 INFO astock_signals.smart_router SmartRouter: board_leaders via eastmoney skipped for this request: Eastmoney request queue is busy
2026-09-18 14:44:02,144 INFO astock_signals.smart_router SmartRouter: board_leaders via eastmoney skipped for this request: Eastmoney request queue is busy
2026-09-18 14:44:02,146 INFO astock_signals.smart_router SmartRouter: board_leaders via eastmoney skipped for this request: Eastmoney request queue is busy
2026-09-18 14:44:02,147 INFO astock_signals.smart_router SmartRouter: board_leaders via eastmoney skipped for this request: Eastmoney request queue is busy
2026-09-18 14:44:02,149 INFO astock_signals.smart_router SmartRouter: board_leaders via eastmoney skipped for this request: Eastmoney request queue is busy
2026-09-18 14:44:02,151 INFO astock_signals.smart_router SmartRouter: board_leaders via eastmoney skipped for this request: Eastmoney request queue is busy
2026-09-18 14:44:02,153 INFO astock_signals.smart_router SmartRouter: board_leaders via eastmoney skipped for this request: Eastmoney request queue is busy
2026-09-18 14:44:02,155 INFO astock_signals.smart_router SmartRouter: board_leaders via eastmoney skipped for this request: Eastmoney request queue is busy
2026-09-18 14:44:02,157 INFO astock_signals.smart_router SmartRouter: board_leaders via eastmoney skipped for this request: Eastmoney request queue is busy
2026-09-18 14:44:02,159 INFO astock_signals.smart_router SmartRouter: board_leaders via eastmoney skipped for this request: Eastmoney request queue is busy
2026-09-18 14:44:02,161 INFO astock_signals.smart_router SmartRouter: board_leaders via eastmoney skipped for this request: Eastmoney request queue is busy
2026-09-18 14:44:03,516 INFO __main__ intraday sector resonance ready revision=f0ec25d8cae0f31d9c3452e70d15b97b09a93119c1ff25dac4ea96d86aa20831 entries=16
2026-09-18 14:44:06,097 WARNING tradex.http fetch_industry_quotes https://push2.eastmoney.com failed: Failed to perform, curl: (56) Connection closed abruptly. See https://curl.se/libcurl/c/libcurl-errors.html first for more details.
2026-09-18 14:44:08,571 INFO __main__ manual portfolio market ready revision=3c678607a845aaec0d49bae7389c24e7b3a9f05868d9fdc1a626fa9a8af9cc80 items=1 alerts=0
2026-09-18 14:44:14,017 WARNING tradex.http fetch_industry_quotes https://push2.eastmoney.com failed: Failed to perform, curl: (56) Connection closed abruptly. See https://curl.se/libcurl/c/libcurl-errors.html first for more details.
2026-09-18 14:44:52,596 WARNING astock_signals.smart_router SmartRouter: limit_events via ths FAILED: 同花顺涨停池 info[0] 缺少必需字段 reason_type（第 1 页）
2026-09-18 14:44:52,637 INFO __main__ live limit-up catalog pool ready revision=043b012afdf9d821e1931303dab5a58a85ea87bdb051bb18459feacc37df67c6 total=78
2026-09-18 14:44:53,862 WARNING tradex.http fetch_board_leaders BK0494 https://push2.eastmoney.com failed: Failed to perform, curl: (56) Connection closed abruptly. See https://curl.se/libcurl/c/libcurl-errors.html first for more details.
2026-09-18 14:44:56,480 WARNING tradex.http fetch_board_leaders BK0668 https://push2.eastmoney.com failed: Failed to perform, curl: (56) Connection closed abruptly. See https://curl.se/libcurl/c/libcurl-errors.html first for more details.
2026-09-18 14:44:58,942 WARNING tradex.http fetch_board_leaders BK0825 https://push2.eastmoney.com failed: Failed to perform, curl: (56) Connection closed abruptly. See https://curl.se/libcurl/c/libcurl-errors.html first for more details.
2026-09-18 14:45:00,814 WARNING astock_signals.smart_router SmartRouter: limit_events via ths FAILED: 同花顺涨停池 info[0] 缺少必需字段 reason_type（第 1 页）
2026-09-18 14:45:00,814 WARNING tradex.dashboard.risk_service risk appetite component leadership_pool failed: All sources for 'limit_events' failed: ths: 同花顺涨停池 info[0] 缺少必需字段 reason_type（第 1 页）
2026-09-18 14:45:01,363 WARNING tradex.http fetch_board_leaders BK0547 https://push2.eastmoney.com failed: Failed to perform, curl: (56) Connection closed abruptly. See https://curl.se/libcurl/c/libcurl-errors.html first for more details.
2026-09-18 14:45:01,578 WARNING astock_signals.smart_router SmartRouter: market_breadth via ths_fuyao FAILED: 同花顺扶摇 API HTTP 请求失败: 429 Client Error: Too Many Requests for url: https://fuyao.aicubes.cn/api/a-share/special-data/limit-down-pool?size=200&page=1
2026-09-18 14:45:02,407 INFO astock_signals.smart_router SmartRouter: board_leaders via eastmoney skipped for this request: Eastmoney request queue is busy
2026-09-18 14:45:02,409 INFO astock_signals.smart_router SmartRouter: board_leaders via eastmoney skipped for this request: Eastmoney request queue is busy
2026-09-18 14:45:02,411 INFO astock_signals.smart_router SmartRouter: board_leaders via eastmoney skipped for this request: Eastmoney request queue is busy
2026-09-18 14:45:02,412 INFO astock_signals.smart_router SmartRouter: board_leaders via eastmoney skipped for this request: Eastmoney request queue is busy
2026-09-18 14:45:02,414 INFO astock_signals.smart_router SmartRouter: board_leaders via eastmoney skipped for this request: Eastmoney request queue is busy
2026-09-18 14:45:02,416 INFO astock_signals.smart_router SmartRouter: board_leaders via eastmoney skipped for this request: Eastmoney request queue is busy
2026-09-18 14:45:02,417 INFO astock_signals.smart_router SmartRouter: board_leaders via eastmoney skipped for this request: Eastmoney request queue is busy
2026-09-18 14:45:02,419 INFO astock_signals.smart_router SmartRouter: board_leaders via eastmoney skipped for this request: Eastmoney request queue is busy
2026-09-18 14:45:02,421 INFO astock_signals.smart_router SmartRouter: board_leaders via eastmoney skipped for this request: Eastmoney request queue is busy
2026-09-18 14:45:02,423 INFO astock_signals.smart_router SmartRouter: board_leaders via eastmoney skipped for this request: Eastmoney request queue is busy
2026-09-18 14:45:02,424 INFO astock_signals.smart_router SmartRouter: board_leaders via eastmoney skipped for this request: Eastmoney request queue is busy
2026-09-18 14:45:02,426 INFO astock_signals.smart_router SmartRouter: board_leaders via eastmoney skipped for this request: Eastmoney request queue is busy
2026-09-18 14:45:09,281 INFO __main__ intraday sector resonance ready revision=99c3f82fa57df43948dc9cda288ad5d882b9ffc3ca2928fc9f0655cc7ce27992 entries=16
2026-09-18 14:45:18,127 INFO __main__ manual portfolio market ready revision=7d561750a68dc6b8f41ee0af46f68263076148a76fc310a42cc062784dcc7ca1 items=1 alerts=0
2026-09-18 14:45:24,553 WARNING tradex.http fetch_board_leaders BK1101 https://push2.eastmoney.com failed: Failed to perform, curl: (56) Connection closed abruptly. See https://curl.se/libcurl/c/libcurl-errors.html first for more details.
2026-09-18 14:45:24,555 WARNING astock_signals.smart_router SmartRouter: board_leaders via eastmoney FAILED: fetch_board_leaders BK1101 all sources failed: push2: Failed to perform, curl: (56) Connection closed abruptly. See https://curl.se/libcurl/c/libcurl-errors.html first for more details.
2026-09-18 14:45:24,555 WARNING tradex.dashboard.risk_service board leader enrichment BK1101 failed: All sources for 'board_leaders' failed: eastmoney: fetch_board_leaders BK1101 all sources failed: push2: Failed to perform, curl: (56) Connection closed abruptly. See https://curl.se/libcurl/c/libcurl-errors.html first for more details.
2026-09-18 14:45:24,852 INFO astock_signals.smart_router SmartRouter: sector_intraday_fund_flow via eastmoney skipped for this request: Eastmoney request queue is busy
2026-09-18 14:45:25,733 WARNING tradex.http fetch_board_leaders BK0641 https://push2.eastmoney.com failed: Failed to perform, curl: (56) Connection closed abruptly. See https://curl.se/libcurl/c/libcurl-errors.html first for more details.
2026-09-18 14:45:25,733 WARNING astock_signals.smart_router SmartRouter: board_leaders via eastmoney FAILED: fetch_board_leaders BK0641 all sources failed: push2: Failed to perform, curl: (56) Connection closed abruptly. See https://curl.se/libcurl/c/libcurl-errors.html first for more details.
2026-09-18 14:45:25,734 WARNING tradex.dashboard.risk_service board leader enrichment BK0641 failed: All sources for 'board_leaders' failed: eastmoney: fetch_board_leaders BK0641 all sources failed: push2: Failed to perform, curl: (56) Connection closed abruptly. See https://curl.se/libcurl/c/libcurl-errors.html first for more details.
2026-09-18 14:45:27,107 WARNING tradex.http fetch_board_leaders BK1031 https://push2.eastmoney.com failed: Failed to perform, curl: (56) Connection closed abruptly. See https://curl.se/libcurl/c/libcurl-errors.html first for more details.
2026-09-18 14:45:27,107 WARNING astock_signals.smart_router SmartRouter: board_leaders via eastmoney FAILED: fetch_board_leaders BK1031 all sources failed: push2: Failed to perform, curl: (56) Connection closed abruptly. See https://curl.se/libcurl/c/libcurl-errors.html first for more details.
2026-09-18 14:45:27,108 WARNING tradex.dashboard.risk_service board leader enrichment BK1031 failed: All sources for 'board_leaders' failed: eastmoney: fetch_board_leaders BK1031 all sources failed: push2: Failed to perform, curl: (56) Connection closed abruptly. See https://curl.se/libcurl/c/libcurl-errors.html first for more details.
2026-09-18 14:45:28,513 WARNING tradex.http fetch_board_leaders BK1232 https://push2.eastmoney.com failed: Failed to perform, curl: (56) Connection closed abruptly. See https://curl.se/libcurl/c/libcurl-errors.html first for more details.
2026-09-18 14:45:28,513 WARNING astock_signals.smart_router SmartRouter: board_leaders via eastmoney FAILED: fetch_board_leaders BK1232 all sources failed: push2: Failed to perform, curl: (56) Connection closed abruptly. See https://curl.se/libcurl/c/libcurl-errors.html first for more details.
2026-09-18 14:45:28,513 WARNING tradex.dashboard.risk_service board leader enrichment BK1232 failed: All sources for 'board_leaders' failed: eastmoney: fetch_board_leaders BK1232 all sources failed: push2: Failed to perform, curl: (56) Connection closed abruptly. See https://curl.se/libcurl/c/libcurl-errors.html first for more details.
2026-09-18 14:45:30,007 WARNING tradex.http fetch_board_leaders BK1304 https://push2.eastmoney.com failed: Failed to perform, curl: (56) Connection closed abruptly. See https://curl.se/libcurl/c/libcurl-errors.html first for more details.
2026-09-18 14:45:30,038 WARNING astock_signals.smart_router SmartRouter: board_leaders via eastmoney FAILED: fetch_board_leaders BK1304 all sources failed: push2: Failed to perform, curl: (56) Connection closed abruptly. See https://curl.se/libcurl/c/libcurl-errors.html first for more details.
2026-09-18 14:45:30,054 WARNING tradex.dashboard.risk_service board leader enrichment BK1304 failed: All sources for 'board_leaders' failed: eastmoney: fetch_board_leaders BK1304 all sources failed: push2: Failed to perform, curl: (56) Connection closed abruptly. See https://curl.se/libcurl/c/libcurl-errors.html first for more details.
2026-09-18 14:45:32,157 WARNING tradex.http fetch_board_leaders BK1101 https://push2.eastmoney.com failed: Failed to perform, curl: (56) Connection closed abruptly. See https://curl.se/libcurl/c/libcurl-errors.html first for more details.
2026-09-18 14:45:32,205 WARNING astock_signals.smart_router SmartRouter: board_leaders via eastmoney FAILED: fetch_board_leaders BK1101 all sources failed: push2: Failed to perform, curl: (56) Connection closed abruptly. See https://curl.se/libcurl/c/libcurl-errors.html first for more details.
2026-09-18 14:45:32,221 WARNING tradex.dashboard.risk_service board leader enrichment BK1101 failed: All sources for 'board_leaders' failed: eastmoney: fetch_board_leaders BK1101 all sources failed: push2: Failed to perform, curl: (56) Connection closed abruptly. See https://curl.se/libcurl/c/libcurl-errors.html first for more details.
2026-09-18 14:46:01,636 WARNING astock_signals.smart_router SmartRouter: market_overview via biying FAILED: 沪深成交额更新时间不一致
2026-09-18 14:46:01,974 WARNING astock_signals.smart_router SmartRouter: limit_events via ths FAILED: 同花顺涨停池 info[2] 缺少必需字段 reason_type（第 1 页）
2026-09-18 14:46:01,974 WARNING tradex.dashboard.risk_service risk appetite component leadership_pool failed: All sources for 'limit_events' failed: ths: 同花顺涨停池 info[2] 缺少必需字段 reason_type（第 1 页）
2026-09-18 14:46:02,302 WARNING tradex.http fetch_industry_quotes https://push2.eastmoney.com failed: Failed to perform, curl: (56) Connection closed abruptly. See https://curl.se/libcurl/c/libcurl-errors.html first for more details.
2026-09-18 14:46:10,079 WARNING tradex.http fetch_industry_quotes https://push2.eastmoney.com failed: Failed to perform, curl: (56) Connection closed abruptly. See https://curl.se/libcurl/c/libcurl-errors.html first for more details.
2026-09-18 14:46:10,284 WARNING astock_signals.smart_router SmartRouter: limit_events via ths FAILED: 同花顺涨停池 info[2] 缺少必需字段 reason_type（第 1 页）
2026-09-18 14:46:10,332 INFO __main__ live limit-up catalog pool ready revision=f305ee0b3ecd99b42ad33c6f4afd65a12e1312e53135d87a9f2cd0e21ab2de05 total=78
2026-09-18 14:46:12,917 WARNING tradex.http fetch_board_leaders BK0494 https://push2.eastmoney.com failed: Failed to perform, curl: (56) Connection closed abruptly. See https://curl.se/libcurl/c/libcurl-errors.html first for more details.
2026-09-18 14:46:12,919 INFO astock_signals.smart_router SmartRouter: board_leaders via eastmoney skipped for this request: Eastmoney request queue is busy
2026-09-18 14:46:12,921 INFO astock_signals.smart_router SmartRouter: board_leaders via eastmoney skipped for this request: Eastmoney request queue is busy
2026-09-18 14:46:12,923 INFO astock_signals.smart_router SmartRouter: board_leaders via eastmoney skipped for this request: Eastmoney request queue is busy
2026-09-18 14:46:12,925 INFO astock_signals.smart_router SmartRouter: board_leaders via eastmoney skipped for this request: Eastmoney request queue is busy
2026-09-18 14:46:12,926 INFO astock_signals.smart_router SmartRouter: board_leaders via eastmoney skipped for this request: Eastmoney request queue is busy
2026-09-18 14:46:12,928 INFO astock_signals.smart_router SmartRouter: board_leaders via eastmoney skipped for this request: Eastmoney request queue is busy
2026-09-18 14:46:12,930 INFO astock_signals.smart_router SmartRouter: board_leaders via eastmoney skipped for this request: Eastmoney request queue is busy
2026-09-18 14:46:12,932 INFO astock_signals.smart_router SmartRouter: board_leaders via eastmoney skipped for this request: Eastmoney request queue is busy
2026-09-18 14:46:12,934 INFO astock_signals.smart_router SmartRouter: board_leaders via eastmoney skipped for this request: Eastmoney request queue is busy
2026-09-18 14:46:12,935 INFO astock_signals.smart_router SmartRouter: board_leaders via eastmoney skipped for this request: Eastmoney request queue is busy
2026-09-18 14:46:12,937 INFO astock_signals.smart_router SmartRouter: board_leaders via eastmoney skipped for this request: Eastmoney request queue is busy
2026-09-18 14:46:12,939 INFO astock_signals.smart_router SmartRouter: board_leaders via eastmoney skipped for this request: Eastmoney request queue is busy
2026-09-18 14:46:12,940 INFO astock_signals.smart_router SmartRouter: board_leaders via eastmoney skipped for this request: Eastmoney request queue is busy
2026-09-18 14:46:12,942 INFO astock_signals.smart_router SmartRouter: board_leaders via eastmoney skipped for this request: Eastmoney request queue is busy
2026-09-18 14:46:12,943 INFO astock_signals.smart_router SmartRouter: board_leaders via eastmoney skipped for this request: Eastmoney request queue is busy
2026-09-18 14:46:12,945 INFO astock_signals.smart_router SmartRouter: board_leaders via eastmoney skipped for this request: Eastmoney request queue is busy
2026-09-18 14:46:12,954 INFO __main__ intraday sector resonance ready revision=aa0efeb68ded335df73d9c0c2a877de9151c309a814dffa20db6740796c23448 entries=16
2026-09-18 14:46:24,428 INFO __main__ manual portfolio market ready revision=dc9e1b33fc1c5ec9cb3e46024e8a6c27fd04c428990a2a2c9411a69c06626727 items=1 alerts=0
2026-09-18 14:46:26,952 INFO astock_signals.smart_router SmartRouter: sector_intraday_fund_flow via eastmoney skipped for this request: Eastmoney request queue is busy
2026-09-18 14:47:04,878 WARNING astock_signals.smart_router SmartRouter: limit_events via ths FAILED: 同花顺涨停池 info[2] 缺少必需字段 reason_type（第 1 页）
2026-09-18 14:47:04,879 WARNING tradex.dashboard.risk_service risk appetite component leadership_pool failed: All sources for 'limit_events' failed: ths: 同花顺涨停池 info[2] 缺少必需字段 reason_type（第 1 页）
2026-09-18 14:47:08,992 WARNING astock_signals.smart_router SmartRouter: limit_events via ths FAILED: 同花顺涨停池 info[2] 缺少必需字段 reason_type（第 1 页）
2026-09-18 14:47:09,034 INFO __main__ live limit-up catalog pool ready revision=5da4b56e47403937bdbeab8825f5f11323cf93ee9f3254cdcc86e084543d071f total=78
2026-09-18 14:47:11,189 INFO astock_signals.smart_router SmartRouter: board_leaders via eastmoney skipped for this request: Eastmoney request queue is busy
2026-09-18 14:47:11,190 INFO astock_signals.smart_router SmartRouter: board_leaders via eastmoney skipped for this request: Eastmoney request queue is busy
2026-09-18 14:47:11,192 INFO astock_signals.smart_router SmartRouter: board_leaders via eastmoney skipped for this request: Eastmoney request queue is busy
2026-09-18 14:47:11,194 INFO astock_signals.smart_router SmartRouter: board_leaders via eastmoney skipped for this request: Eastmoney request queue is busy
2026-09-18 14:47:11,196 INFO astock_signals.smart_router SmartRouter: board_leaders via eastmoney skipped for this request: Eastmoney request queue is busy
2026-09-18 14:47:11,198 INFO astock_signals.smart_router SmartRouter: board_leaders via eastmoney skipped for this request: Eastmoney request queue is busy
2026-09-18 14:47:11,200 INFO astock_signals.smart_router SmartRouter: board_leaders via eastmoney skipped for this request: Eastmoney request queue is busy
2026-09-18 14:47:11,202 INFO astock_signals.smart_router SmartRouter: board_leaders via eastmoney skipped for this request: Eastmoney request queue is busy
2026-09-18 14:47:11,204 INFO astock_signals.smart_router SmartRouter: board_leaders via eastmoney skipped for this request: Eastmoney request queue is busy
2026-09-18 14:47:11,206 INFO astock_signals.smart_router SmartRouter: board_leaders via eastmoney skipped for this request: Eastmoney request queue is busy
2026-09-18 14:47:11,208 INFO astock_signals.smart_router SmartRouter: board_leaders via eastmoney skipped for this request: Eastmoney request queue is busy
2026-09-18 14:47:11,209 INFO astock_signals.smart_router SmartRouter: board_leaders via eastmoney skipped for this request: Eastmoney request queue is busy
2026-09-18 14:47:11,212 INFO astock_signals.smart_router SmartRouter: board_leaders via eastmoney skipped for this request: Eastmoney request queue is busy
2026-09-18 14:47:11,214 INFO astock_signals.smart_router SmartRouter: board_leaders via eastmoney skipped for this request: Eastmoney request queue is busy
2026-09-18 14:47:11,215 INFO astock_signals.smart_router SmartRouter: board_leaders via eastmoney skipped for this request: Eastmoney request queue is busy
2026-09-18 14:47:12,016 INFO __main__ intraday sector resonance ready revision=8cf8759cae5607e68bbc6b2e390faf4435210fbeabbdf34bc0e2ac8082ae7024 entries=16
2026-09-18 14:47:20,132 INFO __main__ manual portfolio market ready revision=03b44449ba28e2ccfa90a62fdbe92513b6dc1c6af6ede9dc3eaa3eaf7f89ad27 items=1 alerts=0
2026-09-18 14:47:26,629 WARNING tradex.http fetch_board_leaders BK0891 https://push2.eastmoney.com failed: Failed to perform, curl: (56) Connection closed abruptly. See https://curl.se/libcurl/c/libcurl-errors.html first for more details.
2026-09-18 14:47:26,629 WARNING astock_signals.smart_router SmartRouter: board_leaders via eastmoney FAILED: fetch_board_leaders BK0891 all sources failed: push2: Failed to perform, curl: (56) Connection closed abruptly. See https://curl.se/libcurl/c/libcurl-errors.html first for more details.
2026-09-18 14:47:26,630 WARNING tradex.dashboard.risk_service board leader enrichment BK0891 failed: All sources for 'board_leaders' failed: eastmoney: fetch_board_leaders BK0891 all sources failed: push2: Failed to perform, curl: (56) Connection closed abruptly. See https://curl.se/libcurl/c/libcurl-errors.html first for more details.
2026-09-18 14:47:26,644 INFO astock_signals.smart_router SmartRouter: board_leaders via eastmoney skipped for this request: Eastmoney request queue is busy
2026-09-18 14:47:26,645 WARNING tradex.dashboard.risk_service board leader enrichment BK0998 failed: All sources for 'board_leaders' failed: eastmoney: Eastmoney request queue is busy
2026-09-18 14:47:27,724 INFO astock_signals.smart_router SmartRouter: sector_intraday_fund_flow via eastmoney skipped for this request: Eastmoney request queue is busy
2026-09-18 14:47:29,518 WARNING tradex.http fetch_board_leaders BK0891 https://push2.eastmoney.com failed: Failed to perform, curl: (56) Connection closed abruptly. See https://curl.se/libcurl/c/libcurl-errors.html first for more details.
2026-09-18 14:47:29,518 WARNING astock_signals.smart_router SmartRouter: board_leaders via eastmoney FAILED: fetch_board_leaders BK0891 all sources failed: push2: Failed to perform, curl: (56) Connection closed abruptly. See https://curl.se/libcurl/c/libcurl-errors.html first for more details.
2026-09-18 14:47:29,519 WARNING tradex.dashboard.risk_service board leader enrichment BK0891 failed: All sources for 'board_leaders' failed: eastmoney: fetch_board_leaders BK0891 all sources failed: push2: Failed to perform, curl: (56) Connection closed abruptly. See https://curl.se/libcurl/c/libcurl-errors.html first for more details.
2026-09-18 14:47:30,257 WARNING tradex.http fetch_board_leaders BK0998 https://push2.eastmoney.com failed: Failed to perform, curl: (56) Connection closed abruptly. See https://curl.se/libcurl/c/libcurl-errors.html first for more details.
2026-09-18 14:47:30,257 WARNING astock_signals.smart_router SmartRouter: board_leaders via eastmoney FAILED: fetch_board_leaders BK0998 all sources failed: push2: Failed to perform, curl: (56) Connection closed abruptly. See https://curl.se/libcurl/c/libcurl-errors.html first for more details.
2026-09-18 14:47:30,257 WARNING tradex.dashboard.risk_service board leader enrichment BK0998 failed: All sources for 'board_leaders' failed: eastmoney: fetch_board_leaders BK0998 all sources failed: push2: Failed to perform, curl: (56) Connection closed abruptly. See https://curl.se/libcurl/c/libcurl-errors.html first for more details.
2026-09-18 14:48:00,611 WARNING astock_signals.smart_router SmartRouter: market_overview via biying FAILED: 沪深成交额更新时间不一致
2026-09-18 14:48:00,705 WARNING astock_signals.smart_router SmartRouter: market_overview via tencent_http FAILED: 沪深成交额更新时间不一致
  0%|          | 0/8 [00:00<?, ?it/s] 12%|█▎        | 1/8 [00:00<00:00,  9.06it/s] 25%|██▌       | 2/8 [00:00<00:00,  9.07it/s] 38%|███▊      | 3/8 [00:00<00:00,  8.77it/s] 50%|█████     | 4/8 [00:00<00:00,  8.65it/s] 62%|██████▎   | 5/8 [00:00<00:00,  8.70it/s] 75%|███████▌  | 6/8 [00:00<00:00,  8.52it/s] 88%|████████▊ | 7/8 [00:00<00:00,  8.40it/s]                                             2026-09-18 14:48:01,693 WARNING astock_signals.smart_router SmartRouter: market_overview via akshare FAILED: 沪深成交额更新时间暂缺
2026-09-18 14:48:04,202 WARNING astock_signals.smart_router SmartRouter: limit_events via ths FAILED: 同花顺涨停池 info[2] 缺少必需字段 reason_type（第 1 页）
2026-09-18 14:48:04,246 INFO __main__ live limit-up catalog pool ready revision=3bf7980efc2a2cd901fab356a70186253f4f84ff8545b5a352a84d820b40b1ed total=78
2026-09-18 14:48:08,102 WARNING tradex.http fetch_board_leaders BK0825 https://push2.eastmoney.com failed: Failed to perform, curl: (56) Connection closed abruptly. See https://curl.se/libcurl/c/libcurl-errors.html first for more details.
2026-09-18 14:48:10,899 WARNING tradex.http fetch_board_leaders BK0547 https://push2.eastmoney.com failed: Failed to perform, curl: (56) Connection closed abruptly. See https://curl.se/libcurl/c/libcurl-errors.html first for more details.
2026-09-18 14:48:11,686 WARNING astock_signals.smart_router SmartRouter: limit_events via ths FAILED: 同花顺涨停池 info[2] 缺少必需字段 reason_type（第 1 页）
2026-09-18 14:48:11,686 WARNING tradex.dashboard.risk_service risk appetite component leadership_pool failed: All sources for 'limit_events' failed: ths: 同花顺涨停池 info[2] 缺少必需字段 reason_type（第 1 页）
2026-09-18 14:48:13,861 WARNING tradex.http fetch_board_leaders BK1216 https://push2.eastmoney.com failed: Failed to perform, curl: (56) Connection closed abruptly. See https://curl.se/libcurl/c/libcurl-errors.html first for more details.
2026-09-18 14:48:13,864 INFO astock_signals.smart_router SmartRouter: board_leaders via eastmoney skipped for this request: Eastmoney request queue is busy
2026-09-18 14:48:13,865 INFO astock_signals.smart_router SmartRouter: board_leaders via eastmoney skipped for this request: Eastmoney request queue is busy
2026-09-18 14:48:13,867 INFO astock_signals.smart_router SmartRouter: board_leaders via eastmoney skipped for this request: Eastmoney request queue is busy
2026-09-18 14:48:13,869 INFO astock_signals.smart_router SmartRouter: board_leaders via eastmoney skipped for this request: Eastmoney request queue is busy
2026-09-18 14:48:13,871 INFO astock_signals.smart_router SmartRouter: board_leaders via eastmoney skipped for this request: Eastmoney request queue is busy
2026-09-18 14:48:13,873 INFO astock_signals.smart_router SmartRouter: board_leaders via eastmoney skipped for this request: Eastmoney request queue is busy
2026-09-18 14:48:13,875 INFO astock_signals.smart_router SmartRouter: board_leaders via eastmoney skipped for this request: Eastmoney request queue is busy
2026-09-18 14:48:13,876 INFO astock_signals.smart_router SmartRouter: board_leaders via eastmoney skipped for this request: Eastmoney request queue is busy
2026-09-18 14:48:13,878 INFO astock_signals.smart_router SmartRouter: board_leaders via eastmoney skipped for this request: Eastmoney request queue is busy
2026-09-18 14:48:13,880 INFO astock_signals.smart_router SmartRouter: board_leaders via eastmoney skipped for this request: Eastmoney request queue is busy
2026-09-18 14:48:13,882 INFO astock_signals.smart_router SmartRouter: board_leaders via eastmoney skipped for this request: Eastmoney request queue is busy
2026-09-18 14:48:13,884 INFO astock_signals.smart_router SmartRouter: board_leaders via eastmoney skipped for this request: Eastmoney request queue is busy
2026-09-18 14:48:15,045 WARNING tradex.http fetch_industry_quotes https://push2.eastmoney.com failed: Failed to perform, curl: (56) Connection closed abruptly. See https://curl.se/libcurl/c/libcurl-errors.html first for more details.
2026-09-18 14:48:22,547 WARNING tradex.http fetch_industry_quotes https://push2.eastmoney.com failed: Failed to perform, curl: (56) Connection closed abruptly. See https://curl.se/libcurl/c/libcurl-errors.html first for more details.
2026-09-18 14:48:29,109 WARNING astock_signals.smart_router SmartRouter: minute_data_batch_partial via tushare FAILED: TuShare API HTTP 请求失败
2026-09-18 14:48:29,116 INFO __main__ intraday sector resonance ready revision=52aa3e555e46ba22b392468a926ef23d5b35b74bc84dd7f835e3e78aca0e1ff3 entries=16
2026-09-18 14:48:36,285 INFO __main__ manual portfolio market ready revision=0f5e1306d41c3bfe7da7a62506be3bbf7fc4443193fa2f1b5906e694ea5c8649 items=1 alerts=0
2026-09-18 14:48:45,310 INFO astock_signals.smart_router SmartRouter: sector_intraday_fund_flow via eastmoney skipped for this request: Eastmoney request queue is busy
2026-09-18 14:49:00,800 WARNING astock_signals.smart_router SmartRouter: limit_events via ths FAILED: 同花顺涨停池 info[0] 缺少必需字段 reason_type（第 1 页）
2026-09-18 14:49:00,801 WARNING tradex.dashboard.risk_service risk appetite component leadership_pool failed: All sources for 'limit_events' failed: ths: 同花顺涨停池 info[0] 缺少必需字段 reason_type（第 1 页）
2026-09-18 14:49:01,297 WARNING tradex.http fetch_industry_quotes https://push2.eastmoney.com failed: Failed to perform, curl: (56) Connection closed abruptly. See https://curl.se/libcurl/c/libcurl-errors.html first for more details.
2026-09-18 14:49:09,739 WARNING tradex.http fetch_industry_quotes https://push2.eastmoney.com failed: Failed to perform, curl: (56) Connection closed abruptly. See https://curl.se/libcurl/c/libcurl-errors.html first for more details.
2026-09-18 14:49:34,153 WARNING astock_signals.smart_router SmartRouter: limit_events via ths FAILED: 同花顺涨停池 info[0] 缺少必需字段 reason_type（第 1 页）
2026-09-18 14:49:34,154 WARNING tradex.dashboard.risk_service risk appetite component leadership_pool failed: All sources for 'limit_events' failed: ths: 同花顺涨停池 info[0] 缺少必需字段 reason_type（第 1 页）
2026-09-18 14:49:54,218 WARNING astock_signals.smart_router SmartRouter: limit_events via ths FAILED: 同花顺涨停池 info[2] 缺少必需字段 reason_type（第 1 页）
2026-09-18 14:49:54,261 INFO __main__ live limit-up catalog pool ready revision=702b4794dbc8328d6d7edeef74840bb459935b311d25f858952605624755a9ba total=79
2026-09-18 14:49:58,049 WARNING tradex.http fetch_board_leaders BK0825 https://push2.eastmoney.com failed: Failed to perform, curl: (56) Connection closed abruptly. See https://curl.se/libcurl/c/libcurl-errors.html first for more details.
2026-09-18 14:50:00,330 WARNING astock_signals.smart_router SmartRouter: limit_events via ths FAILED: 同花顺涨停池 info[2] 缺少必需字段 reason_type（第 1 页）
2026-09-18 14:50:00,330 WARNING tradex.dashboard.risk_service risk appetite component leadership_pool failed: All sources for 'limit_events' failed: ths: 同花顺涨停池 info[2] 缺少必需字段 reason_type（第 1 页）
2026-09-18 14:50:00,922 INFO astock_signals.smart_router SmartRouter: board_leaders via eastmoney skipped for this request: Eastmoney request queue is busy
2026-09-18 14:50:00,924 INFO astock_signals.smart_router SmartRouter: board_leaders via eastmoney skipped for this request: Eastmoney request queue is busy
2026-09-18 14:50:00,925 INFO astock_signals.smart_router SmartRouter: board_leaders via eastmoney skipped for this request: Eastmoney request queue is busy
2026-09-18 14:50:00,927 INFO astock_signals.smart_router SmartRouter: board_leaders via eastmoney skipped for this request: Eastmoney request queue is busy
2026-09-18 14:50:00,929 INFO astock_signals.smart_router SmartRouter: board_leaders via eastmoney skipped for this request: Eastmoney request queue is busy
2026-09-18 14:50:00,930 INFO astock_signals.smart_router SmartRouter: board_leaders via eastmoney skipped for this request: Eastmoney request queue is busy
2026-09-18 14:50:00,932 INFO astock_signals.smart_router SmartRouter: board_leaders via eastmoney skipped for this request: Eastmoney request queue is busy
2026-09-18 14:50:00,934 INFO astock_signals.smart_router SmartRouter: board_leaders via eastmoney skipped for this request: Eastmoney request queue is busy
2026-09-18 14:50:00,935 INFO astock_signals.smart_router SmartRouter: board_leaders via eastmoney skipped for this request: Eastmoney request queue is busy
2026-09-18 14:50:00,937 INFO astock_signals.smart_router SmartRouter: board_leaders via eastmoney skipped for this request: Eastmoney request queue is busy
2026-09-18 14:50:00,938 INFO astock_signals.smart_router SmartRouter: board_leaders via eastmoney skipped for this request: Eastmoney request queue is busy
2026-09-18 14:50:00,940 INFO astock_signals.smart_router SmartRouter: board_leaders via eastmoney skipped for this request: Eastmoney request queue is busy
2026-09-18 14:50:02,045 WARNING tradex.http fetch_industry_quotes https://push2.eastmoney.com failed: Failed to perform, curl: (56) Connection closed abruptly. See https://curl.se/libcurl/c/libcurl-errors.html first for more details.
2026-09-18 14:50:05,498 INFO __main__ intraday sector resonance ready revision=1634eb19de9bc4d8706125041c4139054003e505a84be0c21d67aa35f25c806b entries=16
2026-09-18 14:50:10,413 INFO __main__ manual portfolio market ready revision=e47e6aaca5413ddf150ee05e821aac06e50273ecec92a2d77806eeb031eaa09e items=1 alerts=0
2026-09-18 14:50:16,767 WARNING tradex.http fetch_industry_quotes https://push2.eastmoney.com failed: Failed to perform, curl: (56) Connection closed abruptly. See https://curl.se/libcurl/c/libcurl-errors.html first for more details.
2026-09-18 14:50:41,033 WARNING astock_signals.smart_router SmartRouter: limit_events via ths FAILED: 同花顺涨停池 info[0] 缺少必需字段 reason_type（第 1 页）
2026-09-18 14:50:41,033 WARNING tradex.dashboard.risk_service risk appetite component leadership_pool failed: All sources for 'limit_events' failed: ths: 同花顺涨停池 info[0] 缺少必需字段 reason_type（第 1 页）
2026-09-18 14:50:48,452 INFO astock_signals.smart_router SmartRouter: board_leaders via eastmoney skipped for this request: Eastmoney request queue is busy
2026-09-18 14:50:48,454 WARNING tradex.dashboard.risk_service board leader enrichment BK0998 failed: All sources for 'board_leaders' failed: eastmoney: Eastmoney request queue is busy
2026-09-18 14:51:01,283 WARNING astock_signals.smart_router SmartRouter: limit_events via ths FAILED: 同花顺涨停池 info[0] 缺少必需字段 reason_type（第 1 页）
2026-09-18 14:51:01,284 WARNING tradex.dashboard.risk_service risk appetite component leadership_pool failed: All sources for 'limit_events' failed: ths: 同花顺涨停池 info[0] 缺少必需字段 reason_type（第 1 页）
2026-09-18 14:51:01,407 WARNING tradex.http fetch_industry_quotes https://push2.eastmoney.com failed: Failed to perform, curl: (56) Connection closed abruptly. See https://curl.se/libcurl/c/libcurl-errors.html first for more details.
2026-09-18 14:51:01,485 WARNING astock_signals.smart_router SmartRouter: limit_events via ths FAILED: 同花顺涨停池 info[0] 缺少必需字段 reason_type（第 1 页）
2026-09-18 14:51:01,532 INFO __main__ live limit-up catalog pool ready revision=a44a1fde22b094d7282973db9338ab0c7d43786f1553208f6da851e078fad8d3 total=79
2026-09-18 14:51:02,682 INFO astock_signals.smart_router SmartRouter: board_leaders via eastmoney skipped for this request: Eastmoney request queue is busy
2026-09-18 14:51:02,684 INFO astock_signals.smart_router SmartRouter: board_leaders via eastmoney skipped for this request: Eastmoney request queue is busy
2026-09-18 14:51:02,686 INFO astock_signals.smart_router SmartRouter: board_leaders via eastmoney skipped for this request: Eastmoney request queue is busy
2026-09-18 14:51:02,687 INFO astock_signals.smart_router SmartRouter: board_leaders via eastmoney skipped for this request: Eastmoney request queue is busy
2026-09-18 14:51:02,689 INFO astock_signals.smart_router SmartRouter: board_leaders via eastmoney skipped for this request: Eastmoney request queue is busy
2026-09-18 14:51:02,691 INFO astock_signals.smart_router SmartRouter: board_leaders via eastmoney skipped for this request: Eastmoney request queue is busy
2026-09-18 14:51:02,693 INFO astock_signals.smart_router SmartRouter: board_leaders via eastmoney skipped for this request: Eastmoney request queue is busy
2026-09-18 14:51:02,695 INFO astock_signals.smart_router SmartRouter: board_leaders via eastmoney skipped for this request: Eastmoney request queue is busy
2026-09-18 14:51:02,697 INFO astock_signals.smart_router SmartRouter: board_leaders via eastmoney skipped for this request: Eastmoney request queue is busy
2026-09-18 14:51:02,699 INFO astock_signals.smart_router SmartRouter: board_leaders via eastmoney skipped for this request: Eastmoney request queue is busy
2026-09-18 14:51:02,700 INFO astock_signals.smart_router SmartRouter: board_leaders via eastmoney skipped for this request: Eastmoney request queue is busy
2026-09-18 14:51:02,703 INFO astock_signals.smart_router SmartRouter: board_leaders via eastmoney skipped for this request: Eastmoney request queue is busy
2026-09-18 14:51:02,704 INFO astock_signals.smart_router SmartRouter: board_leaders via eastmoney skipped for this request: Eastmoney request queue is busy
2026-09-18 14:51:02,706 INFO astock_signals.smart_router SmartRouter: board_leaders via eastmoney skipped for this request: Eastmoney request queue is busy
2026-09-18 14:51:02,707 INFO astock_signals.smart_router SmartRouter: board_leaders via eastmoney skipped for this request: Eastmoney request queue is busy
2026-09-18 14:51:02,709 INFO astock_signals.smart_router SmartRouter: board_leaders via eastmoney skipped for this request: Eastmoney request queue is busy
2026-09-18 14:51:02,719 INFO __main__ intraday sector resonance ready revision=d46d752ee85a5627b95d625b0c061d83974ea679a5ea70e55e1858d8f329245a entries=16
2026-09-18 14:51:21,470 INFO __main__ manual portfolio market ready revision=c9618311802aea9fb8cf305ca39ac73ab7989f04619e7493f7dda87e8061e65b items=1 alerts=0
2026-09-18 14:52:03,558 WARNING astock_signals.smart_router SmartRouter: market_overview via biying FAILED: 沪深成交额更新时间不一致
2026-09-18 14:52:03,845 WARNING astock_signals.smart_router SmartRouter: limit_events via ths FAILED: 同花顺涨停池 info[0] 缺少必需字段 reason_type（第 1 页）
2026-09-18 14:52:03,846 WARNING tradex.dashboard.risk_service risk appetite component leadership_pool failed: All sources for 'limit_events' failed: ths: 同花顺涨停池 info[0] 缺少必需字段 reason_type（第 1 页）
2026-09-18 14:52:04,518 WARNING astock_signals.smart_router SmartRouter: market_breadth via ths_fuyao FAILED: 同花顺扶摇 API HTTP 请求失败: 429 Client Error: Too Many Requests for url: https://fuyao.aicubes.cn/api/a-share/special-data/limit-up-pool?size=200&page=1
2026-09-18 14:52:08,374 WARNING astock_signals.smart_router SmartRouter: limit_events via ths FAILED: 同花顺涨停池 info[0] 缺少必需字段 reason_type（第 1 页）
2026-09-18 14:52:08,423 INFO __main__ live limit-up catalog pool ready revision=4fbb503bec94845f0c02fe79e65126c758fe932b4954b746522b5121eb9c29d2 total=79
2026-09-18 14:52:11,237 INFO astock_signals.smart_router SmartRouter: board_leaders via eastmoney skipped for this request: Eastmoney request queue is busy
2026-09-18 14:52:11,239 INFO astock_signals.smart_router SmartRouter: board_leaders via eastmoney skipped for this request: Eastmoney request queue is busy
2026-09-18 14:52:11,241 INFO astock_signals.smart_router SmartRouter: board_leaders via eastmoney skipped for this request: Eastmoney request queue is busy
2026-09-18 14:52:11,242 INFO astock_signals.smart_router SmartRouter: board_leaders via eastmoney skipped for this request: Eastmoney request queue is busy
2026-09-18 14:52:11,244 INFO astock_signals.smart_router SmartRouter: board_leaders via eastmoney skipped for this request: Eastmoney request queue is busy
2026-09-18 14:52:11,246 INFO astock_signals.smart_router SmartRouter: board_leaders via eastmoney skipped for this request: Eastmoney request queue is busy
2026-09-18 14:52:11,248 INFO astock_signals.smart_router SmartRouter: board_leaders via eastmoney skipped for this request: Eastmoney request queue is busy
2026-09-18 14:52:11,249 INFO astock_signals.smart_router SmartRouter: board_leaders via eastmoney skipped for this request: Eastmoney request queue is busy
2026-09-18 14:52:11,251 INFO astock_signals.smart_router SmartRouter: board_leaders via eastmoney skipped for this request: Eastmoney request queue is busy
2026-09-18 14:52:11,252 INFO astock_signals.smart_router SmartRouter: board_leaders via eastmoney skipped for this request: Eastmoney request queue is busy
2026-09-18 14:52:11,254 INFO astock_signals.smart_router SmartRouter: board_leaders via eastmoney skipped for this request: Eastmoney request queue is busy
2026-09-18 14:52:11,256 INFO astock_signals.smart_router SmartRouter: board_leaders via eastmoney skipped for this request: Eastmoney request queue is busy
2026-09-18 14:52:11,258 INFO astock_signals.smart_router SmartRouter: board_leaders via eastmoney skipped for this request: Eastmoney request queue is busy
2026-09-18 14:52:11,259 INFO astock_signals.smart_router SmartRouter: board_leaders via eastmoney skipped for this request: Eastmoney request queue is busy
2026-09-18 14:52:11,261 INFO astock_signals.smart_router SmartRouter: board_leaders via eastmoney skipped for this request: Eastmoney request queue is busy
2026-09-18 14:52:16,748 INFO __main__ intraday sector resonance ready revision=694a7b7370b9654002df6331526a3153e5e68fa9b83c1ccc33cfbb033efd6376 entries=16
2026-09-18 14:52:17,426 WARNING tradex.http fetch_industry_quotes https://push2.eastmoney.com failed: Failed to perform, curl: (56) Connection closed abruptly. See https://curl.se/libcurl/c/libcurl-errors.html first for more details.
2026-09-18 14:52:27,970 INFO __main__ manual portfolio market ready revision=60056327a33ebe544fa4bf6aaacf621e2a2df90102fc662c4898a5fdd3899f75 items=1 alerts=0
2026-09-18 14:52:35,055 WARNING tradex.http sector minute fund flow push2 failed for BK0578: Failed to perform, curl: (56) Connection closed abruptly. See https://curl.se/libcurl/c/libcurl-errors.html first for more details.
2026-09-18 14:52:35,512 INFO astock_signals.smart_router SmartRouter: sector_intraday_fund_flow via eastmoney skipped for this request: Eastmoney request queue is busy
2026-09-18 14:53:03,045 WARNING astock_signals.smart_router SmartRouter: limit_events via ths FAILED: 同花顺涨停池 info[0] 缺少必需字段 reason_type（第 1 页）
2026-09-18 14:53:03,061 WARNING tradex.dashboard.risk_service risk appetite component leadership_pool failed: All sources for 'limit_events' failed: ths: 同花顺涨停池 info[0] 缺少必需字段 reason_type（第 1 页）
2026-09-18 14:53:07,463 WARNING tradex.http fetch_industry_quotes https://push2.eastmoney.com failed: Failed to perform, curl: (56) Connection closed abruptly. See https://curl.se/libcurl/c/libcurl-errors.html first for more details.
2026-09-18 14:53:13,570 WARNING astock_signals.smart_router SmartRouter: limit_events via ths FAILED: 同花顺涨停池 info[0] 缺少必需字段 reason_type（第 1 页）
2026-09-18 14:53:13,619 INFO __main__ live limit-up catalog pool ready revision=a8534bf8c04d39803e6250ea9b3643295858a685ac14f415f124efd6af5a556b total=80
2026-09-18 14:53:15,292 WARNING tradex.http fetch_board_leaders BK0494 https://push2.eastmoney.com failed: Failed to perform, curl: (56) Connection closed abruptly. See https://curl.se/libcurl/c/libcurl-errors.html first for more details.
2026-09-18 14:53:15,294 INFO astock_signals.smart_router SmartRouter: board_leaders via eastmoney skipped for this request: Eastmoney request queue is busy
2026-09-18 14:53:15,296 INFO astock_signals.smart_router SmartRouter: board_leaders via eastmoney skipped for this request: Eastmoney request queue is busy
2026-09-18 14:53:15,297 INFO astock_signals.smart_router SmartRouter: board_leaders via eastmoney skipped for this request: Eastmoney request queue is busy
2026-09-18 14:53:15,299 INFO astock_signals.smart_router SmartRouter: board_leaders via eastmoney skipped for this request: Eastmoney request queue is busy
2026-09-18 14:53:15,301 INFO astock_signals.smart_router SmartRouter: board_leaders via eastmoney skipped for this request: Eastmoney request queue is busy
2026-09-18 14:53:15,303 INFO astock_signals.smart_router SmartRouter: board_leaders via eastmoney skipped for this request: Eastmoney request queue is busy
2026-09-18 14:53:15,305 INFO astock_signals.smart_router SmartRouter: board_leaders via eastmoney skipped for this request: Eastmoney request queue is busy
2026-09-18 14:53:15,306 INFO astock_signals.smart_router SmartRouter: board_leaders via eastmoney skipped for this request: Eastmoney request queue is busy
2026-09-18 14:53:15,308 INFO astock_signals.smart_router SmartRouter: board_leaders via eastmoney skipped for this request: Eastmoney request queue is busy
2026-09-18 14:53:15,310 INFO astock_signals.smart_router SmartRouter: board_leaders via eastmoney skipped for this request: Eastmoney request queue is busy
2026-09-18 14:53:15,312 INFO astock_signals.smart_router SmartRouter: board_leaders via eastmoney skipped for this request: Eastmoney request queue is busy
2026-09-18 14:53:15,313 INFO astock_signals.smart_router SmartRouter: board_leaders via eastmoney skipped for this request: Eastmoney request queue is busy
2026-09-18 14:53:15,315 INFO astock_signals.smart_router SmartRouter: board_leaders via eastmoney skipped for this request: Eastmoney request queue is busy
2026-09-18 14:53:15,317 INFO astock_signals.smart_router SmartRouter: board_leaders via eastmoney skipped for this request: Eastmoney request queue is busy
2026-09-18 14:53:15,319 INFO astock_signals.smart_router SmartRouter: board_leaders via eastmoney skipped for this request: Eastmoney request queue is busy
2026-09-18 14:53:15,321 INFO astock_signals.smart_router SmartRouter: board_leaders via eastmoney skipped for this request: Eastmoney request queue is busy
2026-09-18 14:53:15,330 INFO __main__ intraday sector resonance ready revision=4ea9ef25d7ae3d5cc121c56f060dec6761b6576d725a7debb42c3464e2f64db4 entries=16
2026-09-18 14:53:16,716 WARNING tradex.http fetch_industry_quotes https://push2.eastmoney.com failed: Failed to perform, curl: (56) Connection closed abruptly. See https://curl.se/libcurl/c/libcurl-errors.html first for more details.
2026-09-18 14:53:28,220 INFO __main__ manual portfolio market ready revision=5621558ce6ebb9de3c8272a6e1ccc28797bb9a064c29a16f8673c73c2fbb12d0 items=1 alerts=0
2026-09-18 14:53:41,923 WARNING astock_signals.smart_router SmartRouter: limit_events via ths FAILED: 同花顺涨停池 info[0] 缺少必需字段 reason_type（第 1 页）
2026-09-18 14:53:41,923 WARNING tradex.dashboard.risk_service risk appetite component leadership_pool failed: All sources for 'limit_events' failed: ths: 同花顺涨停池 info[0] 缺少必需字段 reason_type（第 1 页）
2026-09-18 14:53:44,251 WARNING tradex.http sector minute fund flow push2 failed for BK0968: Failed to perform, curl: (56) Connection closed abruptly. See https://curl.se/libcurl/c/libcurl-errors.html first for more details.
2026-09-18 14:54:01,890 WARNING tradex.http fetch_industry_quotes https://push2.eastmoney.com failed: Failed to perform, curl: (56) Connection closed abruptly. See https://curl.se/libcurl/c/libcurl-errors.html first for more details.
2026-09-18 14:54:03,317 WARNING astock_signals.smart_router SmartRouter: limit_events via ths FAILED: 同花顺涨停池 info[1] 缺少必需字段 reason_type（第 1 页）
2026-09-18 14:54:03,333 WARNING tradex.dashboard.risk_service risk appetite component leadership_pool failed: All sources for 'limit_events' failed: ths: 同花顺涨停池 info[1] 缺少必需字段 reason_type（第 1 页）
2026-09-18 14:54:09,535 WARNING tradex.http fetch_industry_quotes https://push2.eastmoney.com failed: Failed to perform, curl: (56) Connection closed abruptly. See https://curl.se/libcurl/c/libcurl-errors.html first for more details.
2026-09-18 14:54:12,972 INFO __main__ live limit-up catalog pool ready revision=a8534bf8c04d39803e6250ea9b3643295858a685ac14f415f124efd6af5a556b total=80
2026-09-18 14:54:13,759 INFO __main__ intraday sector resonance ready revision=4ea9ef25d7ae3d5cc121c56f060dec6761b6576d725a7debb42c3464e2f64db4 entries=16
2026-09-18 14:54:28,259 INFO __main__ manual portfolio market ready revision=8065bbb8a94384723a765a657ef5ef15d11ac2bf766e5fe72c9da0f77111cac4 items=1 alerts=0
2026-09-18 14:54:31,914 INFO astock_signals.smart_router SmartRouter: board_leaders via eastmoney skipped for this request: Eastmoney request queue is busy
2026-09-18 14:54:31,914 WARNING tradex.dashboard.risk_service board leader enrichment BK0448 failed: All sources for 'board_leaders' failed: eastmoney: Eastmoney request queue is busy
2026-09-18 14:54:31,916 INFO astock_signals.smart_router SmartRouter: board_leaders via eastmoney skipped for this request: Eastmoney request queue is busy
2026-09-18 14:54:31,916 WARNING tradex.dashboard.risk_service board leader enrichment BK1037 failed: All sources for 'board_leaders' failed: eastmoney: Eastmoney request queue is busy
2026-09-18 14:54:31,918 INFO astock_signals.smart_router SmartRouter: board_leaders via eastmoney skipped for this request: Eastmoney request queue is busy
2026-09-18 14:54:31,918 WARNING tradex.dashboard.risk_service board leader enrichment BK0969 failed: All sources for 'board_leaders' failed: eastmoney: Eastmoney request queue is busy
2026-09-18 14:54:31,920 INFO astock_signals.smart_router SmartRouter: board_leaders via eastmoney skipped for this request: Eastmoney request queue is busy
2026-09-18 14:54:31,920 WARNING tradex.dashboard.risk_service board leader enrichment BK0998 failed: All sources for 'board_leaders' failed: eastmoney: Eastmoney request queue is busy
2026-09-18 14:54:31,923 INFO astock_signals.smart_router SmartRouter: board_leaders via eastmoney skipped for this request: Eastmoney request queue is busy
2026-09-18 14:54:31,923 WARNING tradex.dashboard.risk_service board leader enrichment BK1094 failed: All sources for 'board_leaders' failed: eastmoney: Eastmoney request queue is busy
2026-09-18 14:54:34,013 WARNING astock_signals.smart_router SmartRouter: limit_events via ths FAILED: 同花顺涨停池 info[1] 缺少必需字段 reason_type（第 1 页）
2026-09-18 14:54:34,014 WARNING tradex.dashboard.risk_service risk appetite component leadership_pool failed: All sources for 'limit_events' failed: ths: 同花顺涨停池 info[1] 缺少必需字段 reason_type（第 1 页）
2026-09-18 14:54:41,130 INFO astock_signals.smart_router SmartRouter: board_leaders via eastmoney skipped for this request: Eastmoney request queue is busy
2026-09-18 14:54:41,130 WARNING tradex.dashboard.risk_service board leader enrichment BK1037 failed: All sources for 'board_leaders' failed: eastmoney: Eastmoney request queue is busy
2026-09-18 14:54:41,132 INFO astock_signals.smart_router SmartRouter: board_leaders via eastmoney skipped for this request: Eastmoney request queue is busy
2026-09-18 14:54:41,132 WARNING tradex.dashboard.risk_service board leader enrichment BK0969 failed: All sources for 'board_leaders' failed: eastmoney: Eastmoney request queue is busy
2026-09-18 14:54:41,134 INFO astock_signals.smart_router SmartRouter: board_leaders via eastmoney skipped for this request: Eastmoney request queue is busy
2026-09-18 14:54:41,134 WARNING tradex.dashboard.risk_service board leader enrichment BK0998 failed: All sources for 'board_leaders' failed: eastmoney: Eastmoney request queue is busy
2026-09-18 14:54:41,136 INFO astock_signals.smart_router SmartRouter: board_leaders via eastmoney skipped for this request: Eastmoney request queue is busy
2026-09-18 14:54:41,136 WARNING tradex.dashboard.risk_service board leader enrichment BK1094 failed: All sources for 'board_leaders' failed: eastmoney: Eastmoney request queue is busy
2026-09-18 14:55:05,108 WARNING astock_signals.smart_router SmartRouter: limit_events via ths FAILED: 同花顺涨停池 info[1] 缺少必需字段 reason_type（第 1 页）
2026-09-18 14:55:05,124 WARNING tradex.dashboard.risk_service risk appetite component leadership_pool failed: All sources for 'limit_events' failed: ths: 同花顺涨停池 info[1] 缺少必需字段 reason_type（第 1 页）
2026-09-18 14:55:09,720 WARNING tradex.http fetch_industry_quotes https://push2.eastmoney.com failed: Failed to perform, curl: (56) Connection closed abruptly. See https://curl.se/libcurl/c/libcurl-errors.html first for more details.
2026-09-18 14:55:15,697 WARNING astock_signals.smart_router SmartRouter: limit_events via ths FAILED: 同花顺涨停池 info[0] 缺少必需字段 reason_type（第 1 页）
2026-09-18 14:55:15,739 INFO __main__ live limit-up catalog pool ready revision=a7ef4b6f3c631bda3ef15e3826246e3895932880064487b17c8a19e84bd5f3c1 total=79
2026-09-18 14:55:17,686 WARNING tradex.http fetch_board_leaders BK0494 https://push2.eastmoney.com failed: Failed to perform, curl: (56) Connection closed abruptly. See https://curl.se/libcurl/c/libcurl-errors.html first for more details.
2026-09-18 14:55:17,688 INFO astock_signals.smart_router SmartRouter: board_leaders via eastmoney skipped for this request: Eastmoney request queue is busy
2026-09-18 14:55:17,690 INFO astock_signals.smart_router SmartRouter: board_leaders via eastmoney skipped for this request: Eastmoney request queue is busy
2026-09-18 14:55:17,692 INFO astock_signals.smart_router SmartRouter: board_leaders via eastmoney skipped for this request: Eastmoney request queue is busy
2026-09-18 14:55:17,694 INFO astock_signals.smart_router SmartRouter: board_leaders via eastmoney skipped for this request: Eastmoney request queue is busy
2026-09-18 14:55:17,695 INFO astock_signals.smart_router SmartRouter: board_leaders via eastmoney skipped for this request: Eastmoney request queue is busy
2026-09-18 14:55:17,697 INFO astock_signals.smart_router SmartRouter: board_leaders via eastmoney skipped for this request: Eastmoney request queue is busy
2026-09-18 14:55:17,698 INFO astock_signals.smart_router SmartRouter: board_leaders via eastmoney skipped for this request: Eastmoney request queue is busy
2026-09-18 14:55:17,700 INFO astock_signals.smart_router SmartRouter: board_leaders via eastmoney skipped for this request: Eastmoney request queue is busy
2026-09-18 14:55:17,701 INFO astock_signals.smart_router SmartRouter: board_leaders via eastmoney skipped for this request: Eastmoney request queue is busy
2026-09-18 14:55:17,703 INFO astock_signals.smart_router SmartRouter: board_leaders via eastmoney skipped for this request: Eastmoney request queue is busy
2026-09-18 14:55:17,705 INFO astock_signals.smart_router SmartRouter: board_leaders via eastmoney skipped for this request: Eastmoney request queue is busy
2026-09-18 14:55:17,706 INFO astock_signals.smart_router SmartRouter: board_leaders via eastmoney skipped for this request: Eastmoney request queue is busy
2026-09-18 14:55:17,708 INFO astock_signals.smart_router SmartRouter: board_leaders via eastmoney skipped for this request: Eastmoney request queue is busy
2026-09-18 14:55:17,710 INFO astock_signals.smart_router SmartRouter: board_leaders via eastmoney skipped for this request: Eastmoney request queue is busy
2026-09-18 14:55:17,711 INFO astock_signals.smart_router SmartRouter: board_leaders via eastmoney skipped for this request: Eastmoney request queue is busy
2026-09-18 14:55:17,713 INFO astock_signals.smart_router SmartRouter: board_leaders via eastmoney skipped for this request: Eastmoney request queue is busy
2026-09-18 14:55:17,721 INFO __main__ intraday sector resonance ready revision=fc6b7f7b273ba5e975b124c953b6799c60be4c98150c6692d1f8621b9eeb1ea9 entries=16
2026-09-18 14:55:18,829 WARNING tradex.http fetch_industry_quotes https://push2.eastmoney.com failed: Failed to perform, curl: (56) Connection closed abruptly. See https://curl.se/libcurl/c/libcurl-errors.html first for more details.
2026-09-18 14:55:32,606 INFO __main__ manual portfolio market ready revision=89a30ef7b0e86c22c1574985eda515aaf50354549f2c5693bbc54b742d3b8ab5 items=1 alerts=0
2026-09-18 14:55:34,647 INFO astock_signals.smart_router SmartRouter: board_leaders via eastmoney skipped for this request: Eastmoney request queue is busy
2026-09-18 14:55:34,647 WARNING tradex.dashboard.risk_service board leader enrichment BK0998 failed: All sources for 'board_leaders' failed: eastmoney: Eastmoney request queue is busy
2026-09-18 14:55:34,649 INFO astock_signals.smart_router SmartRouter: board_leaders via eastmoney skipped for this request: Eastmoney request queue is busy
2026-09-18 14:55:34,649 WARNING tradex.dashboard.risk_service board leader enrichment BK1094 failed: All sources for 'board_leaders' failed: eastmoney: Eastmoney request queue is busy
2026-09-18 14:55:44,073 WARNING astock_signals.smart_router SmartRouter: limit_events via ths FAILED: 同花顺涨停池 info[0] 缺少必需字段 reason_type（第 1 页）
2026-09-18 14:55:44,073 WARNING tradex.dashboard.risk_service risk appetite component leadership_pool failed: All sources for 'limit_events' failed: ths: 同花顺涨停池 info[0] 缺少必需字段 reason_type（第 1 页）
2026-09-18 14:56:00,385 WARNING astock_signals.smart_router SmartRouter: limit_events via ths FAILED: 同花顺涨停池 info[0] 缺少必需字段 reason_type（第 1 页）
2026-09-18 14:56:00,385 WARNING tradex.dashboard.risk_service risk appetite component leadership_pool failed: All sources for 'limit_events' failed: ths: 同花顺涨停池 info[0] 缺少必需字段 reason_type（第 1 页）
2026-09-18 14:56:00,441 WARNING tradex.http fetch_industry_quotes https://push2.eastmoney.com failed: Failed to perform, curl: (56) Connection closed abruptly. See https://curl.se/libcurl/c/libcurl-errors.html first for more details.
2026-09-18 14:56:10,043 WARNING tradex.http fetch_industry_quotes https://push2.eastmoney.com failed: Failed to perform, curl: (56) Connection closed abruptly. See https://curl.se/libcurl/c/libcurl-errors.html first for more details.
2026-09-18 14:56:16,221 INFO __main__ live limit-up catalog pool ready revision=a7ef4b6f3c631bda3ef15e3826246e3895932880064487b17c8a19e84bd5f3c1 total=79
2026-09-18 14:56:17,041 INFO __main__ intraday sector resonance ready revision=fc6b7f7b273ba5e975b124c953b6799c60be4c98150c6692d1f8621b9eeb1ea9 entries=16
2026-09-18 14:56:24,384 INFO astock_signals.smart_router SmartRouter: sector_intraday_fund_flow via eastmoney skipped for this request: Eastmoney request queue is busy
2026-09-18 14:56:31,412 INFO __main__ manual portfolio market ready revision=373cf347f97c4651e854168b0ad7c9e4b2763c964bb0e5843fb80a7b45ffd1a7 items=1 alerts=0
2026-09-18 14:57:16,542 WARNING astock_signals.smart_router SmartRouter: limit_events via ths FAILED: 同花顺涨停池 info[1] 缺少必需字段 reason_type（第 1 页）
2026-09-18 14:57:16,592 INFO __main__ live limit-up catalog pool ready revision=4bb7fecc28636b163774b802f0a54a0809148b16cbc0c9a65d8bcccee83bf1f8 total=80
2026-09-18 14:57:20,539 WARNING tradex.http fetch_board_leaders BK0547 https://push2.eastmoney.com failed: Failed to perform, curl: (56) Connection closed abruptly. See https://curl.se/libcurl/c/libcurl-errors.html first for more details.
2026-09-18 14:57:23,425 WARNING tradex.http fetch_board_leaders BK0825 https://push2.eastmoney.com failed: Failed to perform, curl: (56) Connection closed abruptly. See https://curl.se/libcurl/c/libcurl-errors.html first for more details.
2026-09-18 14:57:26,367 WARNING tradex.http fetch_board_leaders BK1216 https://push2.eastmoney.com failed: Failed to perform, curl: (56) Connection closed abruptly. See https://curl.se/libcurl/c/libcurl-errors.html first for more details.
2026-09-18 14:57:29,176 WARNING tradex.http fetch_board_leaders BK0615 https://push2.eastmoney.com failed: Failed to perform, curl: (56) Connection closed abruptly. See https://curl.se/libcurl/c/libcurl-errors.html first for more details.
2026-09-18 14:57:35,564 WARNING tradex.http fetch_board_leaders BK0917 https://push2.eastmoney.com failed: Failed to perform, curl: (56) Connection closed abruptly. See https://curl.se/libcurl/c/libcurl-errors.html first for more details.
2026-09-18 14:57:38,204 WARNING tradex.http fetch_board_leaders BK1036 https://push2.eastmoney.com failed: Failed to perform, curl: (56) Connection closed abruptly. See https://curl.se/libcurl/c/libcurl-errors.html first for more details.
2026-09-18 14:57:40,878 WARNING tradex.http fetch_board_leaders BK1128 https://push2.eastmoney.com failed: Failed to perform, curl: (56) Connection closed abruptly. See https://curl.se/libcurl/c/libcurl-errors.html first for more details.
2026-09-18 14:57:43,663 WARNING tradex.http fetch_board_leaders BK1137 https://push2.eastmoney.com failed: Failed to perform, curl: (56) Connection closed abruptly. See https://curl.se/libcurl/c/libcurl-errors.html first for more details.
2026-09-18 14:57:46,289 WARNING tradex.http fetch_board_leaders BK0800 https://push2.eastmoney.com failed: Failed to perform, curl: (56) Connection closed abruptly. See https://curl.se/libcurl/c/libcurl-errors.html first for more details.
2026-09-18 14:57:48,699 WARNING tradex.http fetch_board_leaders BK1646 https://push2.eastmoney.com failed: Failed to perform, curl: (56) Connection closed abruptly. See https://curl.se/libcurl/c/libcurl-errors.html first for more details.
2026-09-18 14:57:51,374 WARNING tradex.http fetch_board_leaders BK1101 https://push2.eastmoney.com failed: Failed to perform, curl: (56) Connection closed abruptly. See https://curl.se/libcurl/c/libcurl-errors.html first for more details.
2026-09-18 14:58:09,862 INFO __main__ intraday sector resonance ready revision=657cdee29ac591e8ca051f314cd2125aaa6b8226f066d861b78b2e2dac257a96 entries=16
2026-09-18 14:58:20,860 INFO __main__ manual portfolio market ready revision=90ae3da0a416dd14b19aba5ceb1f6e350b2ca523e532f65f8d6477d39d206bbd items=1 alerts=0
2026-09-18 14:59:04,489 INFO __main__ live limit-up catalog pool ready revision=4bb7fecc28636b163774b802f0a54a0809148b16cbc0c9a65d8bcccee83bf1f8 total=80
2026-09-18 14:59:05,311 INFO __main__ intraday sector resonance ready revision=657cdee29ac591e8ca051f314cd2125aaa6b8226f066d861b78b2e2dac257a96 entries=16
2026-09-18 14:59:11,124 INFO __main__ manual portfolio market ready revision=268ac5dd4d17b63693063935b2451e3b63095018631251833b2f267f9b9c861d items=1 alerts=0
2026-09-18 14:59:54,150 INFO __main__ live limit-up catalog pool ready revision=4bb7fecc28636b163774b802f0a54a0809148b16cbc0c9a65d8bcccee83bf1f8 total=80
2026-09-18 14:59:54,973 INFO __main__ intraday sector resonance ready revision=657cdee29ac591e8ca051f314cd2125aaa6b8226f066d861b78b2e2dac257a96 entries=16
2026-09-18 15:00:00,106 INFO __main__ manual portfolio market ready revision=2214d2e7f5b0c6dc686478f1ccebd65cffd5061c15f2052fa41faa930bab4b83 items=1 alerts=0
2026-09-18 15:00:00,795 WARNING astock_signals.smart_router SmartRouter: market_overview via biying FAILED: 沪深成交额更新时间不一致
2026-09-18 15:00:01,583 WARNING tradex.http sector minute fund flow push2 failed for BK0492: Failed to perform, curl: (56) Connection closed abruptly. See https://curl.se/libcurl/c/libcurl-errors.html first for more details.
2026-09-18 15:00:44,670 WARNING astock_signals.smart_router SmartRouter: limit_events via ths FAILED: 同花顺涨停池 info[0] 缺少必需字段 reason_type（第 1 页）
2026-09-18 15:00:44,672 WARNING tradex.dashboard.risk_service risk appetite component leadership_pool failed: All sources for 'limit_events' failed: ths: 同花顺涨停池 info[0] 缺少必需字段 reason_type（第 1 页）
2026-09-18 15:00:45,594 WARNING tradex.http fetch_industry_quotes https://push2.eastmoney.com failed: Failed to perform, curl: (56) Connection closed abruptly. See https://curl.se/libcurl/c/libcurl-errors.html first for more details.
2026-09-18 15:00:50,867 INFO astock_signals.smart_router SmartRouter: sector_intraday_fund_flow via eastmoney skipped for this request: Eastmoney request queue is busy
2026-09-18 15:00:50,876 INFO astock_signals.smart_router SmartRouter: sector_intraday_fund_flow via eastmoney skipped for this request: Eastmoney request queue is busy
2026-09-18 15:00:50,886 INFO astock_signals.smart_router SmartRouter: sector_intraday_fund_flow via eastmoney skipped for this request: Eastmoney request queue is busy
2026-09-18 15:00:56,103 WARNING tradex.http fetch_industry_quotes https://push2.eastmoney.com failed: Failed to perform, curl: (56) Connection closed abruptly. See https://curl.se/libcurl/c/libcurl-errors.html first for more details.
2026-09-18 15:01:15,706 INFO __main__ manual portfolio market ready revision=b74e997fdfc369a1d986cfa2eeb8b4ee5446e8a2747c3076c7be0affd03e3e5f items=1 alerts=0
2026-09-18 15:01:33,527 INFO astock_signals.smart_router SmartRouter: sector_intraday_fund_flow via eastmoney skipped for this request: Eastmoney request queue is busy
2026-09-18 15:01:33,538 INFO astock_signals.smart_router SmartRouter: sector_intraday_fund_flow via eastmoney skipped for this request: Eastmoney request queue is busy
2026-09-18 15:01:33,549 INFO astock_signals.smart_router SmartRouter: sector_intraday_fund_flow via eastmoney skipped for this request: Eastmoney request queue is busy
2026-09-18 15:01:47,009 WARNING tradex.http fetch_board_leaders BK0494 https://push2.eastmoney.com failed: Failed to perform, curl: (56) Connection closed abruptly. See https://curl.se/libcurl/c/libcurl-errors.html first for more details.
2026-09-18 15:01:49,304 WARNING tradex.http fetch_board_leaders BK0668 https://push2.eastmoney.com failed: Failed to perform, curl: (56) Connection closed abruptly. See https://curl.se/libcurl/c/libcurl-errors.html first for more details.
2026-09-18 15:01:51,912 WARNING tradex.http fetch_board_leaders BK0547 https://push2.eastmoney.com failed: Failed to perform, curl: (56) Connection closed abruptly. See https://curl.se/libcurl/c/libcurl-errors.html first for more details.
2026-09-18 15:01:54,970 WARNING tradex.http fetch_board_leaders BK0825 https://push2.eastmoney.com failed: Failed to perform, curl: (56) Connection closed abruptly. See https://curl.se/libcurl/c/libcurl-errors.html first for more details.
2026-09-18 15:01:57,127 WARNING tradex.http fetch_board_leaders BK1216 https://push2.eastmoney.com failed: Failed to perform, curl: (56) Connection closed abruptly. See https://curl.se/libcurl/c/libcurl-errors.html first for more details.
2026-09-18 15:01:59,703 WARNING tradex.http fetch_board_leaders BK0615 https://push2.eastmoney.com failed: Failed to perform, curl: (56) Connection closed abruptly. See https://curl.se/libcurl/c/libcurl-errors.html first for more details.
2026-09-18 15:02:02,657 WARNING tradex.http fetch_board_leaders BK0474 https://push2.eastmoney.com failed: Failed to perform, curl: (56) Connection closed abruptly. See https://curl.se/libcurl/c/libcurl-errors.html first for more details.
2026-09-18 15:02:05,325 WARNING tradex.http fetch_board_leaders BK0577 https://push2.eastmoney.com failed: Failed to perform, curl: (56) Connection closed abruptly. See https://curl.se/libcurl/c/libcurl-errors.html first for more details.
2026-09-18 15:02:07,801 WARNING tradex.http fetch_board_leaders BK0891 https://push2.eastmoney.com failed: Failed to perform, curl: (56) Connection closed abruptly. See https://curl.se/libcurl/c/libcurl-errors.html first for more details.
2026-09-18 15:02:12,251 WARNING tradex.http fetch_board_leaders BK1036 https://push2.eastmoney.com failed: Failed to perform, curl: (56) Connection closed abruptly. See https://curl.se/libcurl/c/libcurl-errors.html first for more details.
2026-09-18 15:02:26,869 INFO __main__ derived market-watch evidence ready resonance=ecfa6eeb33c70c57f17a9274315341062a1dc18e6a20037ead7f861e5bbc13ca entries=16 limit_up_pool=d52086455314509e157a4d2e5c3a6673741bdfed6538c89fa6885a7f9a1cc986 total=78 phase=closed
2026-09-18 15:02:32,107 WARNING astock_signals.smart_router SmartRouter: minute_data via tushare FAILED: TuShare 实时分钟返回空数据
2026-09-18 15:02:39,075 WARNING astock_signals.smart_router SmartRouter: minute_data via tushare FAILED: TuShare 实时分钟返回空数据
2026-09-18 15:03:38,952 WARNING astock_signals.smart_router SmartRouter: minute_data via tushare FAILED: TuShare 实时分钟返回空数据
2026-09-18 15:03:42,563 WARNING astock_signals.smart_router SmartRouter: minute_data via tushare FAILED: TuShare 实时分钟返回空数据
2026-09-18 15:03:43,006 INFO astock_signals.smart_router SmartRouter: sector_intraday_fund_flow via eastmoney skipped for this request: Eastmoney request queue is busy
2026-09-18 15:03:43,017 INFO astock_signals.smart_router SmartRouter: sector_intraday_fund_flow via eastmoney skipped for this request: Eastmoney request queue is busy
2026-09-18 15:03:43,029 INFO astock_signals.smart_router SmartRouter: sector_intraday_fund_flow via eastmoney skipped for this request: Eastmoney request queue is busy
2026-09-18 15:03:46,020 WARNING astock_signals.smart_router SmartRouter: minute_data_batch_partial via tushare FAILED: TuShare API 业务错误 code=429
2026-09-18 15:03:54,832 WARNING astock_signals.smart_router SmartRouter: minute_data via tushare FAILED: TuShare API 业务错误 code=429
2026-09-18 15:03:54,973 WARNING astock_signals.smart_router SmartRouter: minute_data_batch_partial via tushare FAILED: TuShare API 业务错误 code=429
2026-09-18 15:03:55,295 WARNING astock_signals.smart_router SmartRouter: minute_data_batch_partial via tushare FAILED: TuShare API 业务错误 code=429
2026-09-18 15:03:55,652 WARNING astock_signals.smart_router SmartRouter: minute_data_batch_partial via tushare FAILED: TuShare API 业务错误 code=429
2026-09-18 15:05:21,939 WARNING astock_signals.smart_router SmartRouter: minute_data via tushare FAILED: TuShare 实时分钟返回空数据
2026-09-18 15:05:42,247 WARNING astock_signals.smart_router SmartRouter: minute_data via tushare FAILED: TuShare 实时分钟返回空数据
2026-09-18 15:05:42,824 INFO astock_signals.smart_router SmartRouter: sector_intraday_fund_flow via eastmoney skipped for this request: Eastmoney request queue is busy
2026-09-18 15:05:42,835 INFO astock_signals.smart_router SmartRouter: sector_intraday_fund_flow via eastmoney skipped for this request: Eastmoney request queue is busy
2026-09-18 15:05:42,846 INFO astock_signals.smart_router SmartRouter: sector_intraday_fund_flow via eastmoney skipped for this request: Eastmoney request queue is busy
2026-09-18 15:05:47,681 WARNING astock_signals.smart_router SmartRouter: minute_data via tushare FAILED: TuShare 实时分钟返回空数据
2026-09-18 15:05:48,154 WARNING astock_signals.smart_router SmartRouter: minute_data via tushare FAILED: TuShare 实时分钟返回空数据
2026-09-18 15:05:49,937 WARNING astock_signals.smart_router SmartRouter: minute_data_batch_partial via tushare FAILED: TuShare API 业务错误 code=429
2026-09-18 15:05:56,955 WARNING astock_signals.smart_router SmartRouter: minute_data_batch_partial via tushare FAILED: TuShare API 业务错误 code=429
2026-09-18 15:05:58,133 WARNING astock_signals.smart_router SmartRouter: minute_data via tushare FAILED: TuShare 实时分钟返回空数据
2026-09-18 15:05:59,965 WARNING astock_signals.smart_router SmartRouter: minute_data via tushare FAILED: TuShare 实时分钟返回空数据
2026-09-18 15:06:15,387 WARNING astock_signals.smart_router SmartRouter: minute_data via tushare FAILED: TuShare 实时分钟返回空数据
2026-09-18 15:06:19,271 WARNING astock_signals.smart_router SmartRouter: minute_data via tushare FAILED: TuShare 实时分钟返回空数据
2026-09-18 15:06:19,757 INFO astock_signals.smart_router SmartRouter: sector_intraday_fund_flow via eastmoney skipped for this request: Eastmoney request queue is busy
2026-09-18 15:06:19,767 INFO astock_signals.smart_router SmartRouter: sector_intraday_fund_flow via eastmoney skipped for this request: Eastmoney request queue is busy
2026-09-18 15:06:19,778 INFO astock_signals.smart_router SmartRouter: sector_intraday_fund_flow via eastmoney skipped for this request: Eastmoney request queue is busy
2026-09-18 15:06:30,832 INFO astock_signals.smart_router SmartRouter: minute_data via tushare skipped for this request: tushare shared rate budget is full; use this request's fallback
2026-09-18 15:06:31,634 WARNING astock_signals.smart_router SmartRouter: minute_data via tushare FAILED: TuShare 实时分钟返回空数据
2026-09-18 15:06:32,761 WARNING astock_signals.smart_router SmartRouter: minute_data via tushare FAILED: TuShare 实时分钟返回空数据
2026-09-18 15:06:40,235 WARNING astock_signals.smart_router SmartRouter: minute_data_batch_partial via tushare FAILED: TuShare API 业务错误 code=429
2026-09-18 15:06:43,876 WARNING astock_signals.smart_router SmartRouter: minute_data_batch_partial via tushare FAILED: TuShare API 业务错误 code=429
2026-09-18 15:06:44,930 WARNING astock_signals.smart_router SmartRouter: minute_data_batch_partial via tushare FAILED: TuShare API 业务错误 code=429
2026-09-18 15:06:47,092 WARNING astock_signals.smart_router SmartRouter: minute_data_batch_partial via tushare FAILED: TuShare API 业务错误 code=429
2026-09-18 15:07:12,112 WARNING astock_signals.smart_router SmartRouter: minute_data via tushare FAILED: TuShare 实时分钟返回空数据
2026-09-18 15:07:25,163 WARNING astock_signals.smart_router SmartRouter: minute_data via tushare FAILED: TuShare 实时分钟返回空数据
2026-09-18 15:07:46,790 WARNING astock_signals.smart_router SmartRouter: minute_data via tushare FAILED: TuShare 实时分钟返回空数据
2026-09-18 15:07:47,765 INFO astock_signals.smart_router SmartRouter: sector_intraday_fund_flow via eastmoney skipped for this request: Eastmoney request queue is busy
2026-09-18 15:07:47,776 INFO astock_signals.smart_router SmartRouter: sector_intraday_fund_flow via eastmoney skipped for this request: Eastmoney request queue is busy
2026-09-18 15:07:47,787 INFO astock_signals.smart_router SmartRouter: sector_intraday_fund_flow via eastmoney skipped for this request: Eastmoney request queue is busy
2026-09-18 15:07:47,880 WARNING astock_signals.smart_router SmartRouter: minute_data_batch_partial via tushare FAILED: TuShare API 业务错误 code=429
2026-09-18 15:07:49,693 WARNING astock_signals.smart_router SmartRouter: minute_data_batch_partial via tushare FAILED: TuShare API 业务错误 code=429
2026-09-18 15:07:51,483 WARNING astock_signals.smart_router SmartRouter: minute_data_batch_partial via tushare FAILED: TuShare API 业务错误 code=429
2026-09-18 15:07:51,483 WARNING astock_signals.smart_router SmartRouter: minute_data_batch_partial via tushare FAILED: TuShare API 业务错误 code=429
2026-09-18 15:08:14,335 WARNING astock_signals.smart_router SmartRouter: minute_data via tushare FAILED: TuShare 实时分钟返回空数据
2026-09-18 15:08:40,302 WARNING astock_signals.smart_router SmartRouter: minute_data via tushare FAILED: TuShare 实时分钟返回空数据
2026-09-18 15:08:58,177 INFO astock_signals.smart_router SmartRouter: sector_intraday_fund_flow via eastmoney skipped for this request: Eastmoney request queue is busy
2026-09-18 15:08:58,192 INFO astock_signals.smart_router SmartRouter: sector_intraday_fund_flow via eastmoney skipped for this request: Eastmoney request queue is busy
2026-09-18 15:08:58,205 INFO astock_signals.smart_router SmartRouter: sector_intraday_fund_flow via eastmoney skipped for this request: Eastmoney request queue is busy
2026-09-18 15:09:26,874 INFO astock_signals.smart_router SmartRouter: sector_intraday_fund_flow via eastmoney skipped for this request: Eastmoney request queue is busy
2026-09-18 15:09:26,886 INFO astock_signals.smart_router SmartRouter: sector_intraday_fund_flow via eastmoney skipped for this request: Eastmoney request queue is busy
2026-09-18 15:09:26,899 INFO astock_signals.smart_router SmartRouter: sector_intraday_fund_flow via eastmoney skipped for this request: Eastmoney request queue is busy
2026-09-18 15:09:55,004 INFO astock_signals.smart_router SmartRouter: sector_intraday_fund_flow via eastmoney skipped for this request: Eastmoney request queue is busy
2026-09-18 15:09:55,015 INFO astock_signals.smart_router SmartRouter: sector_intraday_fund_flow via eastmoney skipped for this request: Eastmoney request queue is busy
2026-09-18 15:09:55,025 INFO astock_signals.smart_router SmartRouter: sector_intraday_fund_flow via eastmoney skipped for this request: Eastmoney request queue is busy
2026-09-18 15:10:20,965 INFO astock_signals.smart_router SmartRouter: sector_intraday_fund_flow via eastmoney skipped for this request: Eastmoney request queue is busy
2026-09-18 15:10:20,976 INFO astock_signals.smart_router SmartRouter: sector_intraday_fund_flow via eastmoney skipped for this request: Eastmoney request queue is busy
2026-09-18 15:10:23,009 INFO astock_signals.smart_router SmartRouter: sector_intraday_fund_flow via eastmoney skipped for this request: Eastmoney request queue is busy
2026-09-18 15:10:23,020 INFO astock_signals.smart_router SmartRouter: sector_intraday_fund_flow via eastmoney skipped for this request: Eastmoney request queue is busy
2026-09-18 15:10:23,030 INFO astock_signals.smart_router SmartRouter: sector_intraday_fund_flow via eastmoney skipped for this request: Eastmoney request queue is busy
2026-09-18 15:10:50,227 WARNING astock_signals.smart_router SmartRouter: limit_events via ths FAILED: 同花顺涨停池 info[0] 缺少必需字段 reason_type（第 1 页）
2026-09-18 15:10:50,227 WARNING tradex.dashboard.risk_service risk appetite component leadership_pool failed: All sources for 'limit_events' failed: ths: 同花顺涨停池 info[0] 缺少必需字段 reason_type（第 1 页）
2026-09-18 15:10:50,931 INFO astock_signals.smart_router SmartRouter: sector_intraday_fund_flow via eastmoney skipped for this request: Eastmoney request queue is busy
2026-09-18 15:10:50,942 INFO astock_signals.smart_router SmartRouter: sector_intraday_fund_flow via eastmoney skipped for this request: Eastmoney request queue is busy
2026-09-18 15:10:50,952 INFO astock_signals.smart_router SmartRouter: sector_intraday_fund_flow via eastmoney skipped for this request: Eastmoney request queue is busy
2026-09-18 15:10:52,516 WARNING tradex.http fetch_industry_quotes https://push2.eastmoney.com failed: Failed to perform, curl: (56) Connection closed abruptly. See https://curl.se/libcurl/c/libcurl-errors.html first for more details.
2026-09-18 15:11:00,631 WARNING tradex.http fetch_industry_quotes https://push2.eastmoney.com failed: Failed to perform, curl: (56) Connection closed abruptly. See https://curl.se/libcurl/c/libcurl-errors.html first for more details.
2026-09-18 15:11:08,382 INFO astock_signals.smart_router SmartRouter: sector_intraday_fund_flow via eastmoney skipped for this request: Eastmoney request queue is busy
2026-09-18 15:11:08,400 INFO astock_signals.smart_router SmartRouter: sector_intraday_fund_flow via eastmoney skipped for this request: Eastmoney request queue is busy
2026-09-18 15:11:08,418 INFO astock_signals.smart_router SmartRouter: sector_intraday_fund_flow via eastmoney skipped for this request: Eastmoney request queue is busy
2026-09-18 15:12:23,925 WARNING astock_signals.smart_router SmartRouter: minute_data_batch_partial via tushare FAILED: TuShare 实时分钟批量返回空数据
2026-09-18 15:12:23,956 WARNING tradex.http fetch_board_leaders BK0494 https://push2.eastmoney.com failed: Failed to perform, curl: (56) Connection closed abruptly. See https://curl.se/libcurl/c/libcurl-errors.html first for more details.
2026-09-18 15:12:26,360 WARNING tradex.http fetch_board_leaders BK0668 https://push2.eastmoney.com failed: Failed to perform, curl: (56) Connection closed abruptly. See https://curl.se/libcurl/c/libcurl-errors.html first for more details.
2026-09-18 15:12:29,206 WARNING tradex.http fetch_board_leaders BK0547 https://push2.eastmoney.com failed: Failed to perform, curl: (56) Connection closed abruptly. See https://curl.se/libcurl/c/libcurl-errors.html first for more details.
2026-09-18 15:12:31,959 WARNING tradex.http fetch_board_leaders BK0825 https://push2.eastmoney.com failed: Failed to perform, curl: (56) Connection closed abruptly. See https://curl.se/libcurl/c/libcurl-errors.html first for more details.
2026-09-18 15:12:35,046 WARNING tradex.http fetch_board_leaders BK1216 https://push2.eastmoney.com failed: Failed to perform, curl: (56) Connection closed abruptly. See https://curl.se/libcurl/c/libcurl-errors.html first for more details.
2026-09-18 15:12:37,539 WARNING tradex.http fetch_board_leaders BK0615 https://push2.eastmoney.com failed: Failed to perform, curl: (56) Connection closed abruptly. See https://curl.se/libcurl/c/libcurl-errors.html first for more details.
2026-09-18 15:12:40,428 WARNING tradex.http fetch_board_leaders BK0474 https://push2.eastmoney.com failed: Failed to perform, curl: (56) Connection closed abruptly. See https://curl.se/libcurl/c/libcurl-errors.html first for more details.
2026-09-18 15:12:42,949 WARNING tradex.http fetch_board_leaders BK0577 https://push2.eastmoney.com failed: Failed to perform, curl: (56) Connection closed abruptly. See https://curl.se/libcurl/c/libcurl-errors.html first for more details.
2026-09-18 15:12:45,433 WARNING tradex.http fetch_board_leaders BK0891 https://push2.eastmoney.com failed: Failed to perform, curl: (56) Connection closed abruptly. See https://curl.se/libcurl/c/libcurl-errors.html first for more details.
2026-09-18 15:12:47,998 WARNING tradex.http fetch_board_leaders BK0917 https://push2.eastmoney.com failed: Failed to perform, curl: (56) Connection closed abruptly. See https://curl.se/libcurl/c/libcurl-errors.html first for more details.
2026-09-18 15:12:50,634 WARNING tradex.http fetch_board_leaders BK1036 https://push2.eastmoney.com failed: Failed to perform, curl: (56) Connection closed abruptly. See https://curl.se/libcurl/c/libcurl-errors.html first for more details.
2026-09-18 15:12:53,232 WARNING tradex.http fetch_board_leaders BK1128 https://push2.eastmoney.com failed: Failed to perform, curl: (56) Connection closed abruptly. See https://curl.se/libcurl/c/libcurl-errors.html first for more details.
2026-09-18 15:12:55,319 WARNING tradex.http fetch_board_leaders BK1137 https://push2.eastmoney.com failed: Failed to perform, curl: (56) Connection closed abruptly. See https://curl.se/libcurl/c/libcurl-errors.html first for more details.
2026-09-18 15:12:57,510 WARNING tradex.http fetch_board_leaders BK0800 https://push2.eastmoney.com failed: Failed to perform, curl: (56) Connection closed abruptly. See https://curl.se/libcurl/c/libcurl-errors.html first for more details.
2026-09-18 15:13:00,278 WARNING tradex.http fetch_board_leaders BK1646 https://push2.eastmoney.com failed: Failed to perform, curl: (56) Connection closed abruptly. See https://curl.se/libcurl/c/libcurl-errors.html first for more details.
2026-09-18 15:13:02,690 WARNING tradex.http fetch_board_leaders BK1101 https://push2.eastmoney.com failed: Failed to perform, curl: (56) Connection closed abruptly. See https://curl.se/libcurl/c/libcurl-errors.html first for more details.
2026-09-18 15:13:12,163 WARNING astock_signals.smart_router SmartRouter: minute_data_batch_partial via tushare FAILED: TuShare 实时分钟批量返回空数据
2026-09-18 15:13:17,955 WARNING astock_signals.smart_router SmartRouter: limit_events via ths FAILED: 同花顺涨停池 info[0] 缺少必需字段 reason_type（第 1 页）
2026-09-18 15:13:18,213 INFO __main__ derived market-watch evidence ready resonance=43c34c2eecc20367f700a848a0bf02eb644f6e24e92b724dfd5522949b516bee entries=16 limit_up_pool=e74b2def4cb2fb0bc423a868d3e4f1da4263545007ad5b8a78d47f52eb6465ee total=78 phase=closed
2026-09-18 15:14:11,988 WARNING astock_signals.smart_router SmartRouter: minute_data_batch_partial via tushare FAILED: TuShare 实时分钟批量返回空数据
2026-09-18 15:15:01,360 WARNING astock_signals.smart_router SmartRouter: minute_data_batch_partial via tushare FAILED: TuShare 实时分钟批量返回空数据
2026-09-18 15:15:06,519 WARNING tradex.http sector minute fund flow push2 failed for BK1383: Failed to perform, curl: (56) Connection closed abruptly. See https://curl.se/libcurl/c/libcurl-errors.html first for more details.
2026-09-18 15:15:58,418 WARNING astock_signals.smart_router SmartRouter: minute_data_batch_partial via tushare FAILED: TuShare 实时分钟批量返回空数据
2026-09-18 15:16:54,357 WARNING astock_signals.smart_router SmartRouter: minute_data_batch_partial via tushare FAILED: TuShare 实时分钟批量返回空数据
2026-09-18 15:17:53,847 WARNING astock_signals.smart_router SmartRouter: minute_data_batch_partial via tushare FAILED: TuShare 实时分钟批量返回空数据
2026-09-18 15:18:45,072 WARNING astock_signals.smart_router SmartRouter: minute_data_batch_partial via tushare FAILED: TuShare 实时分钟批量返回空数据
2026-09-18 15:19:31,453 WARNING astock_signals.smart_router SmartRouter: minute_data_batch_partial via tushare FAILED: TuShare 实时分钟批量返回空数据
2026-09-18 15:20:19,968 WARNING astock_signals.smart_router SmartRouter: minute_data_batch_partial via tushare FAILED: TuShare 实时分钟批量返回空数据
2026-09-18 15:20:35,733 WARNING tradex.http sector minute fund flow push2 failed for BK1346: Failed to perform, curl: (56) Connection closed abruptly. See https://curl.se/libcurl/c/libcurl-errors.html first for more details.
2026-09-18 15:21:22,428 WARNING astock_signals.smart_router SmartRouter: market_universe via tushare DEADLINE: market_universe:tushare exceeded its total provider deadline
2026-09-18 15:21:27,423 WARNING astock_signals.smart_router SmartRouter: market_universe via akshare DEADLINE: market_universe:akshare exceeded its total provider deadline
Please wait for a moment:   0%|          | 0/70 [00:00<?, ?it/s]Please wait for a moment:   1%|▏         | 1/70 [00:00<00:09,  7.43it/s]Please wait for a moment:   3%|▎         | 2/70 [00:00<00:09,  6.96it/s]Please wait for a moment:   4%|▍         | 3/70 [00:00<00:09,  7.37it/s]Please wait for a moment:   6%|▌         | 4/70 [00:00<00:16,  4.11it/s]Please wait for a moment:   7%|▋         | 5/70 [00:00<00:13,  4.79it/s]Please wait for a moment:   9%|▊         | 6/70 [00:01<00:11,  5.41it/s]Please wait for a moment:  10%|█         | 7/70 [00:01<00:18,  3.50it/s]Please wait for a moment:  11%|█▏        | 8/70 [00:01<00:19,  3.14it/s]Please wait for a moment:  13%|█▎        | 9/70 [00:02<00:15,  3.82it/s]Please wait for a moment:  14%|█▍        | 10/70 [00:02<00:19,  3.05it/s]Please wait for a moment:  16%|█▌        | 11/70 [00:02<00:20,  2.90it/s]Please wait for a moment:  17%|█▋        | 12/70 [00:03<00:16,  3.55it/s]Please wait for a moment:  19%|█▊        | 13/70 [00:03<00:15,  3.79it/s]Please wait for a moment:  20%|██        | 14/70 [00:03<00:12,  4.37it/s]Please wait for a moment:  21%|██▏       | 15/70 [00:03<00:12,  4.26it/s]Please wait for a moment:  23%|██▎       | 16/70 [00:04<00:21,  2.49it/s]Please wait for a moment:  24%|██▍       | 17/70 [00:04<00:18,  2.86it/s]Please wait for a moment:  26%|██▌       | 18/70 [00:04<00:15,  3.35it/s]Please wait for a moment:  27%|██▋       | 19/70 [00:05<00:16,  3.02it/s]Please wait for a moment:  29%|██▊       | 20/70 [00:05<00:20,  2.48it/s]Please wait for a moment:  30%|███       | 21/70 [00:06<00:17,  2.76it/s]Please wait for a moment:  31%|███▏      | 22/70 [00:06<00:18,  2.57it/s]Please wait for a moment:  33%|███▎      | 23/70 [00:07<00:20,  2.28it/s]Please wait for a moment:  34%|███▍      | 24/70 [00:07<00:17,  2.60it/s]Please wait for a moment:  36%|███▌      | 25/70 [00:08<00:19,  2.28it/s]Please wait for a moment:  37%|███▋      | 26/70 [00:08<00:17,  2.57it/s]Please wait for a moment:  39%|███▊      | 27/70 [00:08<00:14,  2.96it/s]Please wait for a moment:  40%|████      | 28/70 [00:08<00:12,  3.23it/s]Please wait for a moment:  41%|████▏     | 29/70 [00:09<00:16,  2.52it/s]Please wait for a moment:  43%|████▎     | 30/70 [00:09<00:14,  2.75it/s]Please wait for a moment:  44%|████▍     | 31/70 [00:09<00:13,  2.96it/s]Please wait for a moment:  46%|████▌     | 32/70 [00:10<00:12,  3.11it/s]Please wait for a moment:  47%|████▋     | 33/70 [00:10<00:15,  2.37it/s]Please wait for a moment:  49%|████▊     | 34/70 [00:11<00:13,  2.60it/s]Please wait for a moment:  50%|█████     | 35/70 [00:11<00:12,  2.79it/s]Please wait for a moment:  51%|█████▏    | 36/70 [00:12<00:14,  2.29it/s]Please wait for a moment:  53%|█████▎    | 37/70 [00:12<00:13,  2.53it/s]Please wait for a moment:  54%|█████▍    | 38/70 [00:12<00:11,  2.70it/s]Please wait for a moment:  56%|█████▌    | 39/70 [00:12<00:10,  2.84it/s]Please wait for a moment:  57%|█████▋    | 40/70 [00:13<00:12,  2.31it/s]Please wait for a moment:  59%|█████▊    | 41/70 [00:14<00:13,  2.10it/s]Please wait for a moment:  60%|██████    | 42/70 [00:14<00:14,  1.92it/s]Please wait for a moment:  61%|██████▏   | 43/70 [00:15<00:12,  2.16it/s]Please wait for a moment:  63%|██████▎   | 44/70 [00:15<00:10,  2.40it/s]Please wait for a moment:  64%|██████▍   | 45/70 [00:15<00:09,  2.52it/s]Please wait for a moment:  66%|██████▌   | 46/70 [00:16<00:10,  2.23it/s]Please wait for a moment:  67%|██████▋   | 47/70 [00:16<00:10,  2.25it/s]Please wait for a moment:  69%|██████▊   | 48/70 [00:17<00:09,  2.41it/s]Please wait for a moment:  70%|███████   | 49/70 [00:17<00:10,  2.05it/s]Please wait for a moment:  71%|███████▏  | 50/70 [00:18<00:09,  2.22it/s]Please wait for a moment:  73%|███████▎  | 51/70 [00:18<00:08,  2.37it/s]Please wait for a moment:  74%|███████▍  | 52/70 [00:19<00:08,  2.02it/s]Please wait for a moment:  76%|███████▌  | 53/70 [00:19<00:07,  2.20it/s]Please wait for a moment:  77%|███████▋  | 54/70 [00:19<00:06,  2.35it/s]Please wait for a moment:  79%|███████▊  | 55/70 [00:20<00:05,  2.56it/s]Please wait for a moment:  80%|████████  | 56/70 [00:20<00:06,  2.03it/s]Please wait for a moment:  81%|████████▏ | 57/70 [00:21<00:05,  2.23it/s]Please wait for a moment:  83%|████████▎ | 58/70 [00:21<00:05,  2.26it/s]Please wait for a moment:  84%|████████▍ | 59/70 [00:22<00:05,  1.96it/s]Please wait for a moment:  86%|████████▌ | 60/70 [00:22<00:04,  2.29it/s]Please wait for a moment:  87%|████████▋ | 61/70 [00:23<00:03,  2.42it/s]Please wait for a moment:  89%|████████▊ | 62/70 [00:23<00:02,  2.79it/s]Please wait for a moment:  90%|█████████ | 63/70 [00:24<00:03,  1.94it/s]Please wait for a moment:  91%|█████████▏| 64/70 [00:24<00:02,  2.32it/s]Please wait for a moment:  93%|█████████▎| 65/70 [00:24<00:02,  2.38it/s]Please wait for a moment:  94%|█████████▍| 66/70 [00:25<00:01,  2.42it/s]Please wait for a moment:  96%|█████████▌| 67/70 [00:25<00:01,  1.93it/s]Please wait for a moment:  97%|█████████▋| 68/70 [00:26<00:00,  2.30it/s]Please wait for a moment:  99%|█████████▊| 69/70 [00:26<00:00,  2.32it/s]Please wait for a moment: 100%|██████████| 70/70 [00:26<00:00,  2.74it/s]                                                                         2026-09-18 15:22:26,760 WARNING astock_signals.smart_router SmartRouter: minute_data_batch_partial via tushare FAILED: TuShare 实时分钟批量返回空数据
2026-09-18 15:23:15,716 WARNING astock_signals.smart_router SmartRouter: minute_data_batch_partial via tushare FAILED: TuShare 实时分钟批量返回空数据
2026-09-18 15:24:10,500 WARNING astock_signals.smart_router SmartRouter: minute_data_batch_partial via tushare FAILED: TuShare 实时分钟批量返回空数据
2026-09-18 15:25:00,647 WARNING astock_signals.smart_router SmartRouter: minute_data_batch_partial via tushare FAILED: TuShare 实时分钟批量返回空数据
2026-09-18 15:25:49,747 WARNING astock_signals.smart_router SmartRouter: minute_data_batch_partial via tushare FAILED: TuShare 实时分钟批量返回空数据
2026-09-18 15:25:51,014 WARNING tradex.http sector minute fund flow push2 failed for BK1571: Failed to perform, curl: (56) Connection closed abruptly. See https://curl.se/libcurl/c/libcurl-errors.html first for more details.
2026-09-18 15:26:41,280 WARNING astock_signals.smart_router SmartRouter: minute_data_batch_partial via tushare FAILED: TuShare 实时分钟批量返回空数据
2026-09-18 15:27:30,108 WARNING astock_signals.smart_router SmartRouter: minute_data_batch_partial via tushare FAILED: TuShare 实时分钟批量返回空数据
2026-09-18 15:28:29,580 WARNING astock_signals.smart_router SmartRouter: minute_data_batch_partial via tushare FAILED: TuShare 实时分钟批量返回空数据
2026-09-18 15:29:21,211 WARNING astock_signals.smart_router SmartRouter: minute_data_batch_partial via tushare FAILED: TuShare 实时分钟批量返回空数据
2026-09-18 15:30:05,662 WARNING astock_signals.smart_router SmartRouter: minute_data_batch_partial via tushare FAILED: TuShare 实时分钟批量返回空数据
2026-09-18 15:31:03,352 WARNING astock_signals.smart_router SmartRouter: minute_data_batch_partial via tushare FAILED: TuShare 实时分钟批量返回空数据
2026-09-18 15:31:06,969 WARNING tradex.http sector minute fund flow push2 failed for BK0953: Failed to perform, curl: (56) Connection closed abruptly. See https://curl.se/libcurl/c/libcurl-errors.html first for more details.
2026-09-18 15:32:02,522 WARNING astock_signals.smart_router SmartRouter: minute_data_batch_partial via tushare FAILED: TuShare 实时分钟批量返回空数据
2026-09-18 15:32:55,165 WARNING astock_signals.smart_router SmartRouter: minute_data_batch_partial via tushare FAILED: TuShare 实时分钟批量返回空数据
2026-09-18 15:33:41,100 WARNING astock_signals.smart_router SmartRouter: minute_data_batch_partial via tushare FAILED: TuShare 实时分钟批量返回空数据
2026-09-18 15:34:35,572 WARNING astock_signals.smart_router SmartRouter: minute_data_batch_partial via tushare FAILED: TuShare 实时分钟批量返回空数据
2026-09-18 15:35:22,965 WARNING astock_signals.smart_router SmartRouter: minute_data_batch_partial via tushare FAILED: TuShare 实时分钟批量返回空数据
2026-09-18 15:36:17,507 WARNING astock_signals.smart_router SmartRouter: minute_data_batch_partial via tushare FAILED: TuShare 实时分钟批量返回空数据
2026-09-18 15:36:21,598 WARNING tradex.http sector minute fund flow push2 failed for BK1064: Failed to perform, curl: (56) Connection closed abruptly. See https://curl.se/libcurl/c/libcurl-errors.html first for more details.
2026-09-18 15:37:08,750 WARNING astock_signals.smart_router SmartRouter: minute_data_batch_partial via tushare FAILED: TuShare 实时分钟批量返回空数据
2026-09-18 15:38:02,559 WARNING astock_signals.smart_router SmartRouter: minute_data_batch_partial via tushare FAILED: TuShare 实时分钟批量返回空数据
2026-09-18 15:38:57,436 WARNING astock_signals.smart_router SmartRouter: minute_data_batch_partial via tushare FAILED: TuShare 实时分钟批量返回空数据
2026-09-18 15:39:57,781 WARNING astock_signals.smart_router SmartRouter: minute_data_batch_partial via tushare FAILED: TuShare API HTTP 请求失败
2026-09-18 15:40:53,866 WARNING astock_signals.smart_router SmartRouter: minute_data_batch_partial via tushare FAILED: TuShare 实时分钟批量返回空数据
2026-09-18 15:41:49,323 WARNING tradex.http sector minute fund flow push2 failed for BK1655: Failed to perform, curl: (56) Connection closed abruptly. See https://curl.se/libcurl/c/libcurl-errors.html first for more details.
2026-09-18 15:41:50,664 WARNING astock_signals.smart_router SmartRouter: minute_data_batch_partial via tushare FAILED: TuShare 实时分钟批量返回空数据
2026-09-18 15:42:35,024 WARNING astock_signals.smart_router SmartRouter: minute_data_batch_partial via tushare FAILED: TuShare 实时分钟批量返回空数据
2026-09-18 15:43:19,681 WARNING astock_signals.smart_router SmartRouter: minute_data_batch_partial via tushare FAILED: TuShare 实时分钟批量返回空数据
2026-09-18 15:44:21,342 WARNING astock_signals.smart_router SmartRouter: minute_data_batch_partial via tushare FAILED: TuShare 实时分钟批量返回空数据
2026-09-18 15:45:07,491 WARNING astock_signals.smart_router SmartRouter: minute_data_batch_partial via tushare FAILED: TuShare 实时分钟批量返回空数据
2026-09-18 15:45:56,293 WARNING astock_signals.smart_router SmartRouter: minute_data_batch_partial via tushare FAILED: TuShare 实时分钟批量返回空数据
2026-09-18 15:46:52,048 WARNING astock_signals.smart_router SmartRouter: minute_data_batch_partial via tushare FAILED: TuShare 实时分钟批量返回空数据
2026-09-18 15:47:26,420 WARNING tradex.http sector minute fund flow push2 failed for BK1710: Failed to perform, curl: (56) Connection closed abruptly. See https://curl.se/libcurl/c/libcurl-errors.html first for more details.
2026-09-18 15:47:47,181 WARNING astock_signals.smart_router SmartRouter: minute_data_batch_partial via tushare FAILED: TuShare 实时分钟批量返回空数据
2026-09-18 15:48:50,731 WARNING astock_signals.smart_router SmartRouter: minute_data_batch_partial via tushare FAILED: TuShare 实时分钟批量返回空数据
2026-09-18 15:49:49,548 WARNING astock_signals.smart_router SmartRouter: minute_data_batch_partial via tushare FAILED: TuShare 实时分钟批量返回空数据
2026-09-18 15:50:38,076 WARNING astock_signals.smart_router SmartRouter: minute_data_batch_partial via tushare FAILED: TuShare 实时分钟批量返回空数据
2026-09-18 15:51:18,343 WARNING astock_signals.smart_router SmartRouter: minute_data_batch_partial via tushare FAILED: TuShare 实时分钟批量返回空数据
2026-09-18 15:52:15,853 WARNING astock_signals.smart_router SmartRouter: minute_data_batch_partial via tushare FAILED: TuShare 实时分钟批量返回空数据
2026-09-18 15:53:03,337 WARNING astock_signals.smart_router SmartRouter: minute_data_batch_partial via tushare FAILED: TuShare 实时分钟批量返回空数据
2026-09-18 15:53:50,034 WARNING astock_signals.smart_router SmartRouter: minute_data_batch_partial via tushare FAILED: TuShare 实时分钟批量返回空数据
2026-09-18 15:54:07,845 INFO astock_signals.smart_router SmartRouter: sector_intraday_fund_flow via eastmoney skipped for this request: Eastmoney request queue is busy
2026-09-18 15:54:07,856 INFO astock_signals.smart_router SmartRouter: sector_intraday_fund_flow via eastmoney skipped for this request: Eastmoney request queue is busy
2026-09-18 15:54:07,870 INFO astock_signals.smart_router SmartRouter: sector_intraday_fund_flow via eastmoney skipped for this request: Eastmoney request queue is busy
2026-09-18 15:54:10,413 WARNING tradex.http fetch_industry_quotes https://push2.eastmoney.com failed: Failed to perform, curl: (56) Connection closed abruptly. See https://curl.se/libcurl/c/libcurl-errors.html first for more details.
2026-09-18 15:54:18,394 WARNING tradex.http fetch_industry_quotes https://push2.eastmoney.com failed: Failed to perform, curl: (56) Connection closed abruptly. See https://curl.se/libcurl/c/libcurl-errors.html first for more details.
2026-09-18 15:55:45,216 WARNING tradex.http fetch_board_leaders BK0494 https://push2.eastmoney.com failed: Failed to perform, curl: (56) Connection closed abruptly. See https://curl.se/libcurl/c/libcurl-errors.html first for more details.
2026-09-18 15:55:48,011 WARNING tradex.http fetch_board_leaders BK0668 https://push2.eastmoney.com failed: Failed to perform, curl: (56) Connection closed abruptly. See https://curl.se/libcurl/c/libcurl-errors.html first for more details.
2026-09-18 15:55:50,414 WARNING tradex.http fetch_board_leaders BK0547 https://push2.eastmoney.com failed: Failed to perform, curl: (56) Connection closed abruptly. See https://curl.se/libcurl/c/libcurl-errors.html first for more details.
2026-09-18 15:55:53,101 WARNING tradex.http fetch_board_leaders BK0825 https://push2.eastmoney.com failed: Failed to perform, curl: (56) Connection closed abruptly. See https://curl.se/libcurl/c/libcurl-errors.html first for more details.
2026-09-18 15:55:54,830 WARNING astock_signals.smart_router SmartRouter: minute_data_batch_partial via tushare FAILED: TuShare 实时分钟批量返回空数据
2026-09-18 15:55:55,761 WARNING tradex.http fetch_board_leaders BK1216 https://push2.eastmoney.com failed: Failed to perform, curl: (56) Connection closed abruptly. See https://curl.se/libcurl/c/libcurl-errors.html first for more details.
2026-09-18 15:55:58,833 WARNING tradex.http fetch_board_leaders BK0615 https://push2.eastmoney.com failed: Failed to perform, curl: (56) Connection closed abruptly. See https://curl.se/libcurl/c/libcurl-errors.html first for more details.
2026-09-18 15:56:01,220 WARNING tradex.http fetch_board_leaders BK0474 https://push2.eastmoney.com failed: Failed to perform, curl: (56) Connection closed abruptly. See https://curl.se/libcurl/c/libcurl-errors.html first for more details.
2026-09-18 15:56:04,263 WARNING tradex.http fetch_board_leaders BK0577 https://push2.eastmoney.com failed: Failed to perform, curl: (56) Connection closed abruptly. See https://curl.se/libcurl/c/libcurl-errors.html first for more details.
2026-09-18 15:56:06,233 WARNING tradex.http fetch_board_leaders BK0891 https://push2.eastmoney.com failed: Failed to perform, curl: (56) Connection closed abruptly. See https://curl.se/libcurl/c/libcurl-errors.html first for more details.
2026-09-18 15:56:09,522 WARNING tradex.http fetch_board_leaders BK0917 https://push2.eastmoney.com failed: Failed to perform, curl: (56) Connection closed abruptly. See https://curl.se/libcurl/c/libcurl-errors.html first for more details.
2026-09-18 15:56:11,747 WARNING tradex.http fetch_board_leaders BK1036 https://push2.eastmoney.com failed: Failed to perform, curl: (56) Connection closed abruptly. See https://curl.se/libcurl/c/libcurl-errors.html first for more details.
2026-09-18 15:56:14,419 WARNING tradex.http fetch_board_leaders BK1128 https://push2.eastmoney.com failed: Failed to perform, curl: (56) Connection closed abruptly. See https://curl.se/libcurl/c/libcurl-errors.html first for more details.
2026-09-18 15:56:17,068 WARNING tradex.http fetch_board_leaders BK1137 https://push2.eastmoney.com failed: Failed to perform, curl: (56) Connection closed abruptly. See https://curl.se/libcurl/c/libcurl-errors.html first for more details.
2026-09-18 15:56:19,411 WARNING tradex.http fetch_board_leaders BK0800 https://push2.eastmoney.com failed: Failed to perform, curl: (56) Connection closed abruptly. See https://curl.se/libcurl/c/libcurl-errors.html first for more details.
2026-09-18 15:56:22,726 WARNING tradex.http fetch_board_leaders BK1646 https://push2.eastmoney.com failed: Failed to perform, curl: (56) Connection closed abruptly. See https://curl.se/libcurl/c/libcurl-errors.html first for more details.
2026-09-18 15:56:25,108 WARNING tradex.http fetch_board_leaders BK1101 https://push2.eastmoney.com failed: Failed to perform, curl: (56) Connection closed abruptly. See https://curl.se/libcurl/c/libcurl-errors.html first for more details.
2026-09-18 15:56:38,791 INFO __main__ derived market-watch evidence ready resonance=dc9d83205aed7611615d3bb6b5c46342862cb31383cc3cd1ee90f64b68ae617b entries=16 limit_up_pool=bd88d9e3e3804231b53b24fc4c598eada356a6b03790ab79f14d603d6e773af8 total=78 phase=closed
2026-09-18 15:56:39,881 WARNING astock_signals.smart_router SmartRouter: minute_data_batch_partial via tushare FAILED: TuShare 实时分钟批量返回空数据
2026-09-18 15:57:29,946 WARNING astock_signals.smart_router SmartRouter: minute_data_batch_partial via tushare FAILED: TuShare 实时分钟批量返回空数据
2026-09-18 15:57:39,090 WARNING tradex.http sector minute fund flow push2 failed for BK1111: Failed to perform, curl: (56) Connection closed abruptly. See https://curl.se/libcurl/c/libcurl-errors.html first for more details.
2026-09-18 15:58:22,693 WARNING astock_signals.smart_router SmartRouter: minute_data_batch_partial via tushare FAILED: TuShare 实时分钟批量返回空数据
2026-09-18 15:59:05,297 WARNING astock_signals.smart_router SmartRouter: minute_data_batch_partial via tushare FAILED: TuShare 实时分钟批量返回空数据
2026-09-18 15:59:50,978 WARNING astock_signals.smart_router SmartRouter: minute_data_batch_partial via tushare FAILED: TuShare 实时分钟批量返回空数据
2026-09-18 16:00:46,545 WARNING astock_signals.smart_router SmartRouter: market_universe via tushare DEADLINE: market_universe:tushare exceeded its total provider deadline
2026-09-18 16:00:51,550 WARNING astock_signals.smart_router SmartRouter: market_universe via akshare DEADLINE: market_universe:akshare exceeded its total provider deadline
Please wait for a moment:   0%|          | 0/70 [00:00<?, ?it/s]Please wait for a moment:   1%|▏         | 1/70 [00:00<00:53,  1.30it/s]Please wait for a moment:   3%|▎         | 2/70 [00:00<00:28,  2.42it/s]Please wait for a moment:   4%|▍         | 3/70 [00:03<01:35,  1.42s/it]Please wait for a moment:   6%|▌         | 4/70 [00:03<01:05,  1.00it/s]Please wait for a moment:   7%|▋         | 5/70 [00:04<00:48,  1.34it/s]Please wait for a moment:   9%|▊         | 6/70 [00:04<00:39,  1.63it/s]Please wait for a moment:  10%|█         | 7/70 [00:04<00:32,  1.95it/s]Please wait for a moment:  11%|█▏        | 8/70 [00:05<00:33,  1.83it/s]Please wait for a moment:  13%|█▎        | 9/70 [00:05<00:28,  2.11it/s]Please wait for a moment:  14%|█▍        | 10/70 [00:06<00:25,  2.39it/s]Please wait for a moment:  16%|█▌        | 11/70 [00:06<00:22,  2.67it/s]Please wait for a moment:  17%|█▋        | 12/70 [00:06<00:19,  2.92it/s]Please wait for a moment:  19%|█▊        | 13/70 [00:07<00:30,  1.85it/s]Please wait for a moment:  20%|██        | 14/70 [00:08<00:34,  1.63it/s]Please wait for a moment:  21%|██▏       | 15/70 [00:08<00:28,  1.93it/s]Please wait for a moment:  23%|██▎       | 16/70 [00:09<00:35,  1.53it/s]Please wait for a moment:  24%|██▍       | 17/70 [00:10<00:29,  1.79it/s]Please wait for a moment:  26%|██▌       | 18/70 [00:10<00:25,  2.05it/s]Please wait for a moment:  27%|██▋       | 19/70 [00:10<00:20,  2.50it/s]Please wait for a moment:  29%|██▊       | 20/70 [00:11<00:26,  1.86it/s]Please wait for a moment:  30%|███       | 21/70 [00:11<00:23,  2.11it/s]Please wait for a moment:  31%|███▏      | 22/70 [00:12<00:22,  2.18it/s]                                                                         2026-09-18 16:01:41,648 WARNING astock_signals.smart_router SmartRouter: minute_data_batch_partial via tushare FAILED: TuShare 实时分钟批量返回空数据
2026-09-18 16:02:36,258 WARNING astock_signals.smart_router SmartRouter: minute_data_batch_partial via tushare FAILED: TuShare 实时分钟批量返回空数据
2026-09-18 16:03:24,089 WARNING astock_signals.smart_router SmartRouter: minute_data_batch_partial via tushare FAILED: TuShare 实时分钟批量返回空数据
2026-09-18 16:04:20,103 WARNING astock_signals.smart_router SmartRouter: minute_data_batch_partial via tushare FAILED: TuShare 实时分钟批量返回空数据
2026-09-18 16:05:24,782 WARNING astock_signals.smart_router SmartRouter: minute_data_batch_partial via tushare FAILED: TuShare 实时分钟批量返回空数据
2026-09-18 16:06:15,421 WARNING astock_signals.smart_router SmartRouter: minute_data_batch_partial via tushare FAILED: TuShare 实时分钟批量返回空数据
2026-09-18 16:07:02,806 WARNING astock_signals.smart_router SmartRouter: minute_data_batch_partial via tushare FAILED: TuShare 实时分钟批量返回空数据
2026-09-18 16:07:52,555 WARNING astock_signals.smart_router SmartRouter: minute_data_batch_partial via tushare FAILED: TuShare 实时分钟批量返回空数据
2026-09-18 16:08:40,986 WARNING astock_signals.smart_router SmartRouter: minute_data_batch_partial via tushare FAILED: TuShare 实时分钟批量返回空数据
